{"domain-registry": 1783045125.277229, "workspace-state": 1783076418.6660771}