✅ system.yaml task 计数已同步 (真源=tasks/ 目录)
  completed_tasks: 301 → 301
  planned_tasks: 7 → 7
  active_tasks: 1 → 1
  blocked_tasks: 1 → 1
  total_tasks: 310 → 310
  next_planned_tasks: 7 项 (从 planned/ 重建, 僵尸已清)
  next_active_tasks:  1 项 (从 active/ 重建)
  tasks/registry/INDEX.md: Active/Planned/Blocked 表+计数+Updated 已重建 (active=1, planned=7, blocked=1, done=301)
state-sync (apply): changed=4
  - changed: .omo/state/runtime/health.yaml
  - changed: .omo/state/system.yaml
  - changed: .omo/state/runtime/brief.md
  - changed: .omo/state/runtime/governance-data.json
  artifact: runtime/omo/_delivery/ingress/state/state-sync-2026-09-19T10-30-26Z.yaml
✅ system.yaml task 计数已同步 (真源=tasks/ 目录)
  completed_tasks: 301 → 301
  planned_tasks: 8 → 8
  active_tasks: 1 → 1
  blocked_tasks: 1 → 1
  total_tasks: 311 → 311
  next_planned_tasks: 8 项 (从 planned/ 重建, 僵尸已清)
  next_active_tasks:  1 项 (从 active/ 重建)
  tasks/registry/INDEX.md: Active/Planned/Blocked 表+计数+Updated 已重建 (active=1, planned=8, blocked=1, done=301)
state-sync (apply): changed=2
  - changed: .omo/state/runtime/health.yaml
  - changed: .omo/state/system.yaml
  - same: .omo/state/runtime/brief.md
  - same: .omo/state/runtime/governance-data.json
  artifact: runtime/omo/_delivery/ingress/state/state-sync-2026-09-19T11-01-22Z.yaml
✅ system.yaml task 计数已同步 (真源=tasks/ 目录)
  completed_tasks: 301 → 301
  planned_tasks: 8 → 8
  active_tasks: 1 → 1
  blocked_tasks: 1 → 1
  total_tasks: 311 → 311
  next_planned_tasks: 8 项 (从 planned/ 重建, 僵尸已清)
  next_active_tasks:  1 项 (从 active/ 重建)
  tasks/registry/INDEX.md: Active/Planned/Blocked 表+计数+Updated 已重建 (active=1, planned=8, blocked=1, done=301)
state-sync (apply): changed=2
  - changed: .omo/state/runtime/health.yaml
  - changed: .omo/state/system.yaml
  - same: .omo/state/runtime/brief.md
  - same: .omo/state/runtime/governance-data.json
  artifact: runtime/omo/_delivery/ingress/state/state-sync-2026-09-19T11-32-19Z.yaml
✅ system.yaml task 计数已同步 (真源=tasks/ 目录)
  completed_tasks: 301 → 301
  planned_tasks: 8 → 8
  active_tasks: 1 → 1
  blocked_tasks: 1 → 1
  total_tasks: 311 → 311
  next_planned_tasks: 8 项 (从 planned/ 重建, 僵尸已清)
  next_active_tasks:  1 项 (从 active/ 重建)
  tasks/registry/INDEX.md: Active/Planned/Blocked 表+计数+Updated 已重建 (active=1, planned=8, blocked=1, done=301)
state-sync (apply): changed=4
  - changed: .omo/state/runtime/health.yaml
  - changed: .omo/state/system.yaml
  - changed: .omo/state/runtime/brief.md
  - changed: .omo/state/runtime/governance-data.json
  artifact: runtime/omo/_delivery/ingress/state/state-sync-2026-09-19T12-02-44Z.yaml
✅ system.yaml task 计数已同步 (真源=tasks/ 目录)
  completed_tasks: 301 → 301
  planned_tasks: 5 → 5
  active_tasks: 1 → 1
  blocked_tasks: 1 → 1
  total_tasks: 308 → 308
  next_planned_tasks: 5 项 (从 planned/ 重建, 僵尸已清)
  next_active_tasks:  1 项 (从 active/ 重建)
  tasks/registry/INDEX.md: Active/Planned/Blocked 表+计数+Updated 已重建 (active=1, planned=5, blocked=1, done=301)
state-sync (apply): changed=4
  - changed: .omo/state/runtime/health.yaml
  - changed: .omo/state/system.yaml
  - changed: .omo/state/runtime/brief.md
  - changed: .omo/state/runtime/governance-data.json
  artifact: runtime/omo/_delivery/ingress/state/state-sync-2026-09-19T12-33-05Z.yaml
✅ system.yaml task 计数已同步 (真源=tasks/ 目录)
  completed_tasks: 301 → 301
  planned_tasks: 4 → 4
  active_tasks: 1 → 1
  blocked_tasks: 1 → 1
  total_tasks: 307 → 307
  next_planned_tasks: 4 项 (从 planned/ 重建, 僵尸已清)
  next_active_tasks:  1 项 (从 active/ 重建)
  tasks/registry/INDEX.md: Active/Planned/Blocked 表+计数+Updated 已重建 (active=1, planned=4, blocked=1, done=301)
state-sync (apply): changed=2
  - changed: .omo/state/runtime/health.yaml
  - changed: .omo/state/system.yaml
  - same: .omo/state/runtime/brief.md
  - same: .omo/state/runtime/governance-data.json
  artifact: runtime/omo/_delivery/ingress/state/state-sync-2026-09-19T13-03-29Z.yaml
✅ system.yaml task 计数已同步 (真源=tasks/ 目录)
  completed_tasks: 301 → 301
  planned_tasks: 3 → 3
  active_tasks: 1 → 1
  blocked_tasks: 1 → 1
  total_tasks: 306 → 306
  next_planned_tasks: 3 项 (从 planned/ 重建, 僵尸已清)
  next_active_tasks:  1 项 (从 active/ 重建)
  tasks/registry/INDEX.md: Active/Planned/Blocked 表+计数+Updated 已重建 (active=1, planned=3, blocked=1, done=301)
state-sync (apply): changed=2
  - changed: .omo/state/runtime/health.yaml
  - changed: .omo/state/system.yaml
  - same: .omo/state/runtime/brief.md
  - same: .omo/state/runtime/governance-data.json
  artifact: runtime/omo/_delivery/ingress/state/state-sync-2026-09-19T13-34-07Z.yaml
✅ system.yaml task 计数已同步 (真源=tasks/ 目录)
  completed_tasks: 301 → 301
  planned_tasks: 3 → 3
  active_tasks: 1 → 1
  blocked_tasks: 1 → 1
  total_tasks: 306 → 306
  next_planned_tasks: 3 项 (从 planned/ 重建, 僵尸已清)
  next_active_tasks:  1 项 (从 active/ 重建)
  tasks/registry/INDEX.md: Active/Planned/Blocked 表+计数+Updated 已重建 (active=1, planned=3, blocked=1, done=301)
state-sync (apply): changed=4
  - changed: .omo/state/runtime/health.yaml
  - changed: .omo/state/system.yaml
  - changed: .omo/state/runtime/brief.md
  - changed: .omo/state/runtime/governance-data.json
  artifact: runtime/omo/_delivery/ingress/state/state-sync-2026-09-19T14-04-34Z.yaml
✅ system.yaml task 计数已同步 (真源=tasks/ 目录)
  completed_tasks: 301 → 301
  planned_tasks: 2 → 2
  active_tasks: 1 → 1
  blocked_tasks: 1 → 1
  total_tasks: 305 → 305
  next_planned_tasks: 2 项 (从 planned/ 重建, 僵尸已清)
  next_active_tasks:  1 项 (从 active/ 重建)
  tasks/registry/INDEX.md: Active/Planned/Blocked 表+计数+Updated 已重建 (active=1, planned=2, blocked=1, done=301)
state-sync (apply): changed=4
  - changed: .omo/state/runtime/health.yaml
  - changed: .omo/state/system.yaml
  - changed: .omo/state/runtime/brief.md
  - changed: .omo/state/runtime/governance-data.json
  artifact: runtime/omo/_delivery/ingress/state/state-sync-2026-09-19T14-35-01Z.yaml
✅ system.yaml task 计数已同步 (真源=tasks/ 目录)
  completed_tasks: 301 → 301
  planned_tasks: 2 → 2
  active_tasks: 1 → 1
  blocked_tasks: 1 → 1
  total_tasks: 305 → 305
  next_planned_tasks: 2 项 (从 planned/ 重建, 僵尸已清)
  next_active_tasks:  1 项 (从 active/ 重建)
  tasks/registry/INDEX.md: Active/Planned/Blocked 表+计数+Updated 已重建 (active=1, planned=2, blocked=1, done=301)
state-sync (apply): changed=4
  - changed: .omo/state/runtime/health.yaml
  - changed: .omo/state/system.yaml
  - changed: .omo/state/runtime/brief.md
  - changed: .omo/state/runtime/governance-data.json
  artifact: runtime/omo/_delivery/ingress/state/state-sync-2026-09-19T15-05-33Z.yaml
✅ system.yaml task 计数已同步 (真源=tasks/ 目录)
  completed_tasks: 301 → 301
  planned_tasks: 2 → 2
  active_tasks: 1 → 1
  blocked_tasks: 1 → 1
  total_tasks: 305 → 305
  next_planned_tasks: 2 项 (从 planned/ 重建, 僵尸已清)
  next_active_tasks:  1 项 (从 active/ 重建)
  tasks/registry/INDEX.md: Active/Planned/Blocked 表+计数+Updated 已重建 (active=1, planned=2, blocked=1, done=301)
state-sync (apply): changed=2
  - changed: .omo/state/runtime/health.yaml
  - changed: .omo/state/system.yaml
  - same: .omo/state/runtime/brief.md
  - same: .omo/state/runtime/governance-data.json
  artifact: runtime/omo/_delivery/ingress/state/state-sync-2026-09-19T15-36-03Z.yaml
✅ system.yaml task 计数已同步 (真源=tasks/ 目录)
  completed_tasks: 301 → 301
  planned_tasks: 2 → 2
  active_tasks: 1 → 1
  blocked_tasks: 1 → 1
  total_tasks: 305 → 305
  next_planned_tasks: 2 项 (从 planned/ 重建, 僵尸已清)
  next_active_tasks:  1 项 (从 active/ 重建)
  tasks/registry/INDEX.md: Active/Planned/Blocked 表+计数+Updated 已重建 (active=1, planned=2, blocked=1, done=301)
state-sync (apply): changed=2
  - changed: .omo/state/runtime/health.yaml
  - changed: .omo/state/system.yaml
  - same: .omo/state/runtime/brief.md
  - same: .omo/state/runtime/governance-data.json
  artifact: runtime/omo/_delivery/ingress/state/state-sync-2026-09-19T16-06-29Z.yaml
✅ system.yaml task 计数已同步 (真源=tasks/ 目录)
  completed_tasks: 301 → 301
  planned_tasks: 2 → 2
  active_tasks: 1 → 1
  blocked_tasks: 1 → 1
  total_tasks: 305 → 305
  next_planned_tasks: 2 项 (从 planned/ 重建, 僵尸已清)
  next_active_tasks:  1 项 (从 active/ 重建)
  tasks/registry/INDEX.md: Active/Planned/Blocked 表+计数+Updated 已重建 (active=1, planned=2, blocked=1, done=301)
state-sync (apply): changed=2
  - changed: .omo/state/runtime/health.yaml
  - changed: .omo/state/system.yaml
  - same: .omo/state/runtime/brief.md
  - same: .omo/state/runtime/governance-data.json
  artifact: runtime/omo/_delivery/ingress/state/state-sync-2026-09-19T16-36-55Z.yaml
✅ system.yaml task 计数已同步 (真源=tasks/ 目录)
  completed_tasks: 301 → 301
  planned_tasks: 2 → 2
  active_tasks: 1 → 1
  blocked_tasks: 1 → 1
  total_tasks: 305 → 305
  next_planned_tasks: 2 项 (从 planned/ 重建, 僵尸已清)
  next_active_tasks:  1 项 (从 active/ 重建)
  tasks/registry/INDEX.md: Active/Planned/Blocked 表+计数+Updated 已重建 (active=1, planned=2, blocked=1, done=301)
state-sync (apply): changed=4
  - changed: .omo/state/runtime/health.yaml
  - changed: .omo/state/system.yaml
  - changed: .omo/state/runtime/brief.md
  - changed: .omo/state/runtime/governance-data.json
  artifact: runtime/omo/_delivery/ingress/state/state-sync-2026-09-19T17-07-16Z.yaml
✅ system.yaml task 计数已同步 (真源=tasks/ 目录)
  completed_tasks: 301 → 301
  planned_tasks: 2 → 2
  active_tasks: 1 → 1
  blocked_tasks: 1 → 1
  total_tasks: 305 → 305
  next_planned_tasks: 2 项 (从 planned/ 重建, 僵尸已清)
  next_active_tasks:  1 项 (从 active/ 重建)
  tasks/registry/INDEX.md: Active/Planned/Blocked 表+计数+Updated 已重建 (active=1, planned=2, blocked=1, done=301)
state-sync (apply): changed=2
  - changed: .omo/state/runtime/health.yaml
  - changed: .omo/state/system.yaml
  - same: .omo/state/runtime/brief.md
  - same: .omo/state/runtime/governance-data.json
  artifact: runtime/omo/_delivery/ingress/state/state-sync-2026-09-19T17-37-36Z.yaml
✅ system.yaml task 计数已同步 (真源=tasks/ 目录)
  completed_tasks: 301 → 301
  planned_tasks: 2 → 2
  active_tasks: 1 → 1
  blocked_tasks: 1 → 1
  total_tasks: 305 → 305
  next_planned_tasks: 2 项 (从 planned/ 重建, 僵尸已清)
  next_active_tasks:  1 项 (从 active/ 重建)
  tasks/registry/INDEX.md: Active/Planned/Blocked 表+计数+Updated 已重建 (active=1, planned=2, blocked=1, done=301)
state-sync (apply): changed=2
  - changed: .omo/state/runtime/health.yaml
  - changed: .omo/state/system.yaml
  - same: .omo/state/runtime/brief.md
  - same: .omo/state/runtime/governance-data.json
  artifact: runtime/omo/_delivery/ingress/state/state-sync-2026-09-19T18-07-56Z.yaml
✅ system.yaml task 计数已同步 (真源=tasks/ 目录)
  completed_tasks: 301 → 301
  planned_tasks: 2 → 2
  active_tasks: 1 → 1
  blocked_tasks: 1 → 1
  total_tasks: 305 → 305
  next_planned_tasks: 2 项 (从 planned/ 重建, 僵尸已清)
  next_active_tasks:  1 项 (从 active/ 重建)
  tasks/registry/INDEX.md: Active/Planned/Blocked 表+计数+Updated 已重建 (active=1, planned=2, blocked=1, done=301)
state-sync (apply): changed=4
  - changed: .omo/state/runtime/health.yaml
  - changed: .omo/state/system.yaml
  - changed: .omo/state/runtime/brief.md
  - changed: .omo/state/runtime/governance-data.json
  artifact: runtime/omo/_delivery/ingress/state/state-sync-2026-09-19T18-38-16Z.yaml
✅ system.yaml task 计数已同步 (真源=tasks/ 目录)
  completed_tasks: 301 → 301
  planned_tasks: 2 → 2
  active_tasks: 1 → 1
  blocked_tasks: 1 → 1
  total_tasks: 305 → 305
  next_planned_tasks: 2 项 (从 planned/ 重建, 僵尸已清)
  next_active_tasks:  1 项 (从 active/ 重建)
  tasks/registry/INDEX.md: Active/Planned/Blocked 表+计数+Updated 已重建 (active=1, planned=2, blocked=1, done=301)
state-sync (apply): changed=2
  - changed: .omo/state/runtime/health.yaml
  - changed: .omo/state/system.yaml
  - same: .omo/state/runtime/brief.md
  - same: .omo/state/runtime/governance-data.json
  artifact: runtime/omo/_delivery/ingress/state/state-sync-2026-09-19T19-08-39Z.yaml
✅ system.yaml task 计数已同步 (真源=tasks/ 目录)
  completed_tasks: 301 → 301
  planned_tasks: 2 → 2
  active_tasks: 1 → 1
  blocked_tasks: 1 → 1
  total_tasks: 305 → 305
  next_planned_tasks: 2 项 (从 planned/ 重建, 僵尸已清)
  next_active_tasks:  1 项 (从 active/ 重建)
  tasks/registry/INDEX.md: Active/Planned/Blocked 表+计数+Updated 已重建 (active=1, planned=2, blocked=1, done=301)
state-sync (apply): changed=2
  - changed: .omo/state/runtime/health.yaml
  - changed: .omo/state/system.yaml
  - same: .omo/state/runtime/brief.md
  - same: .omo/state/runtime/governance-data.json
  artifact: runtime/omo/_delivery/ingress/state/state-sync-2026-09-19T19-39-00Z.yaml
✅ system.yaml task 计数已同步 (真源=tasks/ 目录)
  completed_tasks: 301 → 301
  planned_tasks: 2 → 2
  active_tasks: 1 → 1
  blocked_tasks: 1 → 1
  total_tasks: 305 → 305
  next_planned_tasks: 2 项 (从 planned/ 重建, 僵尸已清)
  next_active_tasks:  1 项 (从 active/ 重建)
  tasks/registry/INDEX.md: Active/Planned/Blocked 表+计数+Updated 已重建 (active=1, planned=2, blocked=1, done=301)
state-sync (apply): changed=4
  - changed: .omo/state/runtime/health.yaml
  - changed: .omo/state/system.yaml
  - changed: .omo/state/runtime/brief.md
  - changed: .omo/state/runtime/governance-data.json
  artifact: runtime/omo/_delivery/ingress/state/state-sync-2026-09-19T20-09-22Z.yaml
✅ system.yaml task 计数已同步 (真源=tasks/ 目录)
  completed_tasks: 301 → 301
  planned_tasks: 2 → 2
  active_tasks: 1 → 1
  blocked_tasks: 1 → 1
  total_tasks: 305 → 305
  next_planned_tasks: 2 项 (从 planned/ 重建, 僵尸已清)
  next_active_tasks:  1 项 (从 active/ 重建)
  tasks/registry/INDEX.md: Active/Planned/Blocked 表+计数+Updated 已重建 (active=1, planned=2, blocked=1, done=301)
state-sync (apply): changed=2
  - changed: .omo/state/runtime/health.yaml
  - changed: .omo/state/system.yaml
  - same: .omo/state/runtime/brief.md
  - same: .omo/state/runtime/governance-data.json
  artifact: runtime/omo/_delivery/ingress/state/state-sync-2026-09-19T20-39-43Z.yaml
✅ system.yaml task 计数已同步 (真源=tasks/ 目录)
  completed_tasks: 301 → 301
  planned_tasks: 2 → 2
  active_tasks: 1 → 1
  blocked_tasks: 1 → 1
  total_tasks: 305 → 305
  next_planned_tasks: 2 项 (从 planned/ 重建, 僵尸已清)
  next_active_tasks:  1 项 (从 active/ 重建)
  tasks/registry/INDEX.md: Active/Planned/Blocked 表+计数+Updated 已重建 (active=1, planned=2, blocked=1, done=301)
state-sync (apply): changed=2
  - changed: .omo/state/runtime/health.yaml
  - changed: .omo/state/system.yaml
  - same: .omo/state/runtime/brief.md
  - same: .omo/state/runtime/governance-data.json
  artifact: runtime/omo/_delivery/ingress/state/state-sync-2026-09-19T21-10-04Z.yaml
✅ system.yaml task 计数已同步 (真源=tasks/ 目录)
  completed_tasks: 301 → 301
  planned_tasks: 2 → 2
  active_tasks: 1 → 1
  blocked_tasks: 1 → 1
  total_tasks: 305 → 305
  next_planned_tasks: 2 项 (从 planned/ 重建, 僵尸已清)
  next_active_tasks:  1 项 (从 active/ 重建)
  tasks/registry/INDEX.md: Active/Planned/Blocked 表+计数+Updated 已重建 (active=1, planned=2, blocked=1, done=301)
state-sync (apply): changed=4
  - changed: .omo/state/runtime/health.yaml
  - changed: .omo/state/system.yaml
  - changed: .omo/state/runtime/brief.md
  - changed: .omo/state/runtime/governance-data.json
  artifact: runtime/omo/_delivery/ingress/state/state-sync-2026-09-19T21-40-27Z.yaml
✅ system.yaml task 计数已同步 (真源=tasks/ 目录)
  completed_tasks: 301 → 301
  planned_tasks: 2 → 2
  active_tasks: 1 → 1
  blocked_tasks: 1 → 1
  total_tasks: 305 → 305
  next_planned_tasks: 2 项 (从 planned/ 重建, 僵尸已清)
  next_active_tasks:  1 项 (从 active/ 重建)
  tasks/registry/INDEX.md: Active/Planned/Blocked 表+计数+Updated 已重建 (active=1, planned=2, blocked=1, done=301)
state-sync (apply): changed=2
  - changed: .omo/state/runtime/health.yaml
  - changed: .omo/state/system.yaml
  - same: .omo/state/runtime/brief.md
  - same: .omo/state/runtime/governance-data.json
  artifact: runtime/omo/_delivery/ingress/state/state-sync-2026-09-19T22-10-46Z.yaml
✅ system.yaml task 计数已同步 (真源=tasks/ 目录)
  completed_tasks: 301 → 301
  planned_tasks: 2 → 2
  active_tasks: 1 → 1
  blocked_tasks: 1 → 1
  total_tasks: 305 → 305
  next_planned_tasks: 2 项 (从 planned/ 重建, 僵尸已清)
  next_active_tasks:  1 项 (从 active/ 重建)
  tasks/registry/INDEX.md: Active/Planned/Blocked 表+计数+Updated 已重建 (active=1, planned=2, blocked=1, done=301)
state-sync (apply): changed=4
  - changed: .omo/state/runtime/health.yaml
  - changed: .omo/state/system.yaml
  - changed: .omo/state/runtime/brief.md
  - changed: .omo/state/runtime/governance-data.json
  artifact: runtime/omo/_delivery/ingress/state/state-sync-2026-09-19T22-41-08Z.yaml
✅ system.yaml task 计数已同步 (真源=tasks/ 目录)
  completed_tasks: 301 → 301
  planned_tasks: 2 → 2
  active_tasks: 1 → 1
  blocked_tasks: 1 → 1
  total_tasks: 305 → 305
  next_planned_tasks: 2 项 (从 planned/ 重建, 僵尸已清)
  next_active_tasks:  1 项 (从 active/ 重建)
  tasks/registry/INDEX.md: Active/Planned/Blocked 表+计数+Updated 已重建 (active=1, planned=2, blocked=1, done=301)
state-sync (apply): changed=4
  - changed: .omo/state/runtime/health.yaml
  - changed: .omo/state/system.yaml
  - changed: .omo/state/runtime/brief.md
  - changed: .omo/state/runtime/governance-data.json
  artifact: runtime/omo/_delivery/ingress/state/state-sync-2026-09-19T23-11-29Z.yaml
✅ system.yaml task 计数已同步 (真源=tasks/ 目录)
  completed_tasks: 301 → 301
  planned_tasks: 0 → 0
  active_tasks: 1 → 1
  blocked_tasks: 1 → 1
  total_tasks: 303 → 303
  next_planned_tasks: 0 项 (从 planned/ 重建, 僵尸已清)
  next_active_tasks:  1 项 (从 active/ 重建)
  tasks/registry/INDEX.md: Active/Planned/Blocked 表+计数+Updated 已重建 (active=1, planned=0, blocked=1, done=301)
state-sync (apply): changed=4
  - changed: .omo/state/runtime/health.yaml
  - changed: .omo/state/system.yaml
  - changed: .omo/state/runtime/brief.md
  - changed: .omo/state/runtime/governance-data.json
  artifact: runtime/omo/_delivery/ingress/state/state-sync-2026-09-19T23-41-51Z.yaml
✅ system.yaml task 计数已同步 (真源=tasks/ 目录)
  completed_tasks: 301 → 301
  planned_tasks: 0 → 0
  active_tasks: 1 → 1
  blocked_tasks: 1 → 1
  total_tasks: 303 → 303
  next_planned_tasks: 0 项 (从 planned/ 重建, 僵尸已清)
  next_active_tasks:  1 项 (从 active/ 重建)
  tasks/registry/INDEX.md: Active/Planned/Blocked 表+计数+Updated 已重建 (active=1, planned=0, blocked=1, done=301)
state-sync (apply): changed=2
  - changed: .omo/state/runtime/health.yaml
  - changed: .omo/state/system.yaml
  - same: .omo/state/runtime/brief.md
  - same: .omo/state/runtime/governance-data.json
  artifact: runtime/omo/_delivery/ingress/state/state-sync-2026-09-20T00-25-50Z.yaml
✅ system.yaml task 计数已同步 (真源=tasks/ 目录)
  completed_tasks: 301 → 301
  planned_tasks: 0 → 0
  active_tasks: 1 → 1
  blocked_tasks: 1 → 1
  total_tasks: 303 → 303
  next_planned_tasks: 0 项 (从 planned/ 重建, 僵尸已清)
  next_active_tasks:  1 项 (从 active/ 重建)
  tasks/registry/INDEX.md: Active/Planned/Blocked 表+计数+Updated 已重建 (active=1, planned=0, blocked=1, done=301)
state-sync (apply): changed=4
  - changed: .omo/state/runtime/health.yaml
  - changed: .omo/state/system.yaml
  - changed: .omo/state/runtime/brief.md
  - changed: .omo/state/runtime/governance-data.json
  artifact: runtime/omo/_delivery/ingress/state/state-sync-2026-09-20T01-31-07Z.yaml
✅ system.yaml task 计数已同步 (真源=tasks/ 目录)
  completed_tasks: 301 → 301
  planned_tasks: 0 → 0
  active_tasks: 1 → 1
  blocked_tasks: 1 → 1
  total_tasks: 303 → 303
  next_planned_tasks: 0 项 (从 planned/ 重建, 僵尸已清)
  next_active_tasks:  1 项 (从 active/ 重建)
  tasks/registry/INDEX.md: Active/Planned/Blocked 表+计数+Updated 已重建 (active=1, planned=0, blocked=1, done=301)
state-sync (apply): changed=2
  - changed: .omo/state/runtime/health.yaml
  - changed: .omo/state/system.yaml
  - same: .omo/state/runtime/brief.md
  - same: .omo/state/runtime/governance-data.json
  artifact: runtime/omo/_delivery/ingress/state/state-sync-2026-09-20T02-01-33Z.yaml
✅ system.yaml task 计数已同步 (真源=tasks/ 目录)
  completed_tasks: 301 → 301
  planned_tasks: 0 → 0
  active_tasks: 1 → 1
  blocked_tasks: 1 → 1
  total_tasks: 303 → 303
  next_planned_tasks: 0 项 (从 planned/ 重建, 僵尸已清)
  next_active_tasks:  1 项 (从 active/ 重建)
  tasks/registry/INDEX.md: Active/Planned/Blocked 表+计数+Updated 已重建 (active=1, planned=0, blocked=1, done=301)
state-sync (apply): changed=2
  - changed: .omo/state/runtime/health.yaml
  - changed: .omo/state/system.yaml
  - same: .omo/state/runtime/brief.md
  - same: .omo/state/runtime/governance-data.json
  artifact: runtime/omo/_delivery/ingress/state/state-sync-2026-09-20T02-31-40Z.yaml
✅ system.yaml task 计数已同步 (真源=tasks/ 目录)
  completed_tasks: 301 → 302
  planned_tasks: 0 → 0
  active_tasks: 1 → 1
  blocked_tasks: 1 → 1
  total_tasks: 303 → 304
  next_planned_tasks: 0 项 (从 planned/ 重建, 僵尸已清)
  next_active_tasks:  1 项 (从 active/ 重建)
  tasks/registry/INDEX.md: Active/Planned/Blocked 表+计数+Updated 已重建 (active=1, planned=0, blocked=1, done=302)
state-sync (apply): changed=4
  - changed: .omo/state/runtime/health.yaml
  - changed: .omo/state/system.yaml
  - changed: .omo/state/runtime/brief.md
  - changed: .omo/state/runtime/governance-data.json
  artifact: runtime/omo/_delivery/ingress/state/state-sync-2026-09-20T03-01-57Z.yaml
✅ system.yaml task 计数已同步 (真源=tasks/ 目录)
  completed_tasks: 301 → 302
  planned_tasks: 0 → 0
  active_tasks: 1 → 1
  blocked_tasks: 1 → 1
  total_tasks: 303 → 304
  next_planned_tasks: 0 项 (从 planned/ 重建, 僵尸已清)
  next_active_tasks:  1 项 (从 active/ 重建)
  tasks/registry/INDEX.md: Active/Planned/Blocked 表+计数+Updated 已重建 (active=1, planned=0, blocked=1, done=302)
state-sync (apply): changed=4
  - changed: .omo/state/runtime/health.yaml
  - changed: .omo/state/system.yaml
  - changed: .omo/state/runtime/brief.md
  - changed: .omo/state/runtime/governance-data.json
  artifact: runtime/omo/_delivery/ingress/state/state-sync-2026-09-20T03-32-51Z.yaml
✅ system.yaml task 计数已同步 (真源=tasks/ 目录)
  completed_tasks: 302 → 302
  planned_tasks: 0 → 0
  active_tasks: 1 → 1
  blocked_tasks: 1 → 1
  total_tasks: 304 → 304
  next_planned_tasks: 0 项 (从 planned/ 重建, 僵尸已清)
  next_active_tasks:  1 项 (从 active/ 重建)
  tasks/registry/INDEX.md: Active/Planned/Blocked 表+计数+Updated 已重建 (active=1, planned=0, blocked=1, done=302)
state-sync (apply): changed=2
  - changed: .omo/state/runtime/health.yaml
  - changed: .omo/state/system.yaml
  - same: .omo/state/runtime/brief.md
  - same: .omo/state/runtime/governance-data.json
  artifact: runtime/omo/_delivery/ingress/state/state-sync-2026-09-20T04-03-06Z.yaml
✅ system.yaml task 计数已同步 (真源=tasks/ 目录)
  completed_tasks: 301 → 302
  planned_tasks: 0 → 0
  active_tasks: 1 → 1
  blocked_tasks: 1 → 1
  total_tasks: 303 → 304
  next_planned_tasks: 0 项 (从 planned/ 重建, 僵尸已清)
  next_active_tasks:  1 项 (从 active/ 重建)
  tasks/registry/INDEX.md: Active/Planned/Blocked 表+计数+Updated 已重建 (active=1, planned=0, blocked=1, done=302)
state-sync (apply): changed=2
  - changed: .omo/state/runtime/health.yaml
  - changed: .omo/state/system.yaml
  - same: .omo/state/runtime/brief.md
  - same: .omo/state/runtime/governance-data.json
  artifact: runtime/omo/_delivery/ingress/state/state-sync-2026-09-20T04-33-14Z.yaml
✅ system.yaml task 计数已同步 (真源=tasks/ 目录)
  completed_tasks: 302 → 302
  planned_tasks: 0 → 0
  active_tasks: 1 → 1
  blocked_tasks: 1 → 1
  total_tasks: 304 → 304
  next_planned_tasks: 0 项 (从 planned/ 重建, 僵尸已清)
  next_active_tasks:  1 项 (从 active/ 重建)
  tasks/registry/INDEX.md: Active/Planned/Blocked 表+计数+Updated 已重建 (active=1, planned=0, blocked=1, done=302)
state-sync (apply): changed=2
  - changed: .omo/state/runtime/health.yaml
  - changed: .omo/state/system.yaml
  - same: .omo/state/runtime/brief.md
  - same: .omo/state/runtime/governance-data.json
  artifact: runtime/omo/_delivery/ingress/state/state-sync-2026-09-20T05-03-21Z.yaml
✅ system.yaml task 计数已同步 (真源=tasks/ 目录)
  completed_tasks: 302 → 302
  planned_tasks: 0 → 0
  active_tasks: 1 → 1
  blocked_tasks: 1 → 1
  total_tasks: 304 → 304
  next_planned_tasks: 0 项 (从 planned/ 重建, 僵尸已清)
  next_active_tasks:  1 项 (从 active/ 重建)
  tasks/registry/INDEX.md: Active/Planned/Blocked 表+计数+Updated 已重建 (active=1, planned=0, blocked=1, done=302)
state-sync (apply): changed=2
  - changed: .omo/state/runtime/health.yaml
  - changed: .omo/state/system.yaml
  - same: .omo/state/runtime/brief.md
  - same: .omo/state/runtime/governance-data.json
  artifact: runtime/omo/_delivery/ingress/state/state-sync-2026-09-20T05-33-28Z.yaml
✅ system.yaml task 计数已同步 (真源=tasks/ 目录)
  completed_tasks: 302 → 302
  planned_tasks: 0 → 0
  active_tasks: 1 → 1
  blocked_tasks: 1 → 1
  total_tasks: 304 → 304
  next_planned_tasks: 0 项 (从 planned/ 重建, 僵尸已清)
  next_active_tasks:  1 项 (从 active/ 重建)
  tasks/registry/INDEX.md: Active/Planned/Blocked 表+计数+Updated 已重建 (active=1, planned=0, blocked=1, done=302)
state-sync (apply): changed=2
  - changed: .omo/state/runtime/health.yaml
  - changed: .omo/state/system.yaml
  - same: .omo/state/runtime/brief.md
  - same: .omo/state/runtime/governance-data.json
  artifact: runtime/omo/_delivery/ingress/state/state-sync-2026-09-20T06-03-35Z.yaml
✅ system.yaml task 计数已同步 (真源=tasks/ 目录)
  completed_tasks: 301 → 302
  planned_tasks: 0 → 0
  active_tasks: 1 → 1
  blocked_tasks: 1 → 1
  total_tasks: 303 → 304
  next_planned_tasks: 0 项 (从 planned/ 重建, 僵尸已清)
  next_active_tasks:  1 项 (从 active/ 重建)
  tasks/registry/INDEX.md: Active/Planned/Blocked 表+计数+Updated 已重建 (active=1, planned=0, blocked=1, done=302)
state-sync (apply): changed=2
  - changed: .omo/state/runtime/health.yaml
  - changed: .omo/state/system.yaml
  - same: .omo/state/runtime/brief.md
  - same: .omo/state/runtime/governance-data.json
  artifact: runtime/omo/_delivery/ingress/state/state-sync-2026-09-20T06-33-53Z.yaml
✅ system.yaml task 计数已同步 (真源=tasks/ 目录)
  completed_tasks: 301 → 304
  planned_tasks: 0 → 0
  active_tasks: 1 → 1
  blocked_tasks: 1 → 1
  total_tasks: 303 → 306
  next_planned_tasks: 0 项 (从 planned/ 重建, 僵尸已清)
  next_active_tasks:  1 项 (从 active/ 重建)
  tasks/registry/INDEX.md: Active/Planned/Blocked 表+计数+Updated 已重建 (active=1, planned=0, blocked=1, done=304)
state-sync (apply): changed=3
  - changed: .omo/state/runtime/health.yaml
  - changed: .omo/state/system.yaml
  - changed: .omo/state/runtime/brief.md
  - same: .omo/state/runtime/governance-data.json
  artifact: runtime/omo/_delivery/ingress/state/state-sync-2026-09-20T07-04-02Z.yaml
✅ system.yaml task 计数已同步 (真源=tasks/ 目录)
  completed_tasks: 304 → 305
  planned_tasks: 0 → 0
  active_tasks: 1 → 1
  blocked_tasks: 1 → 1
  total_tasks: 306 → 307
  next_planned_tasks: 0 项 (从 planned/ 重建, 僵尸已清)
  next_active_tasks:  1 项 (从 active/ 重建)
  tasks/registry/INDEX.md: Active/Planned/Blocked 表+计数+Updated 已重建 (active=1, planned=0, blocked=1, done=305)
state-sync (apply): changed=3
  - changed: .omo/state/runtime/health.yaml
  - changed: .omo/state/system.yaml
  - changed: .omo/state/runtime/brief.md
  - same: .omo/state/runtime/governance-data.json
  artifact: runtime/omo/_delivery/ingress/state/state-sync-2026-09-20T07-34-10Z.yaml
✅ system.yaml task 计数已同步 (真源=tasks/ 目录)
  completed_tasks: 301 → 301
  planned_tasks: 0 → 0
  active_tasks: 1 → 1
  blocked_tasks: 1 → 1
  total_tasks: 303 → 303
  next_planned_tasks: 0 项 (从 planned/ 重建, 僵尸已清)
  next_active_tasks:  1 项 (从 active/ 重建)
  tasks/registry/INDEX.md: Active/Planned/Blocked 表+计数+Updated 已重建 (active=1, planned=0, blocked=1, done=301)
state-sync (apply): changed=2
  - changed: .omo/state/runtime/health.yaml
  - changed: .omo/state/system.yaml
  - same: .omo/state/runtime/brief.md
  - same: .omo/state/runtime/governance-data.json
  artifact: runtime/omo/_delivery/ingress/state/state-sync-2026-09-20T08-04-20Z.yaml
✅ system.yaml task 计数已同步 (真源=tasks/ 目录)
  completed_tasks: 301 → 301
  planned_tasks: 0 → 0
  active_tasks: 1 → 1
  blocked_tasks: 1 → 1
  total_tasks: 303 → 303
  next_planned_tasks: 0 项 (从 planned/ 重建, 僵尸已清)
  next_active_tasks:  1 项 (从 active/ 重建)
  tasks/registry/INDEX.md: Active/Planned/Blocked 表+计数+Updated 已重建 (active=1, planned=0, blocked=1, done=301)
state-sync (apply): changed=2
  - changed: .omo/state/runtime/health.yaml
  - changed: .omo/state/system.yaml
  - same: .omo/state/runtime/brief.md
  - same: .omo/state/runtime/governance-data.json
  artifact: runtime/omo/_delivery/ingress/state/state-sync-2026-09-20T08-34-28Z.yaml
✅ system.yaml task 计数已同步 (真源=tasks/ 目录)
  completed_tasks: 301 → 301
  planned_tasks: 0 → 0
  active_tasks: 1 → 1
  blocked_tasks: 1 → 1
  total_tasks: 303 → 303
  next_planned_tasks: 0 项 (从 planned/ 重建, 僵尸已清)
  next_active_tasks:  1 项 (从 active/ 重建)
  tasks/registry/INDEX.md: Active/Planned/Blocked 表+计数+Updated 已重建 (active=1, planned=0, blocked=1, done=301)
state-sync (apply): changed=2
  - changed: .omo/state/runtime/health.yaml
  - changed: .omo/state/system.yaml
  - same: .omo/state/runtime/brief.md
  - same: .omo/state/runtime/governance-data.json
  artifact: runtime/omo/_delivery/ingress/state/state-sync-2026-09-20T09-04-37Z.yaml
✅ system.yaml task 计数已同步 (真源=tasks/ 目录)
  completed_tasks: 301 → 301
  planned_tasks: 0 → 0
  active_tasks: 1 → 1
  blocked_tasks: 1 → 1
  total_tasks: 303 → 303
  next_planned_tasks: 0 项 (从 planned/ 重建, 僵尸已清)
  next_active_tasks:  1 项 (从 active/ 重建)
  tasks/registry/INDEX.md: Active/Planned/Blocked 表+计数+Updated 已重建 (active=1, planned=0, blocked=1, done=301)
state-sync (apply): changed=2
  - changed: .omo/state/runtime/health.yaml
  - changed: .omo/state/system.yaml
  - same: .omo/state/runtime/brief.md
  - same: .omo/state/runtime/governance-data.json
  artifact: runtime/omo/_delivery/ingress/state/state-sync-2026-09-20T09-34-44Z.yaml
✅ system.yaml task 计数已同步 (真源=tasks/ 目录)
  completed_tasks: 301 → 301
  planned_tasks: 0 → 0
  active_tasks: 1 → 1
  blocked_tasks: 1 → 1
  total_tasks: 303 → 303
  next_planned_tasks: 0 项 (从 planned/ 重建, 僵尸已清)
  next_active_tasks:  1 项 (从 active/ 重建)
  tasks/registry/INDEX.md: Active/Planned/Blocked 表+计数+Updated 已重建 (active=1, planned=0, blocked=1, done=301)
state-sync (apply): changed=2
  - changed: .omo/state/runtime/health.yaml
  - changed: .omo/state/system.yaml
  - same: .omo/state/runtime/brief.md
  - same: .omo/state/runtime/governance-data.json
  artifact: runtime/omo/_delivery/ingress/state/state-sync-2026-09-20T10-04-52Z.yaml
✅ system.yaml task 计数已同步 (真源=tasks/ 目录)
  completed_tasks: 301 → 301
  planned_tasks: 0 → 0
  active_tasks: 1 → 1
  blocked_tasks: 1 → 1
  total_tasks: 303 → 303
  next_planned_tasks: 0 项 (从 planned/ 重建, 僵尸已清)
  next_active_tasks:  1 项 (从 active/ 重建)
  tasks/registry/INDEX.md: Active/Planned/Blocked 表+计数+Updated 已重建 (active=1, planned=0, blocked=1, done=301)
state-sync (apply): changed=2
  - changed: .omo/state/runtime/health.yaml
  - changed: .omo/state/system.yaml
  - same: .omo/state/runtime/brief.md
  - same: .omo/state/runtime/governance-data.json
  artifact: runtime/omo/_delivery/ingress/state/state-sync-2026-09-20T10-34-59Z.yaml
✅ system.yaml task 计数已同步 (真源=tasks/ 目录)
  completed_tasks: 301 → 301
  planned_tasks: 0 → 0
  active_tasks: 1 → 1
  blocked_tasks: 1 → 1
  total_tasks: 303 → 303
  next_planned_tasks: 0 项 (从 planned/ 重建, 僵尸已清)
  next_active_tasks:  1 项 (从 active/ 重建)
  tasks/registry/INDEX.md: Active/Planned/Blocked 表+计数+Updated 已重建 (active=1, planned=0, blocked=1, done=301)
state-sync (apply): changed=2
  - changed: .omo/state/runtime/health.yaml
  - changed: .omo/state/system.yaml
  - same: .omo/state/runtime/brief.md
  - same: .omo/state/runtime/governance-data.json
  artifact: runtime/omo/_delivery/ingress/state/state-sync-2026-09-20T11-05-07Z.yaml
✅ system.yaml task 计数已同步 (真源=tasks/ 目录)
  completed_tasks: 301 → 301
  planned_tasks: 0 → 0
  active_tasks: 1 → 1
  blocked_tasks: 1 → 1
  total_tasks: 303 → 303
  next_planned_tasks: 0 项 (从 planned/ 重建, 僵尸已清)
  next_active_tasks:  1 项 (从 active/ 重建)
  tasks/registry/INDEX.md: Active/Planned/Blocked 表+计数+Updated 已重建 (active=1, planned=0, blocked=1, done=301)
state-sync (apply): changed=2
  - changed: .omo/state/runtime/health.yaml
  - changed: .omo/state/system.yaml
  - same: .omo/state/runtime/brief.md
  - same: .omo/state/runtime/governance-data.json
  artifact: runtime/omo/_delivery/ingress/state/state-sync-2026-09-20T11-35-15Z.yaml
✅ system.yaml task 计数已同步 (真源=tasks/ 目录)
  completed_tasks: 301 → 301
  planned_tasks: 0 → 0
  active_tasks: 1 → 1
  blocked_tasks: 1 → 1
  total_tasks: 303 → 303
  next_planned_tasks: 0 项 (从 planned/ 重建, 僵尸已清)
  next_active_tasks:  1 项 (从 active/ 重建)
  tasks/registry/INDEX.md: Active/Planned/Blocked 表+计数+Updated 已重建 (active=1, planned=0, blocked=1, done=301)
state-sync (apply): changed=2
  - changed: .omo/state/runtime/health.yaml
  - changed: .omo/state/system.yaml
  - same: .omo/state/runtime/brief.md
  - same: .omo/state/runtime/governance-data.json
  artifact: runtime/omo/_delivery/ingress/state/state-sync-2026-09-20T12-05-23Z.yaml
✅ system.yaml task 计数已同步 (真源=tasks/ 目录)
  completed_tasks: 301 → 301
  planned_tasks: 0 → 0
  active_tasks: 1 → 1
  blocked_tasks: 1 → 1
  total_tasks: 303 → 303
  next_planned_tasks: 0 项 (从 planned/ 重建, 僵尸已清)
  next_active_tasks:  1 项 (从 active/ 重建)
  tasks/registry/INDEX.md: Active/Planned/Blocked 表+计数+Updated 已重建 (active=1, planned=0, blocked=1, done=301)
state-sync (apply): changed=2
  - changed: .omo/state/runtime/health.yaml
  - changed: .omo/state/system.yaml
  - same: .omo/state/runtime/brief.md
  - same: .omo/state/runtime/governance-data.json
  artifact: runtime/omo/_delivery/ingress/state/state-sync-2026-09-20T12-35-31Z.yaml
✅ system.yaml task 计数已同步 (真源=tasks/ 目录)
  completed_tasks: 301 → 301
  planned_tasks: 0 → 0
  active_tasks: 1 → 1
  blocked_tasks: 1 → 1
  total_tasks: 303 → 303
  next_planned_tasks: 0 项 (从 planned/ 重建, 僵尸已清)
  next_active_tasks:  1 项 (从 active/ 重建)
  tasks/registry/INDEX.md: Active/Planned/Blocked 表+计数+Updated 已重建 (active=1, planned=0, blocked=1, done=301)
state-sync (apply): changed=2
  - changed: .omo/state/runtime/health.yaml
  - changed: .omo/state/system.yaml
  - same: .omo/state/runtime/brief.md
  - same: .omo/state/runtime/governance-data.json
  artifact: runtime/omo/_delivery/ingress/state/state-sync-2026-09-20T13-05-39Z.yaml
✅ system.yaml task 计数已同步 (真源=tasks/ 目录)
  completed_tasks: 301 → 301
  planned_tasks: 0 → 0
  active_tasks: 1 → 1
  blocked_tasks: 1 → 1
  total_tasks: 303 → 303
  next_planned_tasks: 0 项 (从 planned/ 重建, 僵尸已清)
  next_active_tasks:  1 项 (从 active/ 重建)
  tasks/registry/INDEX.md: Active/Planned/Blocked 表+计数+Updated 已重建 (active=1, planned=0, blocked=1, done=301)
state-sync (apply): changed=2
  - changed: .omo/state/runtime/health.yaml
  - changed: .omo/state/system.yaml
  - same: .omo/state/runtime/brief.md
  - same: .omo/state/runtime/governance-data.json
  artifact: runtime/omo/_delivery/ingress/state/state-sync-2026-09-20T13-35-47Z.yaml
✅ system.yaml task 计数已同步 (真源=tasks/ 目录)
  completed_tasks: 301 → 301
  planned_tasks: 0 → 0
  active_tasks: 1 → 1
  blocked_tasks: 1 → 1
  total_tasks: 303 → 303
  next_planned_tasks: 0 项 (从 planned/ 重建, 僵尸已清)
  next_active_tasks:  1 项 (从 active/ 重建)
  tasks/registry/INDEX.md: Active/Planned/Blocked 表+计数+Updated 已重建 (active=1, planned=0, blocked=1, done=301)
state-sync (apply): changed=2
  - changed: .omo/state/runtime/health.yaml
  - changed: .omo/state/system.yaml
  - same: .omo/state/runtime/brief.md
  - same: .omo/state/runtime/governance-data.json
  artifact: runtime/omo/_delivery/ingress/state/state-sync-2026-09-20T14-05-54Z.yaml
✅ system.yaml task 计数已同步 (真源=tasks/ 目录)
  completed_tasks: 301 → 301
  planned_tasks: 0 → 0
  active_tasks: 1 → 1
  blocked_tasks: 1 → 1
  total_tasks: 303 → 303
  next_planned_tasks: 0 项 (从 planned/ 重建, 僵尸已清)
  next_active_tasks:  1 项 (从 active/ 重建)
  tasks/registry/INDEX.md: Active/Planned/Blocked 表+计数+Updated 已重建 (active=1, planned=0, blocked=1, done=301)
state-sync (apply): changed=2
  - changed: .omo/state/runtime/health.yaml
  - changed: .omo/state/system.yaml
  - same: .omo/state/runtime/brief.md
  - same: .omo/state/runtime/governance-data.json
  artifact: runtime/omo/_delivery/ingress/state/state-sync-2026-09-20T14-36-02Z.yaml
✅ system.yaml task 计数已同步 (真源=tasks/ 目录)
  completed_tasks: 301 → 301
  planned_tasks: 0 → 0
  active_tasks: 1 → 1
  blocked_tasks: 1 → 1
  total_tasks: 303 → 303
  next_planned_tasks: 0 项 (从 planned/ 重建, 僵尸已清)
  next_active_tasks:  1 项 (从 active/ 重建)
  tasks/registry/INDEX.md: Active/Planned/Blocked 表+计数+Updated 已重建 (active=1, planned=0, blocked=1, done=301)
state-sync (apply): changed=2
  - changed: .omo/state/runtime/health.yaml
  - changed: .omo/state/system.yaml
  - same: .omo/state/runtime/brief.md
  - same: .omo/state/runtime/governance-data.json
  artifact: runtime/omo/_delivery/ingress/state/state-sync-2026-09-20T15-06-10Z.yaml
✅ system.yaml task 计数已同步 (真源=tasks/ 目录)
  completed_tasks: 301 → 301
  planned_tasks: 0 → 0
  active_tasks: 1 → 1
  blocked_tasks: 1 → 1
  total_tasks: 303 → 303
  next_planned_tasks: 0 项 (从 planned/ 重建, 僵尸已清)
  next_active_tasks:  1 项 (从 active/ 重建)
  tasks/registry/INDEX.md: Active/Planned/Blocked 表+计数+Updated 已重建 (active=1, planned=0, blocked=1, done=301)
state-sync (apply): changed=2
  - changed: .omo/state/runtime/health.yaml
  - changed: .omo/state/system.yaml
  - same: .omo/state/runtime/brief.md
  - same: .omo/state/runtime/governance-data.json
  artifact: runtime/omo/_delivery/ingress/state/state-sync-2026-09-20T15-36-18Z.yaml
✅ system.yaml task 计数已同步 (真源=tasks/ 目录)
  completed_tasks: 301 → 301
  planned_tasks: 0 → 0
  active_tasks: 1 → 1
  blocked_tasks: 1 → 1
  total_tasks: 303 → 303
  next_planned_tasks: 0 项 (从 planned/ 重建, 僵尸已清)
  next_active_tasks:  1 项 (从 active/ 重建)
  tasks/registry/INDEX.md: Active/Planned/Blocked 表+计数+Updated 已重建 (active=1, planned=0, blocked=1, done=301)
state-sync (apply): changed=2
  - changed: .omo/state/runtime/health.yaml
  - changed: .omo/state/system.yaml
  - same: .omo/state/runtime/brief.md
  - same: .omo/state/runtime/governance-data.json
  artifact: runtime/omo/_delivery/ingress/state/state-sync-2026-09-20T16-06-26Z.yaml
✅ system.yaml task 计数已同步 (真源=tasks/ 目录)
  completed_tasks: 301 → 301
  planned_tasks: 0 → 0
  active_tasks: 1 → 1
  blocked_tasks: 1 → 1
  total_tasks: 303 → 303
  next_planned_tasks: 0 项 (从 planned/ 重建, 僵尸已清)
  next_active_tasks:  1 项 (从 active/ 重建)
  tasks/registry/INDEX.md: Active/Planned/Blocked 表+计数+Updated 已重建 (active=1, planned=0, blocked=1, done=301)
state-sync (apply): changed=2
  - changed: .omo/state/runtime/health.yaml
  - changed: .omo/state/system.yaml
  - same: .omo/state/runtime/brief.md
  - same: .omo/state/runtime/governance-data.json
  artifact: runtime/omo/_delivery/ingress/state/state-sync-2026-09-20T16-36-34Z.yaml
✅ system.yaml task 计数已同步 (真源=tasks/ 目录)
  completed_tasks: 301 → 301
  planned_tasks: 0 → 0
  active_tasks: 1 → 1
  blocked_tasks: 1 → 1
  total_tasks: 303 → 303
  next_planned_tasks: 0 项 (从 planned/ 重建, 僵尸已清)
  next_active_tasks:  1 项 (从 active/ 重建)
  tasks/registry/INDEX.md: Active/Planned/Blocked 表+计数+Updated 已重建 (active=1, planned=0, blocked=1, done=301)
state-sync (apply): changed=2
  - changed: .omo/state/runtime/health.yaml
  - changed: .omo/state/system.yaml
  - same: .omo/state/runtime/brief.md
  - same: .omo/state/runtime/governance-data.json
  artifact: runtime/omo/_delivery/ingress/state/state-sync-2026-09-20T17-06-41Z.yaml
✅ system.yaml task 计数已同步 (真源=tasks/ 目录)
  completed_tasks: 301 → 301
  planned_tasks: 0 → 0
  active_tasks: 1 → 1
  blocked_tasks: 1 → 1
  total_tasks: 303 → 303
  next_planned_tasks: 0 项 (从 planned/ 重建, 僵尸已清)
  next_active_tasks:  1 项 (从 active/ 重建)
  tasks/registry/INDEX.md: Active/Planned/Blocked 表+计数+Updated 已重建 (active=1, planned=0, blocked=1, done=301)
state-sync (apply): changed=2
  - changed: .omo/state/runtime/health.yaml
  - changed: .omo/state/system.yaml
  - same: .omo/state/runtime/brief.md
  - same: .omo/state/runtime/governance-data.json
  artifact: runtime/omo/_delivery/ingress/state/state-sync-2026-09-20T17-36-49Z.yaml
✅ system.yaml task 计数已同步 (真源=tasks/ 目录)
  completed_tasks: 301 → 301
  planned_tasks: 0 → 0
  active_tasks: 1 → 1
  blocked_tasks: 1 → 1
  total_tasks: 303 → 303
  next_planned_tasks: 0 项 (从 planned/ 重建, 僵尸已清)
  next_active_tasks:  1 项 (从 active/ 重建)
  tasks/registry/INDEX.md: Active/Planned/Blocked 表+计数+Updated 已重建 (active=1, planned=0, blocked=1, done=301)
state-sync (apply): changed=2
  - changed: .omo/state/runtime/health.yaml
  - changed: .omo/state/system.yaml
  - same: .omo/state/runtime/brief.md
  - same: .omo/state/runtime/governance-data.json
  artifact: runtime/omo/_delivery/ingress/state/state-sync-2026-09-20T18-06-56Z.yaml
✅ system.yaml task 计数已同步 (真源=tasks/ 目录)
  completed_tasks: 301 → 301
  planned_tasks: 0 → 0
  active_tasks: 1 → 1
  blocked_tasks: 1 → 1
  total_tasks: 303 → 303
  next_planned_tasks: 0 项 (从 planned/ 重建, 僵尸已清)
  next_active_tasks:  1 项 (从 active/ 重建)
  tasks/registry/INDEX.md: Active/Planned/Blocked 表+计数+Updated 已重建 (active=1, planned=0, blocked=1, done=301)
state-sync (apply): changed=2
  - changed: .omo/state/runtime/health.yaml
  - changed: .omo/state/system.yaml
  - same: .omo/state/runtime/brief.md
  - same: .omo/state/runtime/governance-data.json
  artifact: runtime/omo/_delivery/ingress/state/state-sync-2026-09-20T18-37-03Z.yaml
✅ system.yaml task 计数已同步 (真源=tasks/ 目录)
  completed_tasks: 301 → 301
  planned_tasks: 0 → 0
  active_tasks: 1 → 1
  blocked_tasks: 1 → 1
  total_tasks: 303 → 303
  next_planned_tasks: 0 项 (从 planned/ 重建, 僵尸已清)
  next_active_tasks:  1 项 (从 active/ 重建)
  tasks/registry/INDEX.md: Active/Planned/Blocked 表+计数+Updated 已重建 (active=1, planned=0, blocked=1, done=301)
state-sync (apply): changed=2
  - changed: .omo/state/runtime/health.yaml
  - changed: .omo/state/system.yaml
  - same: .omo/state/runtime/brief.md
  - same: .omo/state/runtime/governance-data.json
  artifact: runtime/omo/_delivery/ingress/state/state-sync-2026-09-20T19-07-10Z.yaml
✅ system.yaml task 计数已同步 (真源=tasks/ 目录)
  completed_tasks: 301 → 301
  planned_tasks: 0 → 0
  active_tasks: 1 → 1
  blocked_tasks: 1 → 1
  total_tasks: 303 → 303
  next_planned_tasks: 0 项 (从 planned/ 重建, 僵尸已清)
  next_active_tasks:  1 项 (从 active/ 重建)
  tasks/registry/INDEX.md: Active/Planned/Blocked 表+计数+Updated 已重建 (active=1, planned=0, blocked=1, done=301)
state-sync (apply): changed=2
  - changed: .omo/state/runtime/health.yaml
  - changed: .omo/state/system.yaml
  - same: .omo/state/runtime/brief.md
  - same: .omo/state/runtime/governance-data.json
  artifact: runtime/omo/_delivery/ingress/state/state-sync-2026-09-20T19-37-17Z.yaml
✅ system.yaml task 计数已同步 (真源=tasks/ 目录)
  completed_tasks: 301 → 301
  planned_tasks: 0 → 0
  active_tasks: 1 → 1
  blocked_tasks: 1 → 1
  total_tasks: 303 → 303
  next_planned_tasks: 0 项 (从 planned/ 重建, 僵尸已清)
  next_active_tasks:  1 项 (从 active/ 重建)
  tasks/registry/INDEX.md: Active/Planned/Blocked 表+计数+Updated 已重建 (active=1, planned=0, blocked=1, done=301)
state-sync (apply): changed=2
  - changed: .omo/state/runtime/health.yaml
  - changed: .omo/state/system.yaml
  - same: .omo/state/runtime/brief.md
  - same: .omo/state/runtime/governance-data.json
  artifact: runtime/omo/_delivery/ingress/state/state-sync-2026-09-20T20-07-24Z.yaml
✅ system.yaml task 计数已同步 (真源=tasks/ 目录)
  completed_tasks: 301 → 301
  planned_tasks: 0 → 0
  active_tasks: 1 → 1
  blocked_tasks: 1 → 1
  total_tasks: 303 → 303
  next_planned_tasks: 0 项 (从 planned/ 重建, 僵尸已清)
  next_active_tasks:  1 项 (从 active/ 重建)
  tasks/registry/INDEX.md: Active/Planned/Blocked 表+计数+Updated 已重建 (active=1, planned=0, blocked=1, done=301)
state-sync (apply): changed=2
  - changed: .omo/state/runtime/health.yaml
  - changed: .omo/state/system.yaml
  - same: .omo/state/runtime/brief.md
  - same: .omo/state/runtime/governance-data.json
  artifact: runtime/omo/_delivery/ingress/state/state-sync-2026-09-20T20-37-31Z.yaml
✅ system.yaml task 计数已同步 (真源=tasks/ 目录)
  completed_tasks: 301 → 301
  planned_tasks: 0 → 0
  active_tasks: 1 → 1
  blocked_tasks: 1 → 1
  total_tasks: 303 → 303
  next_planned_tasks: 0 项 (从 planned/ 重建, 僵尸已清)
  next_active_tasks:  1 项 (从 active/ 重建)
  tasks/registry/INDEX.md: Active/Planned/Blocked 表+计数+Updated 已重建 (active=1, planned=0, blocked=1, done=301)
state-sync (apply): changed=2
  - changed: .omo/state/runtime/health.yaml
  - changed: .omo/state/system.yaml
  - same: .omo/state/runtime/brief.md
  - same: .omo/state/runtime/governance-data.json
  artifact: runtime/omo/_delivery/ingress/state/state-sync-2026-09-20T21-07-39Z.yaml
✅ system.yaml task 计数已同步 (真源=tasks/ 目录)
  completed_tasks: 301 → 301
  planned_tasks: 0 → 0
  active_tasks: 1 → 1
  blocked_tasks: 1 → 1
  total_tasks: 303 → 303
  next_planned_tasks: 0 项 (从 planned/ 重建, 僵尸已清)
  next_active_tasks:  1 项 (从 active/ 重建)
  tasks/registry/INDEX.md: Active/Planned/Blocked 表+计数+Updated 已重建 (active=1, planned=0, blocked=1, done=301)
state-sync (apply): changed=2
  - changed: .omo/state/runtime/health.yaml
  - changed: .omo/state/system.yaml
  - same: .omo/state/runtime/brief.md
  - same: .omo/state/runtime/governance-data.json
  artifact: runtime/omo/_delivery/ingress/state/state-sync-2026-09-20T21-37-46Z.yaml
✅ system.yaml task 计数已同步 (真源=tasks/ 目录)
  completed_tasks: 301 → 301
  planned_tasks: 0 → 0
  active_tasks: 1 → 1
  blocked_tasks: 1 → 1
  total_tasks: 303 → 303
  next_planned_tasks: 0 项 (从 planned/ 重建, 僵尸已清)
  next_active_tasks:  1 项 (从 active/ 重建)
  tasks/registry/INDEX.md: Active/Planned/Blocked 表+计数+Updated 已重建 (active=1, planned=0, blocked=1, done=301)
state-sync (apply): changed=2
  - changed: .omo/state/runtime/health.yaml
  - changed: .omo/state/system.yaml
  - same: .omo/state/runtime/brief.md
  - same: .omo/state/runtime/governance-data.json
  artifact: runtime/omo/_delivery/ingress/state/state-sync-2026-09-20T22-07-53Z.yaml
✅ system.yaml task 计数已同步 (真源=tasks/ 目录)
  completed_tasks: 301 → 301
  planned_tasks: 0 → 0
  active_tasks: 1 → 1
  blocked_tasks: 1 → 1
  total_tasks: 303 → 303
  next_planned_tasks: 0 项 (从 planned/ 重建, 僵尸已清)
  next_active_tasks:  1 项 (从 active/ 重建)
  tasks/registry/INDEX.md: Active/Planned/Blocked 表+计数+Updated 已重建 (active=1, planned=0, blocked=1, done=301)
state-sync (apply): changed=2
  - changed: .omo/state/runtime/health.yaml
  - changed: .omo/state/system.yaml
  - same: .omo/state/runtime/brief.md
  - same: .omo/state/runtime/governance-data.json
  artifact: runtime/omo/_delivery/ingress/state/state-sync-2026-09-20T22-38-01Z.yaml
✅ system.yaml task 计数已同步 (真源=tasks/ 目录)
  completed_tasks: 301 → 301
  planned_tasks: 0 → 0
  active_tasks: 1 → 1
  blocked_tasks: 1 → 1
  total_tasks: 303 → 303
  next_planned_tasks: 0 项 (从 planned/ 重建, 僵尸已清)
  next_active_tasks:  1 项 (从 active/ 重建)
  tasks/registry/INDEX.md: Active/Planned/Blocked 表+计数+Updated 已重建 (active=1, planned=0, blocked=1, done=301)
state-sync (apply): changed=2
  - changed: .omo/state/runtime/health.yaml
  - changed: .omo/state/system.yaml
  - same: .omo/state/runtime/brief.md
  - same: .omo/state/runtime/governance-data.json
  artifact: runtime/omo/_delivery/ingress/state/state-sync-2026-09-20T23-08-08Z.yaml
✅ system.yaml task 计数已同步 (真源=tasks/ 目录)
  completed_tasks: 301 → 301
  planned_tasks: 0 → 0
  active_tasks: 1 → 1
  blocked_tasks: 1 → 1
  total_tasks: 303 → 303
  next_planned_tasks: 0 项 (从 planned/ 重建, 僵尸已清)
  next_active_tasks:  1 项 (从 active/ 重建)
  tasks/registry/INDEX.md: Active/Planned/Blocked 表+计数+Updated 已重建 (active=1, planned=0, blocked=1, done=301)
state-sync (apply): changed=2
  - changed: .omo/state/runtime/health.yaml
  - changed: .omo/state/system.yaml
  - same: .omo/state/runtime/brief.md
  - same: .omo/state/runtime/governance-data.json
  artifact: runtime/omo/_delivery/ingress/state/state-sync-2026-09-20T23-38-15Z.yaml
✅ system.yaml task 计数已同步 (真源=tasks/ 目录)
  completed_tasks: 301 → 301
  planned_tasks: 0 → 0
  active_tasks: 1 → 1
  blocked_tasks: 1 → 1
  total_tasks: 303 → 303
  next_planned_tasks: 0 项 (从 planned/ 重建, 僵尸已清)
  next_active_tasks:  1 项 (从 active/ 重建)
  tasks/registry/INDEX.md: Active/Planned/Blocked 表+计数+Updated 已重建 (active=1, planned=0, blocked=1, done=301)
state-sync (apply): changed=2
  - changed: .omo/state/runtime/health.yaml
  - changed: .omo/state/system.yaml
  - same: .omo/state/runtime/brief.md
  - same: .omo/state/runtime/governance-data.json
  artifact: runtime/omo/_delivery/ingress/state/state-sync-2026-09-21T00-08-22Z.yaml
✅ system.yaml task 计数已同步 (真源=tasks/ 目录)
  completed_tasks: 301 → 301
  planned_tasks: 0 → 0
  active_tasks: 1 → 1
  blocked_tasks: 1 → 1
  total_tasks: 303 → 303
  next_planned_tasks: 0 项 (从 planned/ 重建, 僵尸已清)
  next_active_tasks:  1 项 (从 active/ 重建)
  tasks/registry/INDEX.md: Active/Planned/Blocked 表+计数+Updated 已重建 (active=1, planned=0, blocked=1, done=301)
state-sync (apply): changed=2
  - changed: .omo/state/runtime/health.yaml
  - changed: .omo/state/system.yaml
  - same: .omo/state/runtime/brief.md
  - same: .omo/state/runtime/governance-data.json
  artifact: runtime/omo/_delivery/ingress/state/state-sync-2026-09-21T00-38-30Z.yaml
✅ system.yaml task 计数已同步 (真源=tasks/ 目录)
  completed_tasks: 301 → 301
  planned_tasks: 0 → 0
  active_tasks: 1 → 1
  blocked_tasks: 1 → 1
  total_tasks: 303 → 303
  next_planned_tasks: 0 项 (从 planned/ 重建, 僵尸已清)
  next_active_tasks:  1 项 (从 active/ 重建)
  tasks/registry/INDEX.md: Active/Planned/Blocked 表+计数+Updated 已重建 (active=1, planned=0, blocked=1, done=301)
state-sync (apply): changed=2
  - changed: .omo/state/runtime/health.yaml
  - changed: .omo/state/system.yaml
  - same: .omo/state/runtime/brief.md
  - same: .omo/state/runtime/governance-data.json
  artifact: runtime/omo/_delivery/ingress/state/state-sync-2026-09-21T01-08-37Z.yaml
✅ system.yaml task 计数已同步 (真源=tasks/ 目录)
  completed_tasks: 301 → 301
  planned_tasks: 0 → 0
  active_tasks: 1 → 1
  blocked_tasks: 1 → 1
  total_tasks: 303 → 303
  next_planned_tasks: 0 项 (从 planned/ 重建, 僵尸已清)
  next_active_tasks:  1 项 (从 active/ 重建)
  tasks/registry/INDEX.md: Active/Planned/Blocked 表+计数+Updated 已重建 (active=1, planned=0, blocked=1, done=301)
state-sync (apply): changed=2
  - changed: .omo/state/runtime/health.yaml
  - changed: .omo/state/system.yaml
  - same: .omo/state/runtime/brief.md
  - same: .omo/state/runtime/governance-data.json
  artifact: runtime/omo/_delivery/ingress/state/state-sync-2026-09-21T01-38-45Z.yaml
✅ system.yaml task 计数已同步 (真源=tasks/ 目录)
  completed_tasks: 301 → 301
  planned_tasks: 0 → 0
  active_tasks: 1 → 1
  blocked_tasks: 1 → 1
  total_tasks: 303 → 303
  next_planned_tasks: 0 项 (从 planned/ 重建, 僵尸已清)
  next_active_tasks:  1 项 (从 active/ 重建)
  tasks/registry/INDEX.md: Active/Planned/Blocked 表+计数+Updated 已重建 (active=1, planned=0, blocked=1, done=301)
state-sync (apply): changed=2
  - changed: .omo/state/runtime/health.yaml
  - changed: .omo/state/system.yaml
  - same: .omo/state/runtime/brief.md
  - same: .omo/state/runtime/governance-data.json
  artifact: runtime/omo/_delivery/ingress/state/state-sync-2026-09-21T02-09-00Z.yaml
✅ system.yaml task 计数已同步 (真源=tasks/ 目录)
  completed_tasks: 301 → 301
  planned_tasks: 0 → 0
  active_tasks: 1 → 1
  blocked_tasks: 1 → 1
  total_tasks: 303 → 303
  next_planned_tasks: 0 项 (从 planned/ 重建, 僵尸已清)
  next_active_tasks:  1 项 (从 active/ 重建)
  tasks/registry/INDEX.md: Active/Planned/Blocked 表+计数+Updated 已重建 (active=1, planned=0, blocked=1, done=301)
state-sync (apply): changed=2
  - changed: .omo/state/runtime/health.yaml
  - changed: .omo/state/system.yaml
  - same: .omo/state/runtime/brief.md
  - same: .omo/state/runtime/governance-data.json
  artifact: runtime/omo/_delivery/ingress/state/state-sync-2026-09-21T02-39-11Z.yaml
✅ system.yaml task 计数已同步 (真源=tasks/ 目录)
  completed_tasks: 301 → 301
  planned_tasks: 0 → 0
  active_tasks: 1 → 1
  blocked_tasks: 1 → 1
  total_tasks: 303 → 303
  next_planned_tasks: 0 项 (从 planned/ 重建, 僵尸已清)
  next_active_tasks:  1 项 (从 active/ 重建)
  tasks/registry/INDEX.md: Active/Planned/Blocked 表+计数+Updated 已重建 (active=1, planned=0, blocked=1, done=301)
state-sync (apply): changed=2
  - changed: .omo/state/runtime/health.yaml
  - changed: .omo/state/system.yaml
  - same: .omo/state/runtime/brief.md
  - same: .omo/state/runtime/governance-data.json
  artifact: runtime/omo/_delivery/ingress/state/state-sync-2026-09-21T03-09-19Z.yaml
✅ system.yaml task 计数已同步 (真源=tasks/ 目录)
  completed_tasks: 301 → 301
  planned_tasks: 0 → 0
  active_tasks: 1 → 1
  blocked_tasks: 1 → 1
  total_tasks: 303 → 303
  next_planned_tasks: 0 项 (从 planned/ 重建, 僵尸已清)
  next_active_tasks:  1 项 (从 active/ 重建)
  tasks/registry/INDEX.md: Active/Planned/Blocked 表+计数+Updated 已重建 (active=1, planned=0, blocked=1, done=301)
state-sync (apply): changed=2
  - changed: .omo/state/runtime/health.yaml
  - changed: .omo/state/system.yaml
  - same: .omo/state/runtime/brief.md
  - same: .omo/state/runtime/governance-data.json
  artifact: runtime/omo/_delivery/ingress/state/state-sync-2026-09-21T03-39-30Z.yaml
✅ system.yaml task 计数已同步 (真源=tasks/ 目录)
  completed_tasks: 301 → 301
  planned_tasks: 0 → 1
  active_tasks: 1 → 1
  blocked_tasks: 1 → 1
  total_tasks: 303 → 304
  next_planned_tasks: 1 项 (从 planned/ 重建, 僵尸已清)
  next_active_tasks:  1 项 (从 active/ 重建)
  tasks/registry/INDEX.md: Active/Planned/Blocked 表+计数+Updated 已重建 (active=1, planned=1, blocked=1, done=301)
state-sync (apply): changed=2
  - changed: .omo/state/runtime/health.yaml
  - changed: .omo/state/system.yaml
  - same: .omo/state/runtime/brief.md
  - same: .omo/state/runtime/governance-data.json
  artifact: runtime/omo/_delivery/ingress/state/state-sync-2026-09-21T04-09-38Z.yaml
✅ system.yaml task 计数已同步 (真源=tasks/ 目录)
  completed_tasks: 301 → 301
  planned_tasks: 1 → 1
  active_tasks: 1 → 1
  blocked_tasks: 1 → 1
  total_tasks: 304 → 304
  next_planned_tasks: 1 项 (从 planned/ 重建, 僵尸已清)
  next_active_tasks:  1 项 (从 active/ 重建)
  tasks/registry/INDEX.md: Active/Planned/Blocked 表+计数+Updated 已重建 (active=1, planned=1, blocked=1, done=301)
state-sync (apply): changed=2
  - changed: .omo/state/runtime/health.yaml
  - changed: .omo/state/system.yaml
  - same: .omo/state/runtime/brief.md
  - same: .omo/state/runtime/governance-data.json
  artifact: runtime/omo/_delivery/ingress/state/state-sync-2026-09-21T04-39-47Z.yaml
✅ system.yaml task 计数已同步 (真源=tasks/ 目录)
  completed_tasks: 301 → 301
  planned_tasks: 1 → 1
  active_tasks: 1 → 1
  blocked_tasks: 1 → 1
  total_tasks: 304 → 304
  next_planned_tasks: 1 项 (从 planned/ 重建, 僵尸已清)
  next_active_tasks:  1 项 (从 active/ 重建)
  tasks/registry/INDEX.md: Active/Planned/Blocked 表+计数+Updated 已重建 (active=1, planned=1, blocked=1, done=301)
state-sync (apply): changed=2
  - changed: .omo/state/runtime/health.yaml
  - changed: .omo/state/system.yaml
  - same: .omo/state/runtime/brief.md
  - same: .omo/state/runtime/governance-data.json
  artifact: runtime/omo/_delivery/ingress/state/state-sync-2026-09-21T05-10-02Z.yaml
✅ system.yaml task 计数已同步 (真源=tasks/ 目录)
  completed_tasks: 301 → 301
  planned_tasks: 0 → 1
  active_tasks: 1 → 1
  blocked_tasks: 1 → 1
  total_tasks: 303 → 304
  next_planned_tasks: 1 项 (从 planned/ 重建, 僵尸已清)
  next_active_tasks:  1 项 (从 active/ 重建)
  tasks/registry/INDEX.md: Active/Planned/Blocked 表+计数+Updated 已重建 (active=1, planned=1, blocked=1, done=301)
state-sync (apply): changed=2
  - changed: .omo/state/runtime/health.yaml
  - changed: .omo/state/system.yaml
  - same: .omo/state/runtime/brief.md
  - same: .omo/state/runtime/governance-data.json
  artifact: runtime/omo/_delivery/ingress/state/state-sync-2026-09-21T05-40-10Z.yaml
✅ system.yaml task 计数已同步 (真源=tasks/ 目录)
  completed_tasks: 301 → 301
  planned_tasks: 0 → 0
  active_tasks: 1 → 1
  blocked_tasks: 1 → 1
  total_tasks: 303 → 303
  next_planned_tasks: 0 项 (从 planned/ 重建, 僵尸已清)
  next_active_tasks:  1 项 (从 active/ 重建)
  tasks/registry/INDEX.md: Active/Planned/Blocked 表+计数+Updated 已重建 (active=1, planned=0, blocked=1, done=301)
state-sync (apply): changed=2
  - changed: .omo/state/runtime/health.yaml
  - changed: .omo/state/system.yaml
  - same: .omo/state/runtime/brief.md
  - same: .omo/state/runtime/governance-data.json
  artifact: runtime/omo/_delivery/ingress/state/state-sync-2026-09-21T06-10-25Z.yaml
✅ system.yaml task 计数已同步 (真源=tasks/ 目录)
  completed_tasks: 301 → 301
  planned_tasks: 0 → 1
  active_tasks: 1 → 1
  blocked_tasks: 1 → 0
  total_tasks: 303 → 303
  next_planned_tasks: 1 项 (从 planned/ 重建, 僵尸已清)
  next_active_tasks:  1 项 (从 active/ 重建)
  tasks/registry/INDEX.md: Active/Planned/Blocked 表+计数+Updated 已重建 (active=1, planned=1, blocked=0, done=301)
state-sync (apply): changed=3
  - changed: .omo/state/runtime/health.yaml
  - changed: .omo/state/system.yaml
  - changed: .omo/state/runtime/brief.md
  - same: .omo/state/runtime/governance-data.json
  artifact: runtime/omo/_delivery/ingress/state/state-sync-2026-09-21T06-40-32Z.yaml
✅ system.yaml task 计数已同步 (真源=tasks/ 目录)
  completed_tasks: 301 → 301
  planned_tasks: 1 → 1
  active_tasks: 1 → 1
  blocked_tasks: 0 → 0
  total_tasks: 303 → 303
  next_planned_tasks: 1 项 (从 planned/ 重建, 僵尸已清)
  next_active_tasks:  1 项 (从 active/ 重建)
  tasks/registry/INDEX.md: Active/Planned/Blocked 表+计数+Updated 已重建 (active=1, planned=1, blocked=0, done=301)
state-sync (apply): changed=2
  - changed: .omo/state/runtime/health.yaml
  - changed: .omo/state/system.yaml
  - same: .omo/state/runtime/brief.md
  - same: .omo/state/runtime/governance-data.json
  artifact: runtime/omo/_delivery/ingress/state/state-sync-2026-09-21T07-10-44Z.yaml
✅ system.yaml task 计数已同步 (真源=tasks/ 目录)
  completed_tasks: 301 → 302
  planned_tasks: 1 → 0
  active_tasks: 1 → 1
  blocked_tasks: 0 → 0
  total_tasks: 303 → 303
  next_planned_tasks: 0 项 (从 planned/ 重建, 僵尸已清)
  next_active_tasks:  1 项 (从 active/ 重建)
  tasks/registry/INDEX.md: Active/Planned/Blocked 表+计数+Updated 已重建 (active=1, planned=0, blocked=0, done=302)
state-sync (apply): changed=3
  - changed: .omo/state/runtime/health.yaml
  - changed: .omo/state/system.yaml
  - changed: .omo/state/runtime/brief.md
  - same: .omo/state/runtime/governance-data.json
  artifact: runtime/omo/_delivery/ingress/state/state-sync-2026-09-21T07-40-59Z.yaml
✅ system.yaml task 计数已同步 (真源=tasks/ 目录)
  completed_tasks: 302 → 302
  planned_tasks: 0 → 0
  active_tasks: 1 → 1
  blocked_tasks: 0 → 0
  total_tasks: 303 → 303
  next_planned_tasks: 0 项 (从 planned/ 重建, 僵尸已清)
  next_active_tasks:  1 项 (从 active/ 重建)
  tasks/registry/INDEX.md: Active/Planned/Blocked 表+计数+Updated 已重建 (active=1, planned=0, blocked=0, done=302)
state-sync (apply): changed=4
  - changed: .omo/state/runtime/health.yaml
  - changed: .omo/state/system.yaml
  - changed: .omo/state/runtime/brief.md
  - changed: .omo/state/runtime/governance-data.json
  artifact: runtime/omo/_delivery/ingress/state/state-sync-2026-09-21T08-11-10Z.yaml
✅ system.yaml task 计数已同步 (真源=tasks/ 目录)
  completed_tasks: 302 → 302
  planned_tasks: 0 → 0
  active_tasks: 1 → 1
  blocked_tasks: 0 → 0
  total_tasks: 303 → 303
  next_planned_tasks: 0 项 (从 planned/ 重建, 僵尸已清)
  next_active_tasks:  1 项 (从 active/ 重建)
  tasks/registry/INDEX.md: Active/Planned/Blocked 表+计数+Updated 已重建 (active=1, planned=0, blocked=0, done=302)
state-sync (apply): changed=4
  - changed: .omo/state/runtime/health.yaml
  - changed: .omo/state/system.yaml
  - changed: .omo/state/runtime/brief.md
  - changed: .omo/state/runtime/governance-data.json
  artifact: runtime/omo/_delivery/ingress/state/state-sync-2026-09-21T08-41-36Z.yaml
✅ system.yaml task 计数已同步 (真源=tasks/ 目录)
  completed_tasks: 302 → 302
  planned_tasks: 0 → 0
  active_tasks: 1 → 1
  blocked_tasks: 0 → 0
  total_tasks: 303 → 303
  next_planned_tasks: 0 项 (从 planned/ 重建, 僵尸已清)
  next_active_tasks:  1 项 (从 active/ 重建)
  tasks/registry/INDEX.md: Active/Planned/Blocked 表+计数+Updated 已重建 (active=1, planned=0, blocked=0, done=302)
state-sync (apply): changed=2
  - changed: .omo/state/runtime/health.yaml
  - changed: .omo/state/system.yaml
  - same: .omo/state/runtime/brief.md
  - same: .omo/state/runtime/governance-data.json
  artifact: runtime/omo/_delivery/ingress/state/state-sync-2026-09-21T09-13-22Z.yaml
✅ system.yaml task 计数已同步 (真源=tasks/ 目录)
  completed_tasks: 302 → 302
  planned_tasks: 0 → 0
  active_tasks: 1 → 1
  blocked_tasks: 0 → 0
  total_tasks: 303 → 303
  next_planned_tasks: 0 项 (从 planned/ 重建, 僵尸已清)
  next_active_tasks:  1 项 (从 active/ 重建)
  tasks/registry/INDEX.md: Active/Planned/Blocked 表+计数+Updated 已重建 (active=1, planned=0, blocked=0, done=302)
state-sync (apply): changed=3
  - changed: .omo/state/runtime/health.yaml
  - changed: .omo/state/system.yaml
  - changed: .omo/state/runtime/brief.md
  - same: .omo/state/runtime/governance-data.json
  artifact: runtime/omo/_delivery/ingress/state/state-sync-2026-09-21T09-43-31Z.yaml
✅ system.yaml task 计数已同步 (真源=tasks/ 目录)
  completed_tasks: 302 → 302
  planned_tasks: 0 → 0
  active_tasks: 1 → 1
  blocked_tasks: 0 → 0
  total_tasks: 303 → 303
  next_planned_tasks: 0 项 (从 planned/ 重建, 僵尸已清)
  next_active_tasks:  1 项 (从 active/ 重建)
  tasks/registry/INDEX.md: Active/Planned/Blocked 表+计数+Updated 已重建 (active=1, planned=0, blocked=0, done=302)
state-sync (apply): changed=2
  - changed: .omo/state/runtime/health.yaml
  - changed: .omo/state/system.yaml
  - same: .omo/state/runtime/brief.md
  - same: .omo/state/runtime/governance-data.json
  artifact: runtime/omo/_delivery/ingress/state/state-sync-2026-09-21T10-13-40Z.yaml
✅ system.yaml task 计数已同步 (真源=tasks/ 目录)
  completed_tasks: 302 → 302
  planned_tasks: 0 → 0
  active_tasks: 1 → 1
  blocked_tasks: 0 → 0
  total_tasks: 303 → 303
  next_planned_tasks: 0 项 (从 planned/ 重建, 僵尸已清)
  next_active_tasks:  1 项 (从 active/ 重建)
  tasks/registry/INDEX.md: Active/Planned/Blocked 表+计数+Updated 已重建 (active=1, planned=0, blocked=0, done=302)
state-sync (apply): changed=3
  - changed: .omo/state/runtime/health.yaml
  - changed: .omo/state/system.yaml
  - changed: .omo/state/runtime/brief.md
  - same: .omo/state/runtime/governance-data.json
  artifact: runtime/omo/_delivery/ingress/state/state-sync-2026-09-21T10-43-48Z.yaml
✅ system.yaml task 计数已同步 (真源=tasks/ 目录)
  completed_tasks: 302 → 302
  planned_tasks: 0 → 0
  active_tasks: 1 → 1
  blocked_tasks: 0 → 0
  total_tasks: 303 → 303
  next_planned_tasks: 0 项 (从 planned/ 重建, 僵尸已清)
  next_active_tasks:  1 项 (从 active/ 重建)
  tasks/registry/INDEX.md: Active/Planned/Blocked 表+计数+Updated 已重建 (active=1, planned=0, blocked=0, done=302)
state-sync (apply): changed=2
  - changed: .omo/state/runtime/health.yaml
  - changed: .omo/state/system.yaml
  - same: .omo/state/runtime/brief.md
  - same: .omo/state/runtime/governance-data.json
  artifact: runtime/omo/_delivery/ingress/state/state-sync-2026-09-21T11-13-57Z.yaml
✅ system.yaml task 计数已同步 (真源=tasks/ 目录)
  completed_tasks: 302 → 302
  planned_tasks: 0 → 0
  active_tasks: 1 → 1
  blocked_tasks: 0 → 0
  total_tasks: 303 → 303
  next_planned_tasks: 0 项 (从 planned/ 重建, 僵尸已清)
  next_active_tasks:  1 项 (从 active/ 重建)
  tasks/registry/INDEX.md: Active/Planned/Blocked 表+计数+Updated 已重建 (active=1, planned=0, blocked=0, done=302)
state-sync (apply): changed=2
  - changed: .omo/state/runtime/health.yaml
  - changed: .omo/state/system.yaml
  - same: .omo/state/runtime/brief.md
  - same: .omo/state/runtime/governance-data.json
  artifact: runtime/omo/_delivery/ingress/state/state-sync-2026-09-21T11-44-05Z.yaml
✅ system.yaml task 计数已同步 (真源=tasks/ 目录)
  completed_tasks: 302 → 302
  planned_tasks: 0 → 0
  active_tasks: 1 → 1
  blocked_tasks: 0 → 0
  total_tasks: 303 → 303
  next_planned_tasks: 0 项 (从 planned/ 重建, 僵尸已清)
  next_active_tasks:  1 项 (从 active/ 重建)
  tasks/registry/INDEX.md: Active/Planned/Blocked 表+计数+Updated 已重建 (active=1, planned=0, blocked=0, done=302)
state-sync (apply): changed=2
  - changed: .omo/state/runtime/health.yaml
  - changed: .omo/state/system.yaml
  - same: .omo/state/runtime/brief.md
  - same: .omo/state/runtime/governance-data.json
  artifact: runtime/omo/_delivery/ingress/state/state-sync-2026-09-21T12-14-17Z.yaml
✅ system.yaml task 计数已同步 (真源=tasks/ 目录)
  completed_tasks: 302 → 302
  planned_tasks: 0 → 0
  active_tasks: 1 → 1
  blocked_tasks: 0 → 0
  total_tasks: 303 → 303
  next_planned_tasks: 0 项 (从 planned/ 重建, 僵尸已清)
  next_active_tasks:  1 项 (从 active/ 重建)
  tasks/registry/INDEX.md: Active/Planned/Blocked 表+计数+Updated 已重建 (active=1, planned=0, blocked=0, done=302)
state-sync (apply): changed=2
  - changed: .omo/state/runtime/health.yaml
  - changed: .omo/state/system.yaml
  - same: .omo/state/runtime/brief.md
  - same: .omo/state/runtime/governance-data.json
  artifact: runtime/omo/_delivery/ingress/state/state-sync-2026-09-21T12-44-25Z.yaml
✅ system.yaml task 计数已同步 (真源=tasks/ 目录)
  completed_tasks: 302 → 302
  planned_tasks: 0 → 0
  active_tasks: 1 → 1
  blocked_tasks: 0 → 0
  total_tasks: 303 → 303
  next_planned_tasks: 0 项 (从 planned/ 重建, 僵尸已清)
  next_active_tasks:  1 项 (从 active/ 重建)
  tasks/registry/INDEX.md: Active/Planned/Blocked 表+计数+Updated 已重建 (active=1, planned=0, blocked=0, done=302)
state-sync (apply): changed=2
  - changed: .omo/state/runtime/health.yaml
  - changed: .omo/state/system.yaml
  - same: .omo/state/runtime/brief.md
  - same: .omo/state/runtime/governance-data.json
  artifact: runtime/omo/_delivery/ingress/state/state-sync-2026-09-21T13-14-32Z.yaml
✅ system.yaml task 计数已同步 (真源=tasks/ 目录)
  completed_tasks: 302 → 302
  planned_tasks: 0 → 0
  active_tasks: 1 → 1
  blocked_tasks: 0 → 0
  total_tasks: 303 → 303
  next_planned_tasks: 0 项 (从 planned/ 重建, 僵尸已清)
  next_active_tasks:  1 项 (从 active/ 重建)
  tasks/registry/INDEX.md: Active/Planned/Blocked 表+计数+Updated 已重建 (active=1, planned=0, blocked=0, done=302)
state-sync (apply): changed=2
  - changed: .omo/state/runtime/health.yaml
  - changed: .omo/state/system.yaml
  - same: .omo/state/runtime/brief.md
  - same: .omo/state/runtime/governance-data.json
  artifact: runtime/omo/_delivery/ingress/state/state-sync-2026-09-21T13-44-40Z.yaml
✅ system.yaml task 计数已同步 (真源=tasks/ 目录)
  completed_tasks: 302 → 302
  planned_tasks: 0 → 0
  active_tasks: 1 → 1
  blocked_tasks: 0 → 0
  total_tasks: 303 → 303
  next_planned_tasks: 0 项 (从 planned/ 重建, 僵尸已清)
  next_active_tasks:  1 项 (从 active/ 重建)
  tasks/registry/INDEX.md: Active/Planned/Blocked 表+计数+Updated 已重建 (active=1, planned=0, blocked=0, done=302)
state-sync (apply): changed=2
  - changed: .omo/state/runtime/health.yaml
  - changed: .omo/state/system.yaml
  - same: .omo/state/runtime/brief.md
  - same: .omo/state/runtime/governance-data.json
  artifact: runtime/omo/_delivery/ingress/state/state-sync-2026-09-21T14-14-48Z.yaml
✅ system.yaml task 计数已同步 (真源=tasks/ 目录)
  completed_tasks: 302 → 302
  planned_tasks: 0 → 0
  active_tasks: 1 → 1
  blocked_tasks: 0 → 0
  total_tasks: 303 → 303
  next_planned_tasks: 0 项 (从 planned/ 重建, 僵尸已清)
  next_active_tasks:  1 项 (从 active/ 重建)
  tasks/registry/INDEX.md: Active/Planned/Blocked 表+计数+Updated 已重建 (active=1, planned=0, blocked=0, done=302)
state-sync (apply): changed=2
  - changed: .omo/state/runtime/health.yaml
  - changed: .omo/state/system.yaml
  - same: .omo/state/runtime/brief.md
  - same: .omo/state/runtime/governance-data.json
  artifact: runtime/omo/_delivery/ingress/state/state-sync-2026-09-21T14-44-56Z.yaml
✅ system.yaml task 计数已同步 (真源=tasks/ 目录)
  completed_tasks: 302 → 302
  planned_tasks: 0 → 0
  active_tasks: 1 → 1
  blocked_tasks: 0 → 0
  total_tasks: 303 → 303
  next_planned_tasks: 0 项 (从 planned/ 重建, 僵尸已清)
  next_active_tasks:  1 项 (从 active/ 重建)
  tasks/registry/INDEX.md: Active/Planned/Blocked 表+计数+Updated 已重建 (active=1, planned=0, blocked=0, done=302)
state-sync (apply): changed=2
  - changed: .omo/state/runtime/health.yaml
  - changed: .omo/state/system.yaml
  - same: .omo/state/runtime/brief.md
  - same: .omo/state/runtime/governance-data.json
  artifact: runtime/omo/_delivery/ingress/state/state-sync-2026-09-21T15-15-03Z.yaml
✅ system.yaml task 计数已同步 (真源=tasks/ 目录)
  completed_tasks: 302 → 302
  planned_tasks: 0 → 0
  active_tasks: 1 → 1
  blocked_tasks: 0 → 0
  total_tasks: 303 → 303
  next_planned_tasks: 0 项 (从 planned/ 重建, 僵尸已清)
  next_active_tasks:  1 项 (从 active/ 重建)
  tasks/registry/INDEX.md: Active/Planned/Blocked 表+计数+Updated 已重建 (active=1, planned=0, blocked=0, done=302)
state-sync (apply): changed=2
  - changed: .omo/state/runtime/health.yaml
  - changed: .omo/state/system.yaml
  - same: .omo/state/runtime/brief.md
  - same: .omo/state/runtime/governance-data.json
  artifact: runtime/omo/_delivery/ingress/state/state-sync-2026-09-21T15-45-11Z.yaml
✅ system.yaml task 计数已同步 (真源=tasks/ 目录)
  completed_tasks: 302 → 302
  planned_tasks: 0 → 0
  active_tasks: 1 → 1
  blocked_tasks: 0 → 0
  total_tasks: 303 → 303
  next_planned_tasks: 0 项 (从 planned/ 重建, 僵尸已清)
  next_active_tasks:  1 项 (从 active/ 重建)
  tasks/registry/INDEX.md: Active/Planned/Blocked 表+计数+Updated 已重建 (active=1, planned=0, blocked=0, done=302)
state-sync (apply): changed=2
  - changed: .omo/state/runtime/health.yaml
  - changed: .omo/state/system.yaml
  - same: .omo/state/runtime/brief.md
  - same: .omo/state/runtime/governance-data.json
  artifact: runtime/omo/_delivery/ingress/state/state-sync-2026-09-21T16-15-20Z.yaml
✅ system.yaml task 计数已同步 (真源=tasks/ 目录)
  completed_tasks: 302 → 302
  planned_tasks: 0 → 0
  active_tasks: 1 → 1
  blocked_tasks: 0 → 0
  total_tasks: 303 → 303
  next_planned_tasks: 0 项 (从 planned/ 重建, 僵尸已清)
  next_active_tasks:  1 项 (从 active/ 重建)
  tasks/registry/INDEX.md: Active/Planned/Blocked 表+计数+Updated 已重建 (active=1, planned=0, blocked=0, done=302)
state-sync (apply): changed=2
  - changed: .omo/state/runtime/health.yaml
  - changed: .omo/state/system.yaml
  - same: .omo/state/runtime/brief.md
  - same: .omo/state/runtime/governance-data.json
  artifact: runtime/omo/_delivery/ingress/state/state-sync-2026-09-21T16-45-28Z.yaml
✅ system.yaml task 计数已同步 (真源=tasks/ 目录)
  completed_tasks: 302 → 302
  planned_tasks: 0 → 0
  active_tasks: 1 → 1
  blocked_tasks: 0 → 0
  total_tasks: 303 → 303
  next_planned_tasks: 0 项 (从 planned/ 重建, 僵尸已清)
  next_active_tasks:  1 项 (从 active/ 重建)
  tasks/registry/INDEX.md: Active/Planned/Blocked 表+计数+Updated 已重建 (active=1, planned=0, blocked=0, done=302)
state-sync (apply): changed=2
  - changed: .omo/state/runtime/health.yaml
  - changed: .omo/state/system.yaml
  - same: .omo/state/runtime/brief.md
  - same: .omo/state/runtime/governance-data.json
  artifact: runtime/omo/_delivery/ingress/state/state-sync-2026-09-21T17-15-37Z.yaml
✅ system.yaml task 计数已同步 (真源=tasks/ 目录)
  completed_tasks: 302 → 302
  planned_tasks: 0 → 0
  active_tasks: 1 → 1
  blocked_tasks: 0 → 0
  total_tasks: 303 → 303
  next_planned_tasks: 0 项 (从 planned/ 重建, 僵尸已清)
  next_active_tasks:  1 项 (从 active/ 重建)
  tasks/registry/INDEX.md: Active/Planned/Blocked 表+计数+Updated 已重建 (active=1, planned=0, blocked=0, done=302)
state-sync (apply): changed=2
  - changed: .omo/state/runtime/health.yaml
  - changed: .omo/state/system.yaml
  - same: .omo/state/runtime/brief.md
  - same: .omo/state/runtime/governance-data.json
  artifact: runtime/omo/_delivery/ingress/state/state-sync-2026-09-21T17-45-46Z.yaml
✅ system.yaml task 计数已同步 (真源=tasks/ 目录)
  completed_tasks: 302 → 302
  planned_tasks: 0 → 0
  active_tasks: 1 → 1
  blocked_tasks: 0 → 0
  total_tasks: 303 → 303
  next_planned_tasks: 0 项 (从 planned/ 重建, 僵尸已清)
  next_active_tasks:  1 项 (从 active/ 重建)
  tasks/registry/INDEX.md: Active/Planned/Blocked 表+计数+Updated 已重建 (active=1, planned=0, blocked=0, done=302)
state-sync (apply): changed=2
  - changed: .omo/state/runtime/health.yaml
  - changed: .omo/state/system.yaml
  - same: .omo/state/runtime/brief.md
  - same: .omo/state/runtime/governance-data.json
  artifact: runtime/omo/_delivery/ingress/state/state-sync-2026-09-21T18-15-54Z.yaml
✅ system.yaml task 计数已同步 (真源=tasks/ 目录)
  completed_tasks: 302 → 302
  planned_tasks: 0 → 0
  active_tasks: 1 → 1
  blocked_tasks: 0 → 0
  total_tasks: 303 → 303
  next_planned_tasks: 0 项 (从 planned/ 重建, 僵尸已清)
  next_active_tasks:  1 项 (从 active/ 重建)
  tasks/registry/INDEX.md: Active/Planned/Blocked 表+计数+Updated 已重建 (active=1, planned=0, blocked=0, done=302)
state-sync (apply): changed=2
  - changed: .omo/state/runtime/health.yaml
  - changed: .omo/state/system.yaml
  - same: .omo/state/runtime/brief.md
  - same: .omo/state/runtime/governance-data.json
  artifact: runtime/omo/_delivery/ingress/state/state-sync-2026-09-21T18-46-02Z.yaml
✅ system.yaml task 计数已同步 (真源=tasks/ 目录)
  completed_tasks: 302 → 302
  planned_tasks: 0 → 0
  active_tasks: 1 → 1
  blocked_tasks: 0 → 0
  total_tasks: 303 → 303
  next_planned_tasks: 0 项 (从 planned/ 重建, 僵尸已清)
  next_active_tasks:  1 项 (从 active/ 重建)
  tasks/registry/INDEX.md: Active/Planned/Blocked 表+计数+Updated 已重建 (active=1, planned=0, blocked=0, done=302)
state-sync (apply): changed=2
  - changed: .omo/state/runtime/health.yaml
  - changed: .omo/state/system.yaml
  - same: .omo/state/runtime/brief.md
  - same: .omo/state/runtime/governance-data.json
  artifact: runtime/omo/_delivery/ingress/state/state-sync-2026-09-21T19-16-10Z.yaml
✅ system.yaml task 计数已同步 (真源=tasks/ 目录)
  completed_tasks: 302 → 302
  planned_tasks: 0 → 0
  active_tasks: 1 → 1
  blocked_tasks: 0 → 0
  total_tasks: 303 → 303
  next_planned_tasks: 0 项 (从 planned/ 重建, 僵尸已清)
  next_active_tasks:  1 项 (从 active/ 重建)
  tasks/registry/INDEX.md: Active/Planned/Blocked 表+计数+Updated 已重建 (active=1, planned=0, blocked=0, done=302)
state-sync (apply): changed=2
  - changed: .omo/state/runtime/health.yaml
  - changed: .omo/state/system.yaml
  - same: .omo/state/runtime/brief.md
  - same: .omo/state/runtime/governance-data.json
  artifact: runtime/omo/_delivery/ingress/state/state-sync-2026-09-21T19-46-18Z.yaml
✅ system.yaml task 计数已同步 (真源=tasks/ 目录)
  completed_tasks: 302 → 302
  planned_tasks: 0 → 0
  active_tasks: 1 → 1
  blocked_tasks: 0 → 0
  total_tasks: 303 → 303
  next_planned_tasks: 0 项 (从 planned/ 重建, 僵尸已清)
  next_active_tasks:  1 项 (从 active/ 重建)
  tasks/registry/INDEX.md: Active/Planned/Blocked 表+计数+Updated 已重建 (active=1, planned=0, blocked=0, done=302)
state-sync (apply): changed=2
  - changed: .omo/state/runtime/health.yaml
  - changed: .omo/state/system.yaml
  - same: .omo/state/runtime/brief.md
  - same: .omo/state/runtime/governance-data.json
  artifact: runtime/omo/_delivery/ingress/state/state-sync-2026-09-21T20-16-26Z.yaml
✅ system.yaml task 计数已同步 (真源=tasks/ 目录)
  completed_tasks: 302 → 302
  planned_tasks: 0 → 0
  active_tasks: 1 → 1
  blocked_tasks: 0 → 0
  total_tasks: 303 → 303
  next_planned_tasks: 0 项 (从 planned/ 重建, 僵尸已清)
  next_active_tasks:  1 项 (从 active/ 重建)
  tasks/registry/INDEX.md: Active/Planned/Blocked 表+计数+Updated 已重建 (active=1, planned=0, blocked=0, done=302)
state-sync (apply): changed=2
  - changed: .omo/state/runtime/health.yaml
  - changed: .omo/state/system.yaml
  - same: .omo/state/runtime/brief.md
  - same: .omo/state/runtime/governance-data.json
  artifact: runtime/omo/_delivery/ingress/state/state-sync-2026-09-21T20-46-34Z.yaml
✅ system.yaml task 计数已同步 (真源=tasks/ 目录)
  completed_tasks: 302 → 302
  planned_tasks: 0 → 0
  active_tasks: 1 → 1
  blocked_tasks: 0 → 0
  total_tasks: 303 → 303
  next_planned_tasks: 0 项 (从 planned/ 重建, 僵尸已清)
  next_active_tasks:  1 项 (从 active/ 重建)
  tasks/registry/INDEX.md: Active/Planned/Blocked 表+计数+Updated 已重建 (active=1, planned=0, blocked=0, done=302)
state-sync (apply): changed=2
  - changed: .omo/state/runtime/health.yaml
  - changed: .omo/state/system.yaml
  - same: .omo/state/runtime/brief.md
  - same: .omo/state/runtime/governance-data.json
  artifact: runtime/omo/_delivery/ingress/state/state-sync-2026-09-21T21-16-43Z.yaml
✅ system.yaml task 计数已同步 (真源=tasks/ 目录)
  completed_tasks: 302 → 302
  planned_tasks: 0 → 0
  active_tasks: 1 → 1
  blocked_tasks: 0 → 0
  total_tasks: 303 → 303
  next_planned_tasks: 0 项 (从 planned/ 重建, 僵尸已清)
  next_active_tasks:  1 项 (从 active/ 重建)
  tasks/registry/INDEX.md: Active/Planned/Blocked 表+计数+Updated 已重建 (active=1, planned=0, blocked=0, done=302)
state-sync (apply): changed=2
  - changed: .omo/state/runtime/health.yaml
  - changed: .omo/state/system.yaml
  - same: .omo/state/runtime/brief.md
  - same: .omo/state/runtime/governance-data.json
  artifact: runtime/omo/_delivery/ingress/state/state-sync-2026-09-21T21-46-51Z.yaml
✅ system.yaml task 计数已同步 (真源=tasks/ 目录)
  completed_tasks: 302 → 302
  planned_tasks: 0 → 0
  active_tasks: 1 → 1
  blocked_tasks: 0 → 0
  total_tasks: 303 → 303
  next_planned_tasks: 0 项 (从 planned/ 重建, 僵尸已清)
  next_active_tasks:  1 项 (从 active/ 重建)
  tasks/registry/INDEX.md: Active/Planned/Blocked 表+计数+Updated 已重建 (active=1, planned=0, blocked=0, done=302)
state-sync (apply): changed=2
  - changed: .omo/state/runtime/health.yaml
  - changed: .omo/state/system.yaml
  - same: .omo/state/runtime/brief.md
  - same: .omo/state/runtime/governance-data.json
  artifact: runtime/omo/_delivery/ingress/state/state-sync-2026-09-21T22-16-59Z.yaml
✅ system.yaml task 计数已同步 (真源=tasks/ 目录)
  completed_tasks: 302 → 302
  planned_tasks: 0 → 0
  active_tasks: 1 → 1
  blocked_tasks: 0 → 0
  total_tasks: 303 → 303
  next_planned_tasks: 0 项 (从 planned/ 重建, 僵尸已清)
  next_active_tasks:  1 项 (从 active/ 重建)
  tasks/registry/INDEX.md: Active/Planned/Blocked 表+计数+Updated 已重建 (active=1, planned=0, blocked=0, done=302)
state-sync (apply): changed=2
  - changed: .omo/state/runtime/health.yaml
  - changed: .omo/state/system.yaml
  - same: .omo/state/runtime/brief.md
  - same: .omo/state/runtime/governance-data.json
  artifact: runtime/omo/_delivery/ingress/state/state-sync-2026-09-21T22-47-07Z.yaml
✅ system.yaml task 计数已同步 (真源=tasks/ 目录)
  completed_tasks: 302 → 302
  planned_tasks: 0 → 0
  active_tasks: 1 → 1
  blocked_tasks: 0 → 0
  total_tasks: 303 → 303
  next_planned_tasks: 0 项 (从 planned/ 重建, 僵尸已清)
  next_active_tasks:  1 项 (从 active/ 重建)
  tasks/registry/INDEX.md: Active/Planned/Blocked 表+计数+Updated 已重建 (active=1, planned=0, blocked=0, done=302)
state-sync (apply): changed=2
  - changed: .omo/state/runtime/health.yaml
  - changed: .omo/state/system.yaml
  - same: .omo/state/runtime/brief.md
  - same: .omo/state/runtime/governance-data.json
  artifact: runtime/omo/_delivery/ingress/state/state-sync-2026-09-21T23-17-14Z.yaml
✅ system.yaml task 计数已同步 (真源=tasks/ 目录)
  completed_tasks: 302 → 302
  planned_tasks: 0 → 0
  active_tasks: 1 → 1
  blocked_tasks: 0 → 0
  total_tasks: 303 → 303
  next_planned_tasks: 0 项 (从 planned/ 重建, 僵尸已清)
  next_active_tasks:  1 项 (从 active/ 重建)
  tasks/registry/INDEX.md: Active/Planned/Blocked 表+计数+Updated 已重建 (active=1, planned=0, blocked=0, done=302)
state-sync (apply): changed=2
  - changed: .omo/state/runtime/health.yaml
  - changed: .omo/state/system.yaml
  - same: .omo/state/runtime/brief.md
  - same: .omo/state/runtime/governance-data.json
  artifact: runtime/omo/_delivery/ingress/state/state-sync-2026-09-21T23-47-23Z.yaml
✅ system.yaml task 计数已同步 (真源=tasks/ 目录)
  completed_tasks: 302 → 302
  planned_tasks: 0 → 0
  active_tasks: 1 → 1
  blocked_tasks: 0 → 0
  total_tasks: 303 → 303
  next_planned_tasks: 0 项 (从 planned/ 重建, 僵尸已清)
  next_active_tasks:  1 项 (从 active/ 重建)
  tasks/registry/INDEX.md: Active/Planned/Blocked 表+计数+Updated 已重建 (active=1, planned=0, blocked=0, done=302)
state-sync (apply): changed=4
  - changed: .omo/state/runtime/health.yaml
  - changed: .omo/state/system.yaml
  - changed: .omo/state/runtime/brief.md
  - changed: .omo/state/runtime/governance-data.json
  artifact: runtime/omo/_delivery/ingress/state/state-sync-2026-09-22T00-17-30Z.yaml
✅ system.yaml task 计数已同步 (真源=tasks/ 目录)
  completed_tasks: 302 → 302
  planned_tasks: 0 → 0
  active_tasks: 1 → 1
  blocked_tasks: 0 → 0
  total_tasks: 303 → 303
  next_planned_tasks: 0 项 (从 planned/ 重建, 僵尸已清)
  next_active_tasks:  1 项 (从 active/ 重建)
  tasks/registry/INDEX.md: Active/Planned/Blocked 表+计数+Updated 已重建 (active=1, planned=0, blocked=0, done=302)
state-sync (apply): changed=4
  - changed: .omo/state/runtime/health.yaml
  - changed: .omo/state/system.yaml
  - changed: .omo/state/runtime/brief.md
  - changed: .omo/state/runtime/governance-data.json
  artifact: runtime/omo/_delivery/ingress/state/state-sync-2026-09-22T00-47-39Z.yaml
✅ system.yaml task 计数已同步 (真源=tasks/ 目录)
  completed_tasks: 302 → 302
  planned_tasks: 0 → 0
  active_tasks: 1 → 1
  blocked_tasks: 0 → 0
  total_tasks: 303 → 303
  next_planned_tasks: 0 项 (从 planned/ 重建, 僵尸已清)
  next_active_tasks:  1 项 (从 active/ 重建)
  tasks/registry/INDEX.md: Active/Planned/Blocked 表+计数+Updated 已重建 (active=1, planned=0, blocked=0, done=302)
state-sync (apply): changed=4
  - changed: .omo/state/runtime/health.yaml
  - changed: .omo/state/system.yaml
  - changed: .omo/state/runtime/brief.md
  - changed: .omo/state/runtime/governance-data.json
  artifact: runtime/omo/_delivery/ingress/state/state-sync-2026-09-22T01-17-47Z.yaml
✅ system.yaml task 计数已同步 (真源=tasks/ 目录)
  completed_tasks: 302 → 302
  planned_tasks: 0 → 0
  active_tasks: 1 → 1
  blocked_tasks: 0 → 0
  total_tasks: 303 → 303
  next_planned_tasks: 0 项 (从 planned/ 重建, 僵尸已清)
  next_active_tasks:  1 项 (从 active/ 重建)
  tasks/registry/INDEX.md: Active/Planned/Blocked 表+计数+Updated 已重建 (active=1, planned=0, blocked=0, done=302)
state-sync (apply): changed=4
  - changed: .omo/state/runtime/health.yaml
  - changed: .omo/state/system.yaml
  - changed: .omo/state/runtime/brief.md
  - changed: .omo/state/runtime/governance-data.json
  artifact: runtime/omo/_delivery/ingress/state/state-sync-2026-09-22T01-48-05Z.yaml
✅ system.yaml task 计数已同步 (真源=tasks/ 目录)
  completed_tasks: 302 → 302
  planned_tasks: 0 → 0
  active_tasks: 1 → 1
  blocked_tasks: 0 → 0
  total_tasks: 303 → 303
  next_planned_tasks: 0 项 (从 planned/ 重建, 僵尸已清)
  next_active_tasks:  1 项 (从 active/ 重建)
  tasks/registry/INDEX.md: Active/Planned/Blocked 表+计数+Updated 已重建 (active=1, planned=0, blocked=0, done=302)
state-sync (apply): changed=4
  - changed: .omo/state/runtime/health.yaml
  - changed: .omo/state/system.yaml
  - changed: .omo/state/runtime/brief.md
  - changed: .omo/state/runtime/governance-data.json
  artifact: runtime/omo/_delivery/ingress/state/state-sync-2026-09-22T02-18-29Z.yaml
✅ system.yaml task 计数已同步 (真源=tasks/ 目录)
  completed_tasks: 302 → 302
  planned_tasks: 0 → 0
  active_tasks: 1 → 1
  blocked_tasks: 0 → 0
  total_tasks: 303 → 303
  next_planned_tasks: 0 项 (从 planned/ 重建, 僵尸已清)
  next_active_tasks:  1 项 (从 active/ 重建)
  tasks/registry/INDEX.md: Active/Planned/Blocked 表+计数+Updated 已重建 (active=1, planned=0, blocked=0, done=302)
state-sync (apply): changed=4
  - changed: .omo/state/runtime/health.yaml
  - changed: .omo/state/system.yaml
  - changed: .omo/state/runtime/brief.md
  - changed: .omo/state/runtime/governance-data.json
  artifact: runtime/omo/_delivery/ingress/state/state-sync-2026-09-22T02-48-52Z.yaml
✅ system.yaml task 计数已同步 (真源=tasks/ 目录)
  completed_tasks: 302 → 302
  planned_tasks: 0 → 0
  active_tasks: 1 → 1
  blocked_tasks: 0 → 0
  total_tasks: 303 → 303
  next_planned_tasks: 0 项 (从 planned/ 重建, 僵尸已清)
  next_active_tasks:  1 项 (从 active/ 重建)
  tasks/registry/INDEX.md: Active/Planned/Blocked 表+计数+Updated 已重建 (active=1, planned=0, blocked=0, done=302)
state-sync (apply): changed=4
  - changed: .omo/state/runtime/health.yaml
  - changed: .omo/state/system.yaml
  - changed: .omo/state/runtime/brief.md
  - changed: .omo/state/runtime/governance-data.json
  artifact: runtime/omo/_delivery/ingress/state/state-sync-2026-09-22T03-19-11Z.yaml
✅ system.yaml task 计数已同步 (真源=tasks/ 目录)
  completed_tasks: 302 → 302
  planned_tasks: 0 → 0
  active_tasks: 1 → 1
  blocked_tasks: 0 → 0
  total_tasks: 303 → 303
  next_planned_tasks: 0 项 (从 planned/ 重建, 僵尸已清)
  next_active_tasks:  1 项 (从 active/ 重建)
  tasks/registry/INDEX.md: Active/Planned/Blocked 表+计数+Updated 已重建 (active=1, planned=0, blocked=0, done=302)
state-sync (apply): changed=4
  - changed: .omo/state/runtime/health.yaml
  - changed: .omo/state/system.yaml
  - changed: .omo/state/runtime/brief.md
  - changed: .omo/state/runtime/governance-data.json
  artifact: runtime/omo/_delivery/ingress/state/state-sync-2026-09-22T03-49-26Z.yaml
✅ system.yaml task 计数已同步 (真源=tasks/ 目录)
  completed_tasks: 302 → 302
  planned_tasks: 0 → 0
  active_tasks: 1 → 1
  blocked_tasks: 0 → 0
  total_tasks: 303 → 303
  next_planned_tasks: 0 项 (从 planned/ 重建, 僵尸已清)
  next_active_tasks:  1 项 (从 active/ 重建)
  tasks/registry/INDEX.md: Active/Planned/Blocked 表+计数+Updated 已重建 (active=1, planned=0, blocked=0, done=302)
state-sync (apply): changed=4
  - changed: .omo/state/runtime/health.yaml
  - changed: .omo/state/system.yaml
  - changed: .omo/state/runtime/brief.md
  - changed: .omo/state/runtime/governance-data.json
  artifact: runtime/omo/_delivery/ingress/state/state-sync-2026-09-22T04-19-37Z.yaml
✅ system.yaml task 计数已同步 (真源=tasks/ 目录)
  completed_tasks: 302 → 302
  planned_tasks: 0 → 0
  active_tasks: 1 → 1
  blocked_tasks: 0 → 0
  total_tasks: 303 → 303
  next_planned_tasks: 0 项 (从 planned/ 重建, 僵尸已清)
  next_active_tasks:  1 项 (从 active/ 重建)
  tasks/registry/INDEX.md: Active/Planned/Blocked 表+计数+Updated 已重建 (active=1, planned=0, blocked=0, done=302)
state-sync (apply): changed=4
  - changed: .omo/state/runtime/health.yaml
  - changed: .omo/state/system.yaml
  - changed: .omo/state/runtime/brief.md
  - changed: .omo/state/runtime/governance-data.json
  artifact: runtime/omo/_delivery/ingress/state/state-sync-2026-09-22T04-49-48Z.yaml
✅ system.yaml task 计数已同步 (真源=tasks/ 目录)
  completed_tasks: 302 → 302
  planned_tasks: 0 → 0
  active_tasks: 1 → 1
  blocked_tasks: 0 → 0
  total_tasks: 303 → 303
  next_planned_tasks: 0 项 (从 planned/ 重建, 僵尸已清)
  next_active_tasks:  1 项 (从 active/ 重建)
  tasks/registry/INDEX.md: Active/Planned/Blocked 表+计数+Updated 已重建 (active=1, planned=0, blocked=0, done=302)
state-sync (apply): changed=4
  - changed: .omo/state/runtime/health.yaml
  - changed: .omo/state/system.yaml
  - changed: .omo/state/runtime/brief.md
  - changed: .omo/state/runtime/governance-data.json
  artifact: runtime/omo/_delivery/ingress/state/state-sync-2026-09-22T05-19-55Z.yaml
✅ system.yaml task 计数已同步 (真源=tasks/ 目录)
  completed_tasks: 302 → 302
  planned_tasks: 0 → 0
  active_tasks: 1 → 1
  blocked_tasks: 0 → 0
  total_tasks: 303 → 303
  next_planned_tasks: 0 项 (从 planned/ 重建, 僵尸已清)
  next_active_tasks:  1 项 (从 active/ 重建)
  tasks/registry/INDEX.md: Active/Planned/Blocked 表+计数+Updated 已重建 (active=1, planned=0, blocked=0, done=302)
state-sync (apply): changed=4
  - changed: .omo/state/runtime/health.yaml
  - changed: .omo/state/system.yaml
  - changed: .omo/state/runtime/brief.md
  - changed: .omo/state/runtime/governance-data.json
  artifact: runtime/omo/_delivery/ingress/state/state-sync-2026-09-22T05-50-03Z.yaml
✅ system.yaml task 计数已同步 (真源=tasks/ 目录)
  completed_tasks: 302 → 302
  planned_tasks: 0 → 0
  active_tasks: 1 → 1
  blocked_tasks: 0 → 0
  total_tasks: 303 → 303
  next_planned_tasks: 0 项 (从 planned/ 重建, 僵尸已清)
  next_active_tasks:  1 项 (从 active/ 重建)
  tasks/registry/INDEX.md: Active/Planned/Blocked 表+计数+Updated 已重建 (active=1, planned=0, blocked=0, done=302)
state-sync (apply): changed=4
  - changed: .omo/state/runtime/health.yaml
  - changed: .omo/state/system.yaml
  - changed: .omo/state/runtime/brief.md
  - changed: .omo/state/runtime/governance-data.json
  artifact: runtime/omo/_delivery/ingress/state/state-sync-2026-09-22T06-20-10Z.yaml
✅ system.yaml task 计数已同步 (真源=tasks/ 目录)
  completed_tasks: 302 → 302
  planned_tasks: 0 → 0
  active_tasks: 1 → 1
  blocked_tasks: 0 → 0
  total_tasks: 303 → 303
  next_planned_tasks: 0 项 (从 planned/ 重建, 僵尸已清)
  next_active_tasks:  1 项 (从 active/ 重建)
  tasks/registry/INDEX.md: Active/Planned/Blocked 表+计数+Updated 已重建 (active=1, planned=0, blocked=0, done=302)
state-sync (apply): changed=2
  - changed: .omo/state/runtime/health.yaml
  - changed: .omo/state/system.yaml
  - same: .omo/state/runtime/brief.md
  - same: .omo/state/runtime/governance-data.json
  artifact: runtime/omo/_delivery/ingress/state/state-sync-2026-09-22T06-50-20Z.yaml
✅ system.yaml task 计数已同步 (真源=tasks/ 目录)
  completed_tasks: 302 → 302
  planned_tasks: 0 → 0
  active_tasks: 1 → 1
  blocked_tasks: 0 → 0
  total_tasks: 303 → 303
  next_planned_tasks: 0 项 (从 planned/ 重建, 僵尸已清)
  next_active_tasks:  1 项 (从 active/ 重建)
  tasks/registry/INDEX.md: Active/Planned/Blocked 表+计数+Updated 已重建 (active=1, planned=0, blocked=0, done=302)
state-sync (apply): changed=4
  - changed: .omo/state/runtime/health.yaml
  - changed: .omo/state/system.yaml
  - changed: .omo/state/runtime/brief.md
  - changed: .omo/state/runtime/governance-data.json
  artifact: runtime/omo/_delivery/ingress/state/state-sync-2026-09-22T07-20-34Z.yaml
✅ system.yaml task 计数已同步 (真源=tasks/ 目录)
  completed_tasks: 302 → 302
  planned_tasks: 0 → 0
  active_tasks: 1 → 1
  blocked_tasks: 0 → 0
  total_tasks: 303 → 303
  next_planned_tasks: 0 项 (从 planned/ 重建, 僵尸已清)
  next_active_tasks:  1 项 (从 active/ 重建)
  tasks/registry/INDEX.md: Active/Planned/Blocked 表+计数+Updated 已重建 (active=1, planned=0, blocked=0, done=302)
state-sync (apply): changed=4
  - changed: .omo/state/runtime/health.yaml
  - changed: .omo/state/system.yaml
  - changed: .omo/state/runtime/brief.md
  - changed: .omo/state/runtime/governance-data.json
  artifact: runtime/omo/_delivery/ingress/state/state-sync-2026-09-22T07-50-53Z.yaml
✅ system.yaml task 计数已同步 (真源=tasks/ 目录)
  completed_tasks: 302 → 302
  planned_tasks: 0 → 0
  active_tasks: 1 → 1
  blocked_tasks: 0 → 0
  total_tasks: 303 → 303
  next_planned_tasks: 0 项 (从 planned/ 重建, 僵尸已清)
  next_active_tasks:  1 项 (从 active/ 重建)
  tasks/registry/INDEX.md: Active/Planned/Blocked 表+计数+Updated 已重建 (active=1, planned=0, blocked=0, done=302)
state-sync (apply): changed=4
  - changed: .omo/state/runtime/health.yaml
  - changed: .omo/state/system.yaml
  - changed: .omo/state/runtime/brief.md
  - changed: .omo/state/runtime/governance-data.json
  artifact: runtime/omo/_delivery/ingress/state/state-sync-2026-09-22T08-21-46Z.yaml
✅ system.yaml task 计数已同步 (真源=tasks/ 目录)
  completed_tasks: 302 → 302
  planned_tasks: 0 → 0
  active_tasks: 1 → 1
  blocked_tasks: 0 → 0
  total_tasks: 303 → 303
  next_planned_tasks: 0 项 (从 planned/ 重建, 僵尸已清)
  next_active_tasks:  1 项 (从 active/ 重建)
  tasks/registry/INDEX.md: Active/Planned/Blocked 表+计数+Updated 已重建 (active=1, planned=0, blocked=0, done=302)
state-sync (apply): changed=4
  - changed: .omo/state/runtime/health.yaml
  - changed: .omo/state/system.yaml
  - changed: .omo/state/runtime/brief.md
  - changed: .omo/state/runtime/governance-data.json
  artifact: runtime/omo/_delivery/ingress/state/state-sync-2026-09-22T08-51-57Z.yaml
✅ system.yaml task 计数已同步 (真源=tasks/ 目录)
  completed_tasks: 302 → 302
  planned_tasks: 0 → 0
  active_tasks: 1 → 1
  blocked_tasks: 0 → 0
  total_tasks: 303 → 303
  next_planned_tasks: 0 项 (从 planned/ 重建, 僵尸已清)
  next_active_tasks:  1 项 (从 active/ 重建)
  tasks/registry/INDEX.md: Active/Planned/Blocked 表+计数+Updated 已重建 (active=1, planned=0, blocked=0, done=302)
state-sync (apply): changed=2
  - changed: .omo/state/runtime/health.yaml
  - changed: .omo/state/system.yaml
  - same: .omo/state/runtime/brief.md
  - same: .omo/state/runtime/governance-data.json
  artifact: runtime/omo/_delivery/ingress/state/state-sync-2026-09-22T09-22-12Z.yaml
✅ system.yaml task 计数已同步 (真源=tasks/ 目录)
  completed_tasks: 302 → 302
  planned_tasks: 0 → 0
  active_tasks: 1 → 1
  blocked_tasks: 0 → 0
  total_tasks: 303 → 303
  next_planned_tasks: 0 项 (从 planned/ 重建, 僵尸已清)
  next_active_tasks:  1 项 (从 active/ 重建)
  tasks/registry/INDEX.md: Active/Planned/Blocked 表+计数+Updated 已重建 (active=1, planned=0, blocked=0, done=302)
state-sync (apply): changed=2
  - changed: .omo/state/runtime/health.yaml
  - changed: .omo/state/system.yaml
  - same: .omo/state/runtime/brief.md
  - same: .omo/state/runtime/governance-data.json
  artifact: runtime/omo/_delivery/ingress/state/state-sync-2026-09-22T09-52-20Z.yaml
✅ system.yaml task 计数已同步 (真源=tasks/ 目录)
  completed_tasks: 302 → 302
  planned_tasks: 0 → 0
  active_tasks: 1 → 1
  blocked_tasks: 0 → 0
  total_tasks: 303 → 303
  next_planned_tasks: 0 项 (从 planned/ 重建, 僵尸已清)
  next_active_tasks:  1 项 (从 active/ 重建)
  tasks/registry/INDEX.md: Active/Planned/Blocked 表+计数+Updated 已重建 (active=1, planned=0, blocked=0, done=302)
state-sync (apply): changed=4
  - changed: .omo/state/runtime/health.yaml
  - changed: .omo/state/system.yaml
  - changed: .omo/state/runtime/brief.md
  - changed: .omo/state/runtime/governance-data.json
  artifact: runtime/omo/_delivery/ingress/state/state-sync-2026-09-22T10-22-30Z.yaml
✅ system.yaml task 计数已同步 (真源=tasks/ 目录)
  completed_tasks: 302 → 302
  planned_tasks: 0 → 0
  active_tasks: 1 → 1
  blocked_tasks: 0 → 0
  total_tasks: 303 → 303
  next_planned_tasks: 0 项 (从 planned/ 重建, 僵尸已清)
  next_active_tasks:  1 项 (从 active/ 重建)
  tasks/registry/INDEX.md: Active/Planned/Blocked 表+计数+Updated 已重建 (active=1, planned=0, blocked=0, done=302)
state-sync (apply): changed=3
  - changed: .omo/state/runtime/health.yaml
  - changed: .omo/state/system.yaml
  - changed: .omo/state/runtime/brief.md
  - same: .omo/state/runtime/governance-data.json
  artifact: runtime/omo/_delivery/ingress/state/state-sync-2026-09-22T10-52-41Z.yaml
✅ system.yaml task 计数已同步 (真源=tasks/ 目录)
  completed_tasks: 302 → 302
  planned_tasks: 0 → 0
  active_tasks: 1 → 1
  blocked_tasks: 0 → 0
  total_tasks: 303 → 303
  next_planned_tasks: 0 项 (从 planned/ 重建, 僵尸已清)
  next_active_tasks:  1 项 (从 active/ 重建)
  tasks/registry/INDEX.md: Active/Planned/Blocked 表+计数+Updated 已重建 (active=1, planned=0, blocked=0, done=302)
state-sync (apply): changed=4
  - changed: .omo/state/runtime/health.yaml
  - changed: .omo/state/system.yaml
  - changed: .omo/state/runtime/brief.md
  - changed: .omo/state/runtime/governance-data.json
  artifact: runtime/omo/_delivery/ingress/state/state-sync-2026-09-22T11-22-52Z.yaml
✅ system.yaml task 计数已同步 (真源=tasks/ 目录)
  completed_tasks: 302 → 302
  planned_tasks: 0 → 0
  active_tasks: 1 → 1
  blocked_tasks: 0 → 0
  total_tasks: 303 → 303
  next_planned_tasks: 0 项 (从 planned/ 重建, 僵尸已清)
  next_active_tasks:  1 项 (从 active/ 重建)
  tasks/registry/INDEX.md: Active/Planned/Blocked 表+计数+Updated 已重建 (active=1, planned=0, blocked=0, done=302)
state-sync (apply): changed=4
  - changed: .omo/state/runtime/health.yaml
  - changed: .omo/state/system.yaml
  - changed: .omo/state/runtime/brief.md
  - changed: .omo/state/runtime/governance-data.json
  artifact: runtime/omo/_delivery/ingress/state/state-sync-2026-09-22T11-53-00Z.yaml
✅ system.yaml task 计数已同步 (真源=tasks/ 目录)
  completed_tasks: 302 → 302
  planned_tasks: 0 → 0
  active_tasks: 1 → 1
  blocked_tasks: 0 → 0
  total_tasks: 303 → 303
  next_planned_tasks: 0 项 (从 planned/ 重建, 僵尸已清)
  next_active_tasks:  1 项 (从 active/ 重建)
  tasks/registry/INDEX.md: Active/Planned/Blocked 表+计数+Updated 已重建 (active=1, planned=0, blocked=0, done=302)
state-sync (apply): changed=2
  - changed: .omo/state/runtime/health.yaml
  - changed: .omo/state/system.yaml
  - same: .omo/state/runtime/brief.md
  - same: .omo/state/runtime/governance-data.json
  artifact: runtime/omo/_delivery/ingress/state/state-sync-2026-09-22T12-23-12Z.yaml
✅ system.yaml task 计数已同步 (真源=tasks/ 目录)
  completed_tasks: 302 → 302
  planned_tasks: 0 → 0
  active_tasks: 1 → 1
  blocked_tasks: 0 → 0
  total_tasks: 303 → 303
  next_planned_tasks: 0 项 (从 planned/ 重建, 僵尸已清)
  next_active_tasks:  1 项 (从 active/ 重建)
  tasks/registry/INDEX.md: Active/Planned/Blocked 表+计数+Updated 已重建 (active=1, planned=0, blocked=0, done=302)
state-sync (apply): changed=2
  - changed: .omo/state/runtime/health.yaml
  - changed: .omo/state/system.yaml
  - same: .omo/state/runtime/brief.md
  - same: .omo/state/runtime/governance-data.json
  artifact: runtime/omo/_delivery/ingress/state/state-sync-2026-09-22T12-53-20Z.yaml
✅ system.yaml task 计数已同步 (真源=tasks/ 目录)
  completed_tasks: 302 → 302
  planned_tasks: 0 → 0
  active_tasks: 1 → 1
  blocked_tasks: 0 → 0
  total_tasks: 303 → 303
  next_planned_tasks: 0 项 (从 planned/ 重建, 僵尸已清)
  next_active_tasks:  1 项 (从 active/ 重建)
  tasks/registry/INDEX.md: Active/Planned/Blocked 表+计数+Updated 已重建 (active=1, planned=0, blocked=0, done=302)
state-sync (apply): changed=2
  - changed: .omo/state/runtime/health.yaml
  - changed: .omo/state/system.yaml
  - same: .omo/state/runtime/brief.md
  - same: .omo/state/runtime/governance-data.json
  artifact: runtime/omo/_delivery/ingress/state/state-sync-2026-09-22T13-23-29Z.yaml
✅ system.yaml task 计数已同步 (真源=tasks/ 目录)
  completed_tasks: 302 → 302
  planned_tasks: 0 → 0
  active_tasks: 1 → 1
  blocked_tasks: 0 → 0
  total_tasks: 303 → 303
  next_planned_tasks: 0 项 (从 planned/ 重建, 僵尸已清)
  next_active_tasks:  1 项 (从 active/ 重建)
  tasks/registry/INDEX.md: Active/Planned/Blocked 表+计数+Updated 已重建 (active=1, planned=0, blocked=0, done=302)
state-sync (apply): changed=2
  - changed: .omo/state/runtime/health.yaml
  - changed: .omo/state/system.yaml
  - same: .omo/state/runtime/brief.md
  - same: .omo/state/runtime/governance-data.json
  artifact: runtime/omo/_delivery/ingress/state/state-sync-2026-09-22T13-53-38Z.yaml
✅ system.yaml task 计数已同步 (真源=tasks/ 目录)
  completed_tasks: 302 → 302
  planned_tasks: 0 → 0
  active_tasks: 1 → 1
  blocked_tasks: 0 → 0
  total_tasks: 303 → 303
  next_planned_tasks: 0 项 (从 planned/ 重建, 僵尸已清)
  next_active_tasks:  1 项 (从 active/ 重建)
  tasks/registry/INDEX.md: Active/Planned/Blocked 表+计数+Updated 已重建 (active=1, planned=0, blocked=0, done=302)
state-sync (apply): changed=2
  - changed: .omo/state/runtime/health.yaml
  - changed: .omo/state/system.yaml
  - same: .omo/state/runtime/brief.md
  - same: .omo/state/runtime/governance-data.json
  artifact: runtime/omo/_delivery/ingress/state/state-sync-2026-09-22T14-23-46Z.yaml
✅ system.yaml task 计数已同步 (真源=tasks/ 目录)
  completed_tasks: 302 → 302
  planned_tasks: 0 → 0
  active_tasks: 1 → 1
  blocked_tasks: 0 → 0
  total_tasks: 303 → 303
  next_planned_tasks: 0 项 (从 planned/ 重建, 僵尸已清)
  next_active_tasks:  1 项 (从 active/ 重建)
  tasks/registry/INDEX.md: Active/Planned/Blocked 表+计数+Updated 已重建 (active=1, planned=0, blocked=0, done=302)
state-sync (apply): changed=2
  - changed: .omo/state/runtime/health.yaml
  - changed: .omo/state/system.yaml
  - same: .omo/state/runtime/brief.md
  - same: .omo/state/runtime/governance-data.json
  artifact: runtime/omo/_delivery/ingress/state/state-sync-2026-09-22T14-53-54Z.yaml
✅ system.yaml task 计数已同步 (真源=tasks/ 目录)
  completed_tasks: 302 → 302
  planned_tasks: 0 → 0
  active_tasks: 1 → 1
  blocked_tasks: 0 → 0
  total_tasks: 303 → 303
  next_planned_tasks: 0 项 (从 planned/ 重建, 僵尸已清)
  next_active_tasks:  1 项 (从 active/ 重建)
  tasks/registry/INDEX.md: Active/Planned/Blocked 表+计数+Updated 已重建 (active=1, planned=0, blocked=0, done=302)
state-sync (apply): changed=2
  - changed: .omo/state/runtime/health.yaml
  - changed: .omo/state/system.yaml
  - same: .omo/state/runtime/brief.md
  - same: .omo/state/runtime/governance-data.json
  artifact: runtime/omo/_delivery/ingress/state/state-sync-2026-09-22T15-24-03Z.yaml
✅ system.yaml task 计数已同步 (真源=tasks/ 目录)
  completed_tasks: 302 → 302
  planned_tasks: 0 → 0
  active_tasks: 1 → 1
  blocked_tasks: 0 → 0
  total_tasks: 303 → 303
  next_planned_tasks: 0 项 (从 planned/ 重建, 僵尸已清)
  next_active_tasks:  1 项 (从 active/ 重建)
  tasks/registry/INDEX.md: Active/Planned/Blocked 表+计数+Updated 已重建 (active=1, planned=0, blocked=0, done=302)
state-sync (apply): changed=2
  - changed: .omo/state/runtime/health.yaml
  - changed: .omo/state/system.yaml
  - same: .omo/state/runtime/brief.md
  - same: .omo/state/runtime/governance-data.json
  artifact: runtime/omo/_delivery/ingress/state/state-sync-2026-09-22T15-54-10Z.yaml
✅ system.yaml task 计数已同步 (真源=tasks/ 目录)
  completed_tasks: 302 → 302
  planned_tasks: 0 → 0
  active_tasks: 1 → 1
  blocked_tasks: 0 → 0
  total_tasks: 303 → 303
  next_planned_tasks: 0 项 (从 planned/ 重建, 僵尸已清)
  next_active_tasks:  1 项 (从 active/ 重建)
  tasks/registry/INDEX.md: Active/Planned/Blocked 表+计数+Updated 已重建 (active=1, planned=0, blocked=0, done=302)
state-sync (apply): changed=2
  - changed: .omo/state/runtime/health.yaml
  - changed: .omo/state/system.yaml
  - same: .omo/state/runtime/brief.md
  - same: .omo/state/runtime/governance-data.json
  artifact: runtime/omo/_delivery/ingress/state/state-sync-2026-09-22T16-24-18Z.yaml
✅ system.yaml task 计数已同步 (真源=tasks/ 目录)
  completed_tasks: 302 → 302
  planned_tasks: 0 → 0
  active_tasks: 1 → 1
  blocked_tasks: 0 → 0
  total_tasks: 303 → 303
  next_planned_tasks: 0 项 (从 planned/ 重建, 僵尸已清)
  next_active_tasks:  1 项 (从 active/ 重建)
  tasks/registry/INDEX.md: Active/Planned/Blocked 表+计数+Updated 已重建 (active=1, planned=0, blocked=0, done=302)
state-sync (apply): changed=2
  - changed: .omo/state/runtime/health.yaml
  - changed: .omo/state/system.yaml
  - same: .omo/state/runtime/brief.md
  - same: .omo/state/runtime/governance-data.json
  artifact: runtime/omo/_delivery/ingress/state/state-sync-2026-09-22T16-54-26Z.yaml
✅ system.yaml task 计数已同步 (真源=tasks/ 目录)
  completed_tasks: 302 → 302
  planned_tasks: 0 → 0
  active_tasks: 1 → 1
  blocked_tasks: 0 → 0
  total_tasks: 303 → 303
  next_planned_tasks: 0 项 (从 planned/ 重建, 僵尸已清)
  next_active_tasks:  1 项 (从 active/ 重建)
  tasks/registry/INDEX.md: Active/Planned/Blocked 表+计数+Updated 已重建 (active=1, planned=0, blocked=0, done=302)
state-sync (apply): changed=2
  - changed: .omo/state/runtime/health.yaml
  - changed: .omo/state/system.yaml
  - same: .omo/state/runtime/brief.md
  - same: .omo/state/runtime/governance-data.json
  artifact: runtime/omo/_delivery/ingress/state/state-sync-2026-09-22T17-24-35Z.yaml
✅ system.yaml task 计数已同步 (真源=tasks/ 目录)
  completed_tasks: 302 → 302
  planned_tasks: 0 → 0
  active_tasks: 1 → 1
  blocked_tasks: 0 → 0
  total_tasks: 303 → 303
  next_planned_tasks: 0 项 (从 planned/ 重建, 僵尸已清)
  next_active_tasks:  1 项 (从 active/ 重建)
  tasks/registry/INDEX.md: Active/Planned/Blocked 表+计数+Updated 已重建 (active=1, planned=0, blocked=0, done=302)
state-sync (apply): changed=2
  - changed: .omo/state/runtime/health.yaml
  - changed: .omo/state/system.yaml
  - same: .omo/state/runtime/brief.md
  - same: .omo/state/runtime/governance-data.json
  artifact: runtime/omo/_delivery/ingress/state/state-sync-2026-09-22T17-54-43Z.yaml
✅ system.yaml task 计数已同步 (真源=tasks/ 目录)
  completed_tasks: 302 → 302
  planned_tasks: 0 → 0
  active_tasks: 1 → 1
  blocked_tasks: 0 → 0
  total_tasks: 303 → 303
  next_planned_tasks: 0 项 (从 planned/ 重建, 僵尸已清)
  next_active_tasks:  1 项 (从 active/ 重建)
  tasks/registry/INDEX.md: Active/Planned/Blocked 表+计数+Updated 已重建 (active=1, planned=0, blocked=0, done=302)
state-sync (apply): changed=2
  - changed: .omo/state/runtime/health.yaml
  - changed: .omo/state/system.yaml
  - same: .omo/state/runtime/brief.md
  - same: .omo/state/runtime/governance-data.json
  artifact: runtime/omo/_delivery/ingress/state/state-sync-2026-09-22T18-24-52Z.yaml
✅ system.yaml task 计数已同步 (真源=tasks/ 目录)
  completed_tasks: 302 → 302
  planned_tasks: 0 → 0
  active_tasks: 1 → 1
  blocked_tasks: 0 → 0
  total_tasks: 303 → 303
  next_planned_tasks: 0 项 (从 planned/ 重建, 僵尸已清)
  next_active_tasks:  1 项 (从 active/ 重建)
  tasks/registry/INDEX.md: Active/Planned/Blocked 表+计数+Updated 已重建 (active=1, planned=0, blocked=0, done=302)
state-sync (apply): changed=2
  - changed: .omo/state/runtime/health.yaml
  - changed: .omo/state/system.yaml
  - same: .omo/state/runtime/brief.md
  - same: .omo/state/runtime/governance-data.json
  artifact: runtime/omo/_delivery/ingress/state/state-sync-2026-09-22T18-54-59Z.yaml
✅ system.yaml task 计数已同步 (真源=tasks/ 目录)
  completed_tasks: 302 → 302
  planned_tasks: 0 → 0
  active_tasks: 1 → 1
  blocked_tasks: 0 → 0
  total_tasks: 303 → 303
  next_planned_tasks: 0 项 (从 planned/ 重建, 僵尸已清)
  next_active_tasks:  1 项 (从 active/ 重建)
  tasks/registry/INDEX.md: Active/Planned/Blocked 表+计数+Updated 已重建 (active=1, planned=0, blocked=0, done=302)
state-sync (apply): changed=2
  - changed: .omo/state/runtime/health.yaml
  - changed: .omo/state/system.yaml
  - same: .omo/state/runtime/brief.md
  - same: .omo/state/runtime/governance-data.json
  artifact: runtime/omo/_delivery/ingress/state/state-sync-2026-09-22T19-25-08Z.yaml
✅ system.yaml task 计数已同步 (真源=tasks/ 目录)
  completed_tasks: 302 → 302
  planned_tasks: 0 → 0
  active_tasks: 1 → 1
  blocked_tasks: 0 → 0
  total_tasks: 303 → 303
  next_planned_tasks: 0 项 (从 planned/ 重建, 僵尸已清)
  next_active_tasks:  1 项 (从 active/ 重建)
  tasks/registry/INDEX.md: Active/Planned/Blocked 表+计数+Updated 已重建 (active=1, planned=0, blocked=0, done=302)
state-sync (apply): changed=2
  - changed: .omo/state/runtime/health.yaml
  - changed: .omo/state/system.yaml
  - same: .omo/state/runtime/brief.md
  - same: .omo/state/runtime/governance-data.json
  artifact: runtime/omo/_delivery/ingress/state/state-sync-2026-09-22T19-55-16Z.yaml
✅ system.yaml task 计数已同步 (真源=tasks/ 目录)
  completed_tasks: 302 → 302
  planned_tasks: 0 → 0
  active_tasks: 1 → 1
  blocked_tasks: 0 → 0
  total_tasks: 303 → 303
  next_planned_tasks: 0 项 (从 planned/ 重建, 僵尸已清)
  next_active_tasks:  1 项 (从 active/ 重建)
  tasks/registry/INDEX.md: Active/Planned/Blocked 表+计数+Updated 已重建 (active=1, planned=0, blocked=0, done=302)
state-sync (apply): changed=2
  - changed: .omo/state/runtime/health.yaml
  - changed: .omo/state/system.yaml
  - same: .omo/state/runtime/brief.md
  - same: .omo/state/runtime/governance-data.json
  artifact: runtime/omo/_delivery/ingress/state/state-sync-2026-09-22T20-25-24Z.yaml
✅ system.yaml task 计数已同步 (真源=tasks/ 目录)
  completed_tasks: 302 → 302
  planned_tasks: 0 → 0
  active_tasks: 1 → 1
  blocked_tasks: 0 → 0
  total_tasks: 303 → 303
  next_planned_tasks: 0 项 (从 planned/ 重建, 僵尸已清)
  next_active_tasks:  1 项 (从 active/ 重建)
  tasks/registry/INDEX.md: Active/Planned/Blocked 表+计数+Updated 已重建 (active=1, planned=0, blocked=0, done=302)
state-sync (apply): changed=2
  - changed: .omo/state/runtime/health.yaml
  - changed: .omo/state/system.yaml
  - same: .omo/state/runtime/brief.md
  - same: .omo/state/runtime/governance-data.json
  artifact: runtime/omo/_delivery/ingress/state/state-sync-2026-09-22T20-55-31Z.yaml
✅ system.yaml task 计数已同步 (真源=tasks/ 目录)
  completed_tasks: 302 → 302
  planned_tasks: 0 → 0
  active_tasks: 1 → 1
  blocked_tasks: 0 → 0
  total_tasks: 303 → 303
  next_planned_tasks: 0 项 (从 planned/ 重建, 僵尸已清)
  next_active_tasks:  1 项 (从 active/ 重建)
  tasks/registry/INDEX.md: Active/Planned/Blocked 表+计数+Updated 已重建 (active=1, planned=0, blocked=0, done=302)
state-sync (apply): changed=2
  - changed: .omo/state/runtime/health.yaml
  - changed: .omo/state/system.yaml
  - same: .omo/state/runtime/brief.md
  - same: .omo/state/runtime/governance-data.json
  artifact: runtime/omo/_delivery/ingress/state/state-sync-2026-09-22T21-25-41Z.yaml
✅ system.yaml task 计数已同步 (真源=tasks/ 目录)
  completed_tasks: 302 → 302
  planned_tasks: 0 → 0
  active_tasks: 1 → 1
  blocked_tasks: 0 → 0
  total_tasks: 303 → 303
  next_planned_tasks: 0 项 (从 planned/ 重建, 僵尸已清)
  next_active_tasks:  1 项 (从 active/ 重建)
  tasks/registry/INDEX.md: Active/Planned/Blocked 表+计数+Updated 已重建 (active=1, planned=0, blocked=0, done=302)
state-sync (apply): changed=2
  - changed: .omo/state/runtime/health.yaml
  - changed: .omo/state/system.yaml
  - same: .omo/state/runtime/brief.md
  - same: .omo/state/runtime/governance-data.json
  artifact: runtime/omo/_delivery/ingress/state/state-sync-2026-09-22T21-55-48Z.yaml
✅ system.yaml task 计数已同步 (真源=tasks/ 目录)
  completed_tasks: 302 → 302
  planned_tasks: 0 → 0
  active_tasks: 1 → 1
  blocked_tasks: 0 → 0
  total_tasks: 303 → 303
  next_planned_tasks: 0 项 (从 planned/ 重建, 僵尸已清)
  next_active_tasks:  1 项 (从 active/ 重建)
  tasks/registry/INDEX.md: Active/Planned/Blocked 表+计数+Updated 已重建 (active=1, planned=0, blocked=0, done=302)
state-sync (apply): changed=2
  - changed: .omo/state/runtime/health.yaml
  - changed: .omo/state/system.yaml
  - same: .omo/state/runtime/brief.md
  - same: .omo/state/runtime/governance-data.json
  artifact: runtime/omo/_delivery/ingress/state/state-sync-2026-09-22T22-25-57Z.yaml
✅ system.yaml task 计数已同步 (真源=tasks/ 目录)
  completed_tasks: 302 → 302
  planned_tasks: 0 → 0
  active_tasks: 1 → 1
  blocked_tasks: 0 → 0
  total_tasks: 303 → 303
  next_planned_tasks: 0 项 (从 planned/ 重建, 僵尸已清)
  next_active_tasks:  1 项 (从 active/ 重建)
  tasks/registry/INDEX.md: Active/Planned/Blocked 表+计数+Updated 已重建 (active=1, planned=0, blocked=0, done=302)
state-sync (apply): changed=2
  - changed: .omo/state/runtime/health.yaml
  - changed: .omo/state/system.yaml
  - same: .omo/state/runtime/brief.md
  - same: .omo/state/runtime/governance-data.json
  artifact: runtime/omo/_delivery/ingress/state/state-sync-2026-09-22T22-56-05Z.yaml
✅ system.yaml task 计数已同步 (真源=tasks/ 目录)
  completed_tasks: 302 → 302
  planned_tasks: 0 → 0
  active_tasks: 1 → 1
  blocked_tasks: 0 → 0
  total_tasks: 303 → 303
  next_planned_tasks: 0 项 (从 planned/ 重建, 僵尸已清)
  next_active_tasks:  1 项 (从 active/ 重建)
  tasks/registry/INDEX.md: Active/Planned/Blocked 表+计数+Updated 已重建 (active=1, planned=0, blocked=0, done=302)
state-sync (apply): changed=2
  - changed: .omo/state/runtime/health.yaml
  - changed: .omo/state/system.yaml
  - same: .omo/state/runtime/brief.md
  - same: .omo/state/runtime/governance-data.json
  artifact: runtime/omo/_delivery/ingress/state/state-sync-2026-09-22T23-26-14Z.yaml
✅ system.yaml task 计数已同步 (真源=tasks/ 目录)
  completed_tasks: 302 → 302
  planned_tasks: 0 → 0
  active_tasks: 1 → 1
  blocked_tasks: 0 → 0
  total_tasks: 303 → 303
  next_planned_tasks: 0 项 (从 planned/ 重建, 僵尸已清)
  next_active_tasks:  1 项 (从 active/ 重建)
  tasks/registry/INDEX.md: Active/Planned/Blocked 表+计数+Updated 已重建 (active=1, planned=0, blocked=0, done=302)
state-sync (apply): changed=2
  - changed: .omo/state/runtime/health.yaml
  - changed: .omo/state/system.yaml
  - same: .omo/state/runtime/brief.md
  - same: .omo/state/runtime/governance-data.json
  artifact: runtime/omo/_delivery/ingress/state/state-sync-2026-09-22T23-56-21Z.yaml
✅ system.yaml task 计数已同步 (真源=tasks/ 目录)
  completed_tasks: 302 → 302
  planned_tasks: 0 → 0
  active_tasks: 1 → 1
  blocked_tasks: 0 → 0
  total_tasks: 303 → 303
  next_planned_tasks: 0 项 (从 planned/ 重建, 僵尸已清)
  next_active_tasks:  1 项 (从 active/ 重建)
  tasks/registry/INDEX.md: Active/Planned/Blocked 表+计数+Updated 已重建 (active=1, planned=0, blocked=0, done=302)
state-sync (apply): changed=2
  - changed: .omo/state/runtime/health.yaml
  - changed: .omo/state/system.yaml
  - same: .omo/state/runtime/brief.md
  - same: .omo/state/runtime/governance-data.json
  artifact: runtime/omo/_delivery/ingress/state/state-sync-2026-09-23T00-26-29Z.yaml
✅ system.yaml task 计数已同步 (真源=tasks/ 目录)
  completed_tasks: 302 → 302
  planned_tasks: 0 → 0
  active_tasks: 1 → 1
  blocked_tasks: 0 → 0
  total_tasks: 303 → 303
  next_planned_tasks: 0 项 (从 planned/ 重建, 僵尸已清)
  next_active_tasks:  1 项 (从 active/ 重建)
  tasks/registry/INDEX.md: Active/Planned/Blocked 表+计数+Updated 已重建 (active=1, planned=0, blocked=0, done=302)
state-sync (apply): changed=2
  - changed: .omo/state/runtime/health.yaml
  - changed: .omo/state/system.yaml
  - same: .omo/state/runtime/brief.md
  - same: .omo/state/runtime/governance-data.json
  artifact: runtime/omo/_delivery/ingress/state/state-sync-2026-09-23T00-56-37Z.yaml
✅ system.yaml task 计数已同步 (真源=tasks/ 目录)
  completed_tasks: 302 → 302
  planned_tasks: 0 → 0
  active_tasks: 1 → 1
  blocked_tasks: 0 → 0
  total_tasks: 303 → 303
  next_planned_tasks: 0 项 (从 planned/ 重建, 僵尸已清)
  next_active_tasks:  1 项 (从 active/ 重建)
  tasks/registry/INDEX.md: Active/Planned/Blocked 表+计数+Updated 已重建 (active=1, planned=0, blocked=0, done=302)
state-sync (apply): changed=2
  - changed: .omo/state/runtime/health.yaml
  - changed: .omo/state/system.yaml
  - same: .omo/state/runtime/brief.md
  - same: .omo/state/runtime/governance-data.json
  artifact: runtime/omo/_delivery/ingress/state/state-sync-2026-09-23T01-26-46Z.yaml
✅ system.yaml task 计数已同步 (真源=tasks/ 目录)
  completed_tasks: 302 → 302
  planned_tasks: 0 → 0
  active_tasks: 1 → 1
  blocked_tasks: 0 → 0
  total_tasks: 303 → 303
  next_planned_tasks: 0 项 (从 planned/ 重建, 僵尸已清)
  next_active_tasks:  1 项 (从 active/ 重建)
  tasks/registry/INDEX.md: Active/Planned/Blocked 表+计数+Updated 已重建 (active=1, planned=0, blocked=0, done=302)
state-sync (apply): changed=4
  - changed: .omo/state/runtime/health.yaml
  - changed: .omo/state/system.yaml
  - changed: .omo/state/runtime/brief.md
  - changed: .omo/state/runtime/governance-data.json
  artifact: runtime/omo/_delivery/ingress/state/state-sync-2026-09-23T01-56-55Z.yaml
✅ system.yaml task 计数已同步 (真源=tasks/ 目录)
  completed_tasks: 302 → 302
  planned_tasks: 0 → 0
  active_tasks: 1 → 1
  blocked_tasks: 0 → 0
  total_tasks: 303 → 303
  next_planned_tasks: 0 项 (从 planned/ 重建, 僵尸已清)
  next_active_tasks:  1 项 (从 active/ 重建)
  tasks/registry/INDEX.md: Active/Planned/Blocked 表+计数+Updated 已重建 (active=1, planned=0, blocked=0, done=302)
state-sync (apply): changed=4
  - changed: .omo/state/runtime/health.yaml
  - changed: .omo/state/system.yaml
  - changed: .omo/state/runtime/brief.md
  - changed: .omo/state/runtime/governance-data.json
  artifact: runtime/omo/_delivery/ingress/state/state-sync-2026-09-23T02-27-14Z.yaml
✅ system.yaml task 计数已同步 (真源=tasks/ 目录)
  completed_tasks: 302 → 302
  planned_tasks: 0 → 0
  active_tasks: 1 → 1
  blocked_tasks: 0 → 0
  total_tasks: 303 → 303
  next_planned_tasks: 0 项 (从 planned/ 重建, 僵尸已清)
  next_active_tasks:  1 项 (从 active/ 重建)
  tasks/registry/INDEX.md: Active/Planned/Blocked 表+计数+Updated 已重建 (active=1, planned=0, blocked=0, done=302)
state-sync (apply): changed=4
  - changed: .omo/state/runtime/health.yaml
  - changed: .omo/state/system.yaml
  - changed: .omo/state/runtime/brief.md
  - changed: .omo/state/runtime/governance-data.json
  artifact: runtime/omo/_delivery/ingress/state/state-sync-2026-09-23T02-57-33Z.yaml
✅ system.yaml task 计数已同步 (真源=tasks/ 目录)
  completed_tasks: 302 → 302
  planned_tasks: 0 → 0
  active_tasks: 1 → 1
  blocked_tasks: 0 → 0
  total_tasks: 303 → 303
  next_planned_tasks: 0 项 (从 planned/ 重建, 僵尸已清)
  next_active_tasks:  1 项 (从 active/ 重建)
  tasks/registry/INDEX.md: Active/Planned/Blocked 表+计数+Updated 已重建 (active=1, planned=0, blocked=0, done=302)
state-sync (apply): changed=4
  - changed: .omo/state/runtime/health.yaml
  - changed: .omo/state/system.yaml
  - changed: .omo/state/runtime/brief.md
  - changed: .omo/state/runtime/governance-data.json
  artifact: runtime/omo/_delivery/ingress/state/state-sync-2026-09-23T03-28-32Z.yaml
✅ system.yaml task 计数已同步 (真源=tasks/ 目录)
  completed_tasks: 302 → 302
  planned_tasks: 0 → 0
  active_tasks: 1 → 1
  blocked_tasks: 0 → 0
  total_tasks: 303 → 303
  next_planned_tasks: 0 项 (从 planned/ 重建, 僵尸已清)
  next_active_tasks:  1 项 (从 active/ 重建)
  tasks/registry/INDEX.md: Active/Planned/Blocked 表+计数+Updated 已重建 (active=1, planned=0, blocked=0, done=302)
state-sync (apply): changed=2
  - changed: .omo/state/runtime/health.yaml
  - changed: .omo/state/system.yaml
  - same: .omo/state/runtime/brief.md
  - same: .omo/state/runtime/governance-data.json
  artifact: runtime/omo/_delivery/ingress/state/state-sync-2026-09-23T03-58-44Z.yaml
✅ system.yaml task 计数已同步 (真源=tasks/ 目录)
  completed_tasks: 302 → 302
  planned_tasks: 0 → 0
  active_tasks: 1 → 1
  blocked_tasks: 0 → 0
  total_tasks: 303 → 303
  next_planned_tasks: 0 项 (从 planned/ 重建, 僵尸已清)
  next_active_tasks:  1 项 (从 active/ 重建)
  tasks/registry/INDEX.md: Active/Planned/Blocked 表+计数+Updated 已重建 (active=1, planned=0, blocked=0, done=302)
state-sync (apply): changed=4
  - changed: .omo/state/runtime/health.yaml
  - changed: .omo/state/system.yaml
  - changed: .omo/state/runtime/brief.md
  - changed: .omo/state/runtime/governance-data.json
  artifact: runtime/omo/_delivery/ingress/state/state-sync-2026-09-23T04-28-53Z.yaml
✅ system.yaml task 计数已同步 (真源=tasks/ 目录)
  completed_tasks: 302 → 302
  planned_tasks: 0 → 0
  active_tasks: 1 → 1
  blocked_tasks: 0 → 0
  total_tasks: 303 → 303
  next_planned_tasks: 0 项 (从 planned/ 重建, 僵尸已清)
  next_active_tasks:  1 项 (从 active/ 重建)
  tasks/registry/INDEX.md: Active/Planned/Blocked 表+计数+Updated 已重建 (active=1, planned=0, blocked=0, done=302)
state-sync (apply): changed=4
  - changed: .omo/state/runtime/health.yaml
  - changed: .omo/state/system.yaml
  - changed: .omo/state/runtime/brief.md
  - changed: .omo/state/runtime/governance-data.json
  artifact: runtime/omo/_delivery/ingress/state/state-sync-2026-09-23T04-59-01Z.yaml
✅ system.yaml task 计数已同步 (真源=tasks/ 目录)
  completed_tasks: 302 → 302
  planned_tasks: 0 → 0
  active_tasks: 1 → 1
  blocked_tasks: 0 → 0
  total_tasks: 303 → 303
  next_planned_tasks: 0 项 (从 planned/ 重建, 僵尸已清)
  next_active_tasks:  1 项 (从 active/ 重建)
  tasks/registry/INDEX.md: Active/Planned/Blocked 表+计数+Updated 已重建 (active=1, planned=0, blocked=0, done=302)
state-sync (apply): changed=2
  - changed: .omo/state/runtime/health.yaml
  - changed: .omo/state/system.yaml
  - same: .omo/state/runtime/brief.md
  - same: .omo/state/runtime/governance-data.json
  artifact: runtime/omo/_delivery/ingress/state/state-sync-2026-09-23T05-29-10Z.yaml
✅ system.yaml task 计数已同步 (真源=tasks/ 目录)
  completed_tasks: 302 → 302
  planned_tasks: 0 → 0
  active_tasks: 1 → 1
  blocked_tasks: 0 → 0
  total_tasks: 303 → 303
  next_planned_tasks: 0 项 (从 planned/ 重建, 僵尸已清)
  next_active_tasks:  1 项 (从 active/ 重建)
  tasks/registry/INDEX.md: Active/Planned/Blocked 表+计数+Updated 已重建 (active=1, planned=0, blocked=0, done=302)
state-sync (apply): changed=2
  - changed: .omo/state/runtime/health.yaml
  - changed: .omo/state/system.yaml
  - same: .omo/state/runtime/brief.md
  - same: .omo/state/runtime/governance-data.json
  artifact: runtime/omo/_delivery/ingress/state/state-sync-2026-09-23T05-59-21Z.yaml
✅ system.yaml task 计数已同步 (真源=tasks/ 目录)
  completed_tasks: 302 → 302
  planned_tasks: 0 → 0
  active_tasks: 1 → 1
  blocked_tasks: 0 → 0
  total_tasks: 303 → 303
  next_planned_tasks: 0 项 (从 planned/ 重建, 僵尸已清)
  next_active_tasks:  1 项 (从 active/ 重建)
  tasks/registry/INDEX.md: Active/Planned/Blocked 表+计数+Updated 已重建 (active=1, planned=0, blocked=0, done=302)
state-sync (apply): changed=3
  - changed: .omo/state/runtime/health.yaml
  - changed: .omo/state/system.yaml
  - changed: .omo/state/runtime/brief.md
  - same: .omo/state/runtime/governance-data.json
  artifact: runtime/omo/_delivery/ingress/state/state-sync-2026-09-23T06-29-33Z.yaml
✅ system.yaml task 计数已同步 (真源=tasks/ 目录)
  completed_tasks: 302 → 302
  planned_tasks: 0 → 0
  active_tasks: 1 → 1
  blocked_tasks: 0 → 0
  total_tasks: 303 → 303
  next_planned_tasks: 0 项 (从 planned/ 重建, 僵尸已清)
  next_active_tasks:  1 项 (从 active/ 重建)
  tasks/registry/INDEX.md: Active/Planned/Blocked 表+计数+Updated 已重建 (active=1, planned=0, blocked=0, done=302)
state-sync (apply): changed=2
  - changed: .omo/state/runtime/health.yaml
  - changed: .omo/state/system.yaml
  - same: .omo/state/runtime/brief.md
  - same: .omo/state/runtime/governance-data.json
  artifact: runtime/omo/_delivery/ingress/state/state-sync-2026-09-23T06-59-41Z.yaml
✅ system.yaml task 计数已同步 (真源=tasks/ 目录)
  completed_tasks: 302 → 302
  planned_tasks: 0 → 0
  active_tasks: 1 → 1
  blocked_tasks: 0 → 0
  total_tasks: 303 → 303
  next_planned_tasks: 0 项 (从 planned/ 重建, 僵尸已清)
  next_active_tasks:  1 项 (从 active/ 重建)
  tasks/registry/INDEX.md: Active/Planned/Blocked 表+计数+Updated 已重建 (active=1, planned=0, blocked=0, done=302)
state-sync (apply): changed=4
  - changed: .omo/state/runtime/health.yaml
  - changed: .omo/state/system.yaml
  - changed: .omo/state/runtime/brief.md
  - changed: .omo/state/runtime/governance-data.json
  artifact: runtime/omo/_delivery/ingress/state/state-sync-2026-09-23T07-29-51Z.yaml
✅ system.yaml task 计数已同步 (真源=tasks/ 目录)
  completed_tasks: 302 → 302
  planned_tasks: 0 → 0
  active_tasks: 1 → 1
  blocked_tasks: 0 → 0
  total_tasks: 303 → 303
  next_planned_tasks: 0 项 (从 planned/ 重建, 僵尸已清)
  next_active_tasks:  1 项 (从 active/ 重建)
  tasks/registry/INDEX.md: Active/Planned/Blocked 表+计数+Updated 已重建 (active=1, planned=0, blocked=0, done=302)
state-sync (apply): changed=2
  - changed: .omo/state/runtime/health.yaml
  - changed: .omo/state/system.yaml
  - same: .omo/state/runtime/brief.md
  - same: .omo/state/runtime/governance-data.json
  artifact: runtime/omo/_delivery/ingress/state/state-sync-2026-09-23T08-00-06Z.yaml
✅ system.yaml task 计数已同步 (真源=tasks/ 目录)
  completed_tasks: 302 → 302
  planned_tasks: 0 → 0
  active_tasks: 1 → 1
  blocked_tasks: 0 → 0
  total_tasks: 303 → 303
  next_planned_tasks: 0 项 (从 planned/ 重建, 僵尸已清)
  next_active_tasks:  1 项 (从 active/ 重建)
  tasks/registry/INDEX.md: Active/Planned/Blocked 表+计数+Updated 已重建 (active=1, planned=0, blocked=0, done=302)
state-sync (apply): changed=4
  - changed: .omo/state/runtime/health.yaml
  - changed: .omo/state/system.yaml
  - changed: .omo/state/runtime/brief.md
  - changed: .omo/state/runtime/governance-data.json
  artifact: runtime/omo/_delivery/ingress/state/state-sync-2026-09-23T08-31-09Z.yaml
✅ system.yaml task 计数已同步 (真源=tasks/ 目录)
  completed_tasks: 302 → 302
  planned_tasks: 0 → 0
  active_tasks: 1 → 1
  blocked_tasks: 0 → 0
  total_tasks: 303 → 303
  next_planned_tasks: 0 项 (从 planned/ 重建, 僵尸已清)
  next_active_tasks:  1 项 (从 active/ 重建)
  tasks/registry/INDEX.md: Active/Planned/Blocked 表+计数+Updated 已重建 (active=1, planned=0, blocked=0, done=302)
state-sync (apply): changed=2
  - changed: .omo/state/runtime/health.yaml
  - changed: .omo/state/system.yaml
  - same: .omo/state/runtime/brief.md
  - same: .omo/state/runtime/governance-data.json
  artifact: runtime/omo/_delivery/ingress/state/state-sync-2026-09-23T09-01-17Z.yaml
✅ system.yaml task 计数已同步 (真源=tasks/ 目录)
  completed_tasks: 302 → 302
  planned_tasks: 0 → 0
  active_tasks: 1 → 1
  blocked_tasks: 0 → 0
  total_tasks: 303 → 303
  next_planned_tasks: 0 项 (从 planned/ 重建, 僵尸已清)
  next_active_tasks:  1 项 (从 active/ 重建)
  tasks/registry/INDEX.md: Active/Planned/Blocked 表+计数+Updated 已重建 (active=1, planned=0, blocked=0, done=302)
state-sync (apply): changed=4
  - changed: .omo/state/runtime/health.yaml
  - changed: .omo/state/system.yaml
  - changed: .omo/state/runtime/brief.md
  - changed: .omo/state/runtime/governance-data.json
  artifact: runtime/omo/_delivery/ingress/state/state-sync-2026-09-23T09-31-33Z.yaml
✅ system.yaml task 计数已同步 (真源=tasks/ 目录)
  completed_tasks: 302 → 302
  planned_tasks: 0 → 0
  active_tasks: 1 → 1
  blocked_tasks: 0 → 0
  total_tasks: 303 → 303
  next_planned_tasks: 0 项 (从 planned/ 重建, 僵尸已清)
  next_active_tasks:  1 项 (从 active/ 重建)
  tasks/registry/INDEX.md: Active/Planned/Blocked 表+计数+Updated 已重建 (active=1, planned=0, blocked=0, done=302)
state-sync (apply): changed=2
  - changed: .omo/state/runtime/health.yaml
  - changed: .omo/state/system.yaml
  - same: .omo/state/runtime/brief.md
  - same: .omo/state/runtime/governance-data.json
  artifact: runtime/omo/_delivery/ingress/state/state-sync-2026-09-23T10-01-43Z.yaml
✅ system.yaml task 计数已同步 (真源=tasks/ 目录)
  completed_tasks: 302 → 302
  planned_tasks: 0 → 0
  active_tasks: 1 → 1
  blocked_tasks: 0 → 0
  total_tasks: 303 → 303
  next_planned_tasks: 0 项 (从 planned/ 重建, 僵尸已清)
  next_active_tasks:  1 项 (从 active/ 重建)
  tasks/registry/INDEX.md: Active/Planned/Blocked 表+计数+Updated 已重建 (active=1, planned=0, blocked=0, done=302)
state-sync (apply): changed=4
  - changed: .omo/state/runtime/health.yaml
  - changed: .omo/state/system.yaml
  - changed: .omo/state/runtime/brief.md
  - changed: .omo/state/runtime/governance-data.json
  artifact: runtime/omo/_delivery/ingress/state/state-sync-2026-09-23T10-31-53Z.yaml
✅ system.yaml task 计数已同步 (真源=tasks/ 目录)
  completed_tasks: 302 → 302
  planned_tasks: 0 → 0
  active_tasks: 1 → 1
  blocked_tasks: 0 → 0
  total_tasks: 303 → 303
  next_planned_tasks: 0 项 (从 planned/ 重建, 僵尸已清)
  next_active_tasks:  1 项 (从 active/ 重建)
  tasks/registry/INDEX.md: Active/Planned/Blocked 表+计数+Updated 已重建 (active=1, planned=0, blocked=0, done=302)
state-sync (apply): changed=2
  - changed: .omo/state/runtime/health.yaml
  - changed: .omo/state/system.yaml
  - same: .omo/state/runtime/brief.md
  - same: .omo/state/runtime/governance-data.json
  artifact: runtime/omo/_delivery/ingress/state/state-sync-2026-09-23T11-02-02Z.yaml
✅ system.yaml task 计数已同步 (真源=tasks/ 目录)
  completed_tasks: 302 → 302
  planned_tasks: 0 → 0
  active_tasks: 1 → 1
  blocked_tasks: 0 → 0
  total_tasks: 303 → 303
  next_planned_tasks: 0 项 (从 planned/ 重建, 僵尸已清)
  next_active_tasks:  1 项 (从 active/ 重建)
  tasks/registry/INDEX.md: Active/Planned/Blocked 表+计数+Updated 已重建 (active=1, planned=0, blocked=0, done=302)
state-sync (apply): changed=4
  - changed: .omo/state/runtime/health.yaml
  - changed: .omo/state/system.yaml
  - changed: .omo/state/runtime/brief.md
  - changed: .omo/state/runtime/governance-data.json
  artifact: runtime/omo/_delivery/ingress/state/state-sync-2026-09-23T11-32-14Z.yaml
✅ system.yaml task 计数已同步 (真源=tasks/ 目录)
  completed_tasks: 302 → 302
  planned_tasks: 0 → 0
  active_tasks: 1 → 1
  blocked_tasks: 0 → 0
  total_tasks: 303 → 303
  next_planned_tasks: 0 项 (从 planned/ 重建, 僵尸已清)
  next_active_tasks:  1 项 (从 active/ 重建)
  tasks/registry/INDEX.md: Active/Planned/Blocked 表+计数+Updated 已重建 (active=1, planned=0, blocked=0, done=302)
state-sync (apply): changed=4
  - changed: .omo/state/runtime/health.yaml
  - changed: .omo/state/system.yaml
  - changed: .omo/state/runtime/brief.md
  - changed: .omo/state/runtime/governance-data.json
  artifact: runtime/omo/_delivery/ingress/state/state-sync-2026-09-23T12-02-34Z.yaml
✅ system.yaml task 计数已同步 (真源=tasks/ 目录)
  completed_tasks: 302 → 302
  planned_tasks: 0 → 0
  active_tasks: 1 → 1
  blocked_tasks: 0 → 0
  total_tasks: 303 → 303
  next_planned_tasks: 0 项 (从 planned/ 重建, 僵尸已清)
  next_active_tasks:  1 项 (从 active/ 重建)
  tasks/registry/INDEX.md: Active/Planned/Blocked 表+计数+Updated 已重建 (active=1, planned=0, blocked=0, done=302)
state-sync (apply): changed=4
  - changed: .omo/state/runtime/health.yaml
  - changed: .omo/state/system.yaml
  - changed: .omo/state/runtime/brief.md
  - changed: .omo/state/runtime/governance-data.json
  artifact: runtime/omo/_delivery/ingress/state/state-sync-2026-09-23T12-32-44Z.yaml
✅ system.yaml task 计数已同步 (真源=tasks/ 目录)
  completed_tasks: 302 → 302
  planned_tasks: 0 → 0
  active_tasks: 1 → 1
  blocked_tasks: 0 → 0
  total_tasks: 303 → 303
  next_planned_tasks: 0 项 (从 planned/ 重建, 僵尸已清)
  next_active_tasks:  1 项 (从 active/ 重建)
  tasks/registry/INDEX.md: Active/Planned/Blocked 表+计数+Updated 已重建 (active=1, planned=0, blocked=0, done=302)
state-sync (apply): changed=4
  - changed: .omo/state/runtime/health.yaml
  - changed: .omo/state/system.yaml
  - changed: .omo/state/runtime/brief.md
  - changed: .omo/state/runtime/governance-data.json
  artifact: runtime/omo/_delivery/ingress/state/state-sync-2026-09-23T13-02-52Z.yaml
✅ system.yaml task 计数已同步 (真源=tasks/ 目录)
  completed_tasks: 302 → 302
  planned_tasks: 0 → 0
  active_tasks: 1 → 1
  blocked_tasks: 0 → 0
  total_tasks: 303 → 303
  next_planned_tasks: 0 项 (从 planned/ 重建, 僵尸已清)
  next_active_tasks:  1 项 (从 active/ 重建)
  tasks/registry/INDEX.md: Active/Planned/Blocked 表+计数+Updated 已重建 (active=1, planned=0, blocked=0, done=302)
state-sync (apply): changed=4
  - changed: .omo/state/runtime/health.yaml
  - changed: .omo/state/system.yaml
  - changed: .omo/state/runtime/brief.md
  - changed: .omo/state/runtime/governance-data.json
  artifact: runtime/omo/_delivery/ingress/state/state-sync-2026-09-23T13-33-02Z.yaml
✅ system.yaml task 计数已同步 (真源=tasks/ 目录)
  completed_tasks: 302 → 302
  planned_tasks: 0 → 0
  active_tasks: 1 → 1
  blocked_tasks: 0 → 0
  total_tasks: 303 → 303
  next_planned_tasks: 0 项 (从 planned/ 重建, 僵尸已清)
  next_active_tasks:  1 项 (从 active/ 重建)
  tasks/registry/INDEX.md: Active/Planned/Blocked 表+计数+Updated 已重建 (active=1, planned=0, blocked=0, done=302)
state-sync (apply): changed=2
  - changed: .omo/state/runtime/health.yaml
  - changed: .omo/state/system.yaml
  - same: .omo/state/runtime/brief.md
  - same: .omo/state/runtime/governance-data.json
  artifact: runtime/omo/_delivery/ingress/state/state-sync-2026-09-23T14-03-09Z.yaml
✅ system.yaml task 计数已同步 (真源=tasks/ 目录)
  completed_tasks: 302 → 302
  planned_tasks: 0 → 0
  active_tasks: 1 → 1
  blocked_tasks: 0 → 0
  total_tasks: 303 → 303
  next_planned_tasks: 0 项 (从 planned/ 重建, 僵尸已清)
  next_active_tasks:  1 项 (从 active/ 重建)
  tasks/registry/INDEX.md: Active/Planned/Blocked 表+计数+Updated 已重建 (active=1, planned=0, blocked=0, done=302)
state-sync (apply): changed=4
  - changed: .omo/state/runtime/health.yaml
  - changed: .omo/state/system.yaml
  - changed: .omo/state/runtime/brief.md
  - changed: .omo/state/runtime/governance-data.json
  artifact: runtime/omo/_delivery/ingress/state/state-sync-2026-09-23T14-33-18Z.yaml
✅ system.yaml task 计数已同步 (真源=tasks/ 目录)
  completed_tasks: 302 → 302
  planned_tasks: 0 → 0
  active_tasks: 1 → 1
  blocked_tasks: 0 → 0
  total_tasks: 303 → 303
  next_planned_tasks: 0 项 (从 planned/ 重建, 僵尸已清)
  next_active_tasks:  1 项 (从 active/ 重建)
  tasks/registry/INDEX.md: Active/Planned/Blocked 表+计数+Updated 已重建 (active=1, planned=0, blocked=0, done=302)
state-sync (apply): changed=4
  - changed: .omo/state/runtime/health.yaml
  - changed: .omo/state/system.yaml
  - changed: .omo/state/runtime/brief.md
  - changed: .omo/state/runtime/governance-data.json
  artifact: runtime/omo/_delivery/ingress/state/state-sync-2026-09-23T15-03-27Z.yaml
✅ system.yaml task 计数已同步 (真源=tasks/ 目录)
  completed_tasks: 302 → 302
  planned_tasks: 0 → 0
  active_tasks: 1 → 1
  blocked_tasks: 0 → 0
  total_tasks: 303 → 303
  next_planned_tasks: 0 项 (从 planned/ 重建, 僵尸已清)
  next_active_tasks:  1 项 (从 active/ 重建)
  tasks/registry/INDEX.md: Active/Planned/Blocked 表+计数+Updated 已重建 (active=1, planned=0, blocked=0, done=302)
state-sync (apply): changed=2
  - changed: .omo/state/runtime/health.yaml
  - changed: .omo/state/system.yaml
  - same: .omo/state/runtime/brief.md
  - same: .omo/state/runtime/governance-data.json
  artifact: runtime/omo/_delivery/ingress/state/state-sync-2026-09-23T15-33-35Z.yaml
✅ system.yaml task 计数已同步 (真源=tasks/ 目录)
  completed_tasks: 302 → 302
  planned_tasks: 0 → 0
  active_tasks: 1 → 1
  blocked_tasks: 0 → 0
  total_tasks: 303 → 303
  next_planned_tasks: 0 项 (从 planned/ 重建, 僵尸已清)
  next_active_tasks:  1 项 (从 active/ 重建)
  tasks/registry/INDEX.md: Active/Planned/Blocked 表+计数+Updated 已重建 (active=1, planned=0, blocked=0, done=302)
state-sync (apply): changed=4
  - changed: .omo/state/runtime/health.yaml
  - changed: .omo/state/system.yaml
  - changed: .omo/state/runtime/brief.md
  - changed: .omo/state/runtime/governance-data.json
  artifact: runtime/omo/_delivery/ingress/state/state-sync-2026-09-23T16-03-43Z.yaml
✅ system.yaml task 计数已同步 (真源=tasks/ 目录)
  completed_tasks: 302 → 302
  planned_tasks: 0 → 0
  active_tasks: 1 → 1
  blocked_tasks: 0 → 0
  total_tasks: 303 → 303
  next_planned_tasks: 0 项 (从 planned/ 重建, 僵尸已清)
  next_active_tasks:  1 项 (从 active/ 重建)
  tasks/registry/INDEX.md: Active/Planned/Blocked 表+计数+Updated 已重建 (active=1, planned=0, blocked=0, done=302)
state-sync (apply): changed=2
  - changed: .omo/state/runtime/health.yaml
  - changed: .omo/state/system.yaml
  - same: .omo/state/runtime/brief.md
  - same: .omo/state/runtime/governance-data.json
  artifact: runtime/omo/_delivery/ingress/state/state-sync-2026-09-23T16-33-50Z.yaml
✅ system.yaml task 计数已同步 (真源=tasks/ 目录)
  completed_tasks: 302 → 302
  planned_tasks: 0 → 0
  active_tasks: 1 → 1
  blocked_tasks: 0 → 0
  total_tasks: 303 → 303
  next_planned_tasks: 0 项 (从 planned/ 重建, 僵尸已清)
  next_active_tasks:  1 项 (从 active/ 重建)
  tasks/registry/INDEX.md: Active/Planned/Blocked 表+计数+Updated 已重建 (active=1, planned=0, blocked=0, done=302)
state-sync (apply): changed=2
  - changed: .omo/state/runtime/health.yaml
  - changed: .omo/state/system.yaml
  - same: .omo/state/runtime/brief.md
  - same: .omo/state/runtime/governance-data.json
  artifact: runtime/omo/_delivery/ingress/state/state-sync-2026-09-23T17-03-57Z.yaml
✅ system.yaml task 计数已同步 (真源=tasks/ 目录)
  completed_tasks: 302 → 302
  planned_tasks: 0 → 0
  active_tasks: 1 → 1
  blocked_tasks: 0 → 0
  total_tasks: 303 → 303
  next_planned_tasks: 0 项 (从 planned/ 重建, 僵尸已清)
  next_active_tasks:  1 项 (从 active/ 重建)
  tasks/registry/INDEX.md: Active/Planned/Blocked 表+计数+Updated 已重建 (active=1, planned=0, blocked=0, done=302)
state-sync (apply): changed=4
  - changed: .omo/state/runtime/health.yaml
  - changed: .omo/state/system.yaml
  - changed: .omo/state/runtime/brief.md
  - changed: .omo/state/runtime/governance-data.json
  artifact: runtime/omo/_delivery/ingress/state/state-sync-2026-09-23T17-34-05Z.yaml
✅ system.yaml task 计数已同步 (真源=tasks/ 目录)
  completed_tasks: 302 → 302
  planned_tasks: 0 → 0
  active_tasks: 1 → 1
  blocked_tasks: 0 → 0
  total_tasks: 303 → 303
  next_planned_tasks: 0 项 (从 planned/ 重建, 僵尸已清)
  next_active_tasks:  1 项 (从 active/ 重建)
  tasks/registry/INDEX.md: Active/Planned/Blocked 表+计数+Updated 已重建 (active=1, planned=0, blocked=0, done=302)
state-sync (apply): changed=4
  - changed: .omo/state/runtime/health.yaml
  - changed: .omo/state/system.yaml
  - changed: .omo/state/runtime/brief.md
  - changed: .omo/state/runtime/governance-data.json
  artifact: runtime/omo/_delivery/ingress/state/state-sync-2026-09-23T18-04-14Z.yaml
✅ system.yaml task 计数已同步 (真源=tasks/ 目录)
  completed_tasks: 302 → 302
  planned_tasks: 0 → 0
  active_tasks: 1 → 1
  blocked_tasks: 0 → 0
  total_tasks: 303 → 303
  next_planned_tasks: 0 项 (从 planned/ 重建, 僵尸已清)
  next_active_tasks:  1 项 (从 active/ 重建)
  tasks/registry/INDEX.md: Active/Planned/Blocked 表+计数+Updated 已重建 (active=1, planned=0, blocked=0, done=302)
state-sync (apply): changed=4
  - changed: .omo/state/runtime/health.yaml
  - changed: .omo/state/system.yaml
  - changed: .omo/state/runtime/brief.md
  - changed: .omo/state/runtime/governance-data.json
  artifact: runtime/omo/_delivery/ingress/state/state-sync-2026-09-23T18-34-21Z.yaml
✅ system.yaml task 计数已同步 (真源=tasks/ 目录)
  completed_tasks: 302 → 302
  planned_tasks: 0 → 0
  active_tasks: 1 → 1
  blocked_tasks: 0 → 0
  total_tasks: 303 → 303
  next_planned_tasks: 0 项 (从 planned/ 重建, 僵尸已清)
  next_active_tasks:  1 项 (从 active/ 重建)
  tasks/registry/INDEX.md: Active/Planned/Blocked 表+计数+Updated 已重建 (active=1, planned=0, blocked=0, done=302)
state-sync (apply): changed=4
  - changed: .omo/state/runtime/health.yaml
  - changed: .omo/state/system.yaml
  - changed: .omo/state/runtime/brief.md
  - changed: .omo/state/runtime/governance-data.json
  artifact: runtime/omo/_delivery/ingress/state/state-sync-2026-09-23T19-04-29Z.yaml
✅ system.yaml task 计数已同步 (真源=tasks/ 目录)
  completed_tasks: 302 → 302
  planned_tasks: 0 → 0
  active_tasks: 1 → 1
  blocked_tasks: 0 → 0
  total_tasks: 303 → 303
  next_planned_tasks: 0 项 (从 planned/ 重建, 僵尸已清)
  next_active_tasks:  1 项 (从 active/ 重建)
  tasks/registry/INDEX.md: Active/Planned/Blocked 表+计数+Updated 已重建 (active=1, planned=0, blocked=0, done=302)
state-sync (apply): changed=4
  - changed: .omo/state/runtime/health.yaml
  - changed: .omo/state/system.yaml
  - changed: .omo/state/runtime/brief.md
  - changed: .omo/state/runtime/governance-data.json
  artifact: runtime/omo/_delivery/ingress/state/state-sync-2026-09-23T19-34-36Z.yaml
✅ system.yaml task 计数已同步 (真源=tasks/ 目录)
  completed_tasks: 302 → 302
  planned_tasks: 0 → 0
  active_tasks: 1 → 1
  blocked_tasks: 0 → 0
  total_tasks: 303 → 303
  next_planned_tasks: 0 项 (从 planned/ 重建, 僵尸已清)
  next_active_tasks:  1 项 (从 active/ 重建)
  tasks/registry/INDEX.md: Active/Planned/Blocked 表+计数+Updated 已重建 (active=1, planned=0, blocked=0, done=302)
state-sync (apply): changed=4
  - changed: .omo/state/runtime/health.yaml
  - changed: .omo/state/system.yaml
  - changed: .omo/state/runtime/brief.md
  - changed: .omo/state/runtime/governance-data.json
  artifact: runtime/omo/_delivery/ingress/state/state-sync-2026-09-23T20-04-44Z.yaml
✅ system.yaml task 计数已同步 (真源=tasks/ 目录)
  completed_tasks: 302 → 302
  planned_tasks: 0 → 0
  active_tasks: 1 → 1
  blocked_tasks: 0 → 0
  total_tasks: 303 → 303
  next_planned_tasks: 0 项 (从 planned/ 重建, 僵尸已清)
  next_active_tasks:  1 项 (从 active/ 重建)
  tasks/registry/INDEX.md: Active/Planned/Blocked 表+计数+Updated 已重建 (active=1, planned=0, blocked=0, done=302)
state-sync (apply): changed=4
  - changed: .omo/state/runtime/health.yaml
  - changed: .omo/state/system.yaml
  - changed: .omo/state/runtime/brief.md
  - changed: .omo/state/runtime/governance-data.json
  artifact: runtime/omo/_delivery/ingress/state/state-sync-2026-09-23T20-34-52Z.yaml
✅ system.yaml task 计数已同步 (真源=tasks/ 目录)
  completed_tasks: 302 → 302
  planned_tasks: 0 → 0
  active_tasks: 1 → 1
  blocked_tasks: 0 → 0
  total_tasks: 303 → 303
  next_planned_tasks: 0 项 (从 planned/ 重建, 僵尸已清)
  next_active_tasks:  1 项 (从 active/ 重建)
  tasks/registry/INDEX.md: Active/Planned/Blocked 表+计数+Updated 已重建 (active=1, planned=0, blocked=0, done=302)
state-sync (apply): changed=4
  - changed: .omo/state/runtime/health.yaml
  - changed: .omo/state/system.yaml
  - changed: .omo/state/runtime/brief.md
  - changed: .omo/state/runtime/governance-data.json
  artifact: runtime/omo/_delivery/ingress/state/state-sync-2026-09-23T21-04-59Z.yaml
✅ system.yaml task 计数已同步 (真源=tasks/ 目录)
  completed_tasks: 302 → 302
  planned_tasks: 0 → 0
  active_tasks: 1 → 1
  blocked_tasks: 0 → 0
  total_tasks: 303 → 303
  next_planned_tasks: 0 项 (从 planned/ 重建, 僵尸已清)
  next_active_tasks:  1 项 (从 active/ 重建)
  tasks/registry/INDEX.md: Active/Planned/Blocked 表+计数+Updated 已重建 (active=1, planned=0, blocked=0, done=302)
state-sync (apply): changed=4
  - changed: .omo/state/runtime/health.yaml
  - changed: .omo/state/system.yaml
  - changed: .omo/state/runtime/brief.md
  - changed: .omo/state/runtime/governance-data.json
  artifact: runtime/omo/_delivery/ingress/state/state-sync-2026-09-23T21-35-08Z.yaml
✅ system.yaml task 计数已同步 (真源=tasks/ 目录)
  completed_tasks: 302 → 302
  planned_tasks: 0 → 0
  active_tasks: 1 → 1
  blocked_tasks: 0 → 0
  total_tasks: 303 → 303
  next_planned_tasks: 0 项 (从 planned/ 重建, 僵尸已清)
  next_active_tasks:  1 项 (从 active/ 重建)
  tasks/registry/INDEX.md: Active/Planned/Blocked 表+计数+Updated 已重建 (active=1, planned=0, blocked=0, done=302)
state-sync (apply): changed=4
  - changed: .omo/state/runtime/health.yaml
  - changed: .omo/state/system.yaml
  - changed: .omo/state/runtime/brief.md
  - changed: .omo/state/runtime/governance-data.json
  artifact: runtime/omo/_delivery/ingress/state/state-sync-2026-09-23T22-05-16Z.yaml
✅ system.yaml task 计数已同步 (真源=tasks/ 目录)
  completed_tasks: 302 → 302
  planned_tasks: 0 → 0
  active_tasks: 1 → 1
  blocked_tasks: 0 → 0
  total_tasks: 303 → 303
  next_planned_tasks: 0 项 (从 planned/ 重建, 僵尸已清)
  next_active_tasks:  1 项 (从 active/ 重建)
  tasks/registry/INDEX.md: Active/Planned/Blocked 表+计数+Updated 已重建 (active=1, planned=0, blocked=0, done=302)
state-sync (apply): changed=4
  - changed: .omo/state/runtime/health.yaml
  - changed: .omo/state/system.yaml
  - changed: .omo/state/runtime/brief.md
  - changed: .omo/state/runtime/governance-data.json
  artifact: runtime/omo/_delivery/ingress/state/state-sync-2026-09-23T22-35-25Z.yaml
✅ system.yaml task 计数已同步 (真源=tasks/ 目录)
  completed_tasks: 302 → 302
  planned_tasks: 0 → 0
  active_tasks: 1 → 1
  blocked_tasks: 0 → 0
  total_tasks: 303 → 303
  next_planned_tasks: 0 项 (从 planned/ 重建, 僵尸已清)
  next_active_tasks:  1 项 (从 active/ 重建)
  tasks/registry/INDEX.md: Active/Planned/Blocked 表+计数+Updated 已重建 (active=1, planned=0, blocked=0, done=302)
state-sync (apply): changed=4
  - changed: .omo/state/runtime/health.yaml
  - changed: .omo/state/system.yaml
  - changed: .omo/state/runtime/brief.md
  - changed: .omo/state/runtime/governance-data.json
  artifact: runtime/omo/_delivery/ingress/state/state-sync-2026-09-23T23-05-33Z.yaml
✅ system.yaml task 计数已同步 (真源=tasks/ 目录)
  completed_tasks: 302 → 302
  planned_tasks: 0 → 0
  active_tasks: 1 → 1
  blocked_tasks: 0 → 0
  total_tasks: 303 → 303
  next_planned_tasks: 0 项 (从 planned/ 重建, 僵尸已清)
  next_active_tasks:  1 项 (从 active/ 重建)
  tasks/registry/INDEX.md: Active/Planned/Blocked 表+计数+Updated 已重建 (active=1, planned=0, blocked=0, done=302)
state-sync (apply): changed=4
  - changed: .omo/state/runtime/health.yaml
  - changed: .omo/state/system.yaml
  - changed: .omo/state/runtime/brief.md
  - changed: .omo/state/runtime/governance-data.json
  artifact: runtime/omo/_delivery/ingress/state/state-sync-2026-09-23T23-35-42Z.yaml
✅ system.yaml task 计数已同步 (真源=tasks/ 目录)
  completed_tasks: 302 → 302
  planned_tasks: 0 → 0
  active_tasks: 1 → 1
  blocked_tasks: 0 → 0
  total_tasks: 303 → 303
  next_planned_tasks: 0 项 (从 planned/ 重建, 僵尸已清)
  next_active_tasks:  1 项 (从 active/ 重建)
  tasks/registry/INDEX.md: Active/Planned/Blocked 表+计数+Updated 已重建 (active=1, planned=0, blocked=0, done=302)
state-sync (apply): changed=2
  - changed: .omo/state/runtime/health.yaml
  - changed: .omo/state/system.yaml
  - same: .omo/state/runtime/brief.md
  - same: .omo/state/runtime/governance-data.json
  artifact: runtime/omo/_delivery/ingress/state/state-sync-2026-09-24T00-05-50Z.yaml
✅ system.yaml task 计数已同步 (真源=tasks/ 目录)
  completed_tasks: 302 → 302
  planned_tasks: 0 → 0
  active_tasks: 1 → 1
  blocked_tasks: 0 → 0
  total_tasks: 303 → 303
  next_planned_tasks: 0 项 (从 planned/ 重建, 僵尸已清)
  next_active_tasks:  1 项 (从 active/ 重建)
  tasks/registry/INDEX.md: Active/Planned/Blocked 表+计数+Updated 已重建 (active=1, planned=0, blocked=0, done=302)
state-sync (apply): changed=2
  - changed: .omo/state/runtime/health.yaml
  - changed: .omo/state/system.yaml
  - same: .omo/state/runtime/brief.md
  - same: .omo/state/runtime/governance-data.json
  artifact: runtime/omo/_delivery/ingress/state/state-sync-2026-09-24T00-35-59Z.yaml
✅ system.yaml task 计数已同步 (真源=tasks/ 目录)
  completed_tasks: 302 → 302
  planned_tasks: 0 → 0
  active_tasks: 1 → 1
  blocked_tasks: 0 → 0
  total_tasks: 303 → 303
  next_planned_tasks: 0 项 (从 planned/ 重建, 僵尸已清)
  next_active_tasks:  1 项 (从 active/ 重建)
  tasks/registry/INDEX.md: Active/Planned/Blocked 表+计数+Updated 已重建 (active=1, planned=0, blocked=0, done=302)
state-sync (apply): changed=2
  - changed: .omo/state/runtime/health.yaml
  - changed: .omo/state/system.yaml
  - same: .omo/state/runtime/brief.md
  - same: .omo/state/runtime/governance-data.json
  artifact: runtime/omo/_delivery/ingress/state/state-sync-2026-09-24T01-06-07Z.yaml
✅ system.yaml task 计数已同步 (真源=tasks/ 目录)
  completed_tasks: 302 → 302
  planned_tasks: 0 → 0
  active_tasks: 1 → 1
  blocked_tasks: 0 → 0
  total_tasks: 303 → 303
  next_planned_tasks: 0 项 (从 planned/ 重建, 僵尸已清)
  next_active_tasks:  1 项 (从 active/ 重建)
  tasks/registry/INDEX.md: Active/Planned/Blocked 表+计数+Updated 已重建 (active=1, planned=0, blocked=0, done=302)
state-sync (apply): changed=2
  - changed: .omo/state/runtime/health.yaml
  - changed: .omo/state/system.yaml
  - same: .omo/state/runtime/brief.md
  - same: .omo/state/runtime/governance-data.json
  artifact: runtime/omo/_delivery/ingress/state/state-sync-2026-09-24T01-36-15Z.yaml
✅ system.yaml task 计数已同步 (真源=tasks/ 目录)
  completed_tasks: 302 → 302
  planned_tasks: 0 → 0
  active_tasks: 1 → 1
  blocked_tasks: 0 → 0
  total_tasks: 303 → 303
  next_planned_tasks: 0 项 (从 planned/ 重建, 僵尸已清)
  next_active_tasks:  1 项 (从 active/ 重建)
  tasks/registry/INDEX.md: Active/Planned/Blocked 表+计数+Updated 已重建 (active=1, planned=0, blocked=0, done=302)
state-sync (apply): changed=4
  - changed: .omo/state/runtime/health.yaml
  - changed: .omo/state/system.yaml
  - changed: .omo/state/runtime/brief.md
  - changed: .omo/state/runtime/governance-data.json
  artifact: runtime/omo/_delivery/ingress/state/state-sync-2026-09-24T02-06-24Z.yaml
✅ system.yaml task 计数已同步 (真源=tasks/ 目录)
  completed_tasks: 302 → 302
  planned_tasks: 0 → 0
  active_tasks: 1 → 1
  blocked_tasks: 0 → 0
  total_tasks: 303 → 303
  next_planned_tasks: 0 项 (从 planned/ 重建, 僵尸已清)
  next_active_tasks:  1 项 (从 active/ 重建)
  tasks/registry/INDEX.md: Active/Planned/Blocked 表+计数+Updated 已重建 (active=1, planned=0, blocked=0, done=302)
state-sync (apply): changed=4
  - changed: .omo/state/runtime/health.yaml
  - changed: .omo/state/system.yaml
  - changed: .omo/state/runtime/brief.md
  - changed: .omo/state/runtime/governance-data.json
  artifact: runtime/omo/_delivery/ingress/state/state-sync-2026-09-24T02-36-33Z.yaml
✅ system.yaml task 计数已同步 (真源=tasks/ 目录)
  completed_tasks: 302 → 302
  planned_tasks: 0 → 0
  active_tasks: 1 → 1
  blocked_tasks: 0 → 0
  total_tasks: 303 → 303
  next_planned_tasks: 0 项 (从 planned/ 重建, 僵尸已清)
  next_active_tasks:  1 项 (从 active/ 重建)
  tasks/registry/INDEX.md: Active/Planned/Blocked 表+计数+Updated 已重建 (active=1, planned=0, blocked=0, done=302)
state-sync (apply): changed=4
  - changed: .omo/state/runtime/health.yaml
  - changed: .omo/state/system.yaml
  - changed: .omo/state/runtime/brief.md
  - changed: .omo/state/runtime/governance-data.json
  artifact: runtime/omo/_delivery/ingress/state/state-sync-2026-09-24T03-06-43Z.yaml
✅ system.yaml task 计数已同步 (真源=tasks/ 目录)
  completed_tasks: 302 → 302
  planned_tasks: 0 → 0
  active_tasks: 1 → 1
  blocked_tasks: 0 → 0
  total_tasks: 303 → 303
  next_planned_tasks: 0 项 (从 planned/ 重建, 僵尸已清)
  next_active_tasks:  1 项 (从 active/ 重建)
  tasks/registry/INDEX.md: Active/Planned/Blocked 表+计数+Updated 已重建 (active=1, planned=0, blocked=0, done=302)
state-sync (apply): changed=2
  - changed: .omo/state/runtime/health.yaml
  - changed: .omo/state/system.yaml
  - same: .omo/state/runtime/brief.md
  - same: .omo/state/runtime/governance-data.json
  artifact: runtime/omo/_delivery/ingress/state/state-sync-2026-09-24T03-36-53Z.yaml
✅ system.yaml task 计数已同步 (真源=tasks/ 目录)
  completed_tasks: 302 → 302
  planned_tasks: 0 → 0
  active_tasks: 1 → 1
  blocked_tasks: 0 → 0
  total_tasks: 303 → 303
  next_planned_tasks: 0 项 (从 planned/ 重建, 僵尸已清)
  next_active_tasks:  1 项 (从 active/ 重建)
  tasks/registry/INDEX.md: Active/Planned/Blocked 表+计数+Updated 已重建 (active=1, planned=0, blocked=0, done=302)
state-sync (apply): changed=4
  - changed: .omo/state/runtime/health.yaml
  - changed: .omo/state/system.yaml
  - changed: .omo/state/runtime/brief.md
  - changed: .omo/state/runtime/governance-data.json
  artifact: runtime/omo/_delivery/ingress/state/state-sync-2026-09-24T04-07-03Z.yaml
✅ system.yaml task 计数已同步 (真源=tasks/ 目录)
  completed_tasks: 302 → 302
  planned_tasks: 0 → 0
  active_tasks: 1 → 1
  blocked_tasks: 0 → 0
  total_tasks: 303 → 303
  next_planned_tasks: 0 项 (从 planned/ 重建, 僵尸已清)
  next_active_tasks:  1 项 (从 active/ 重建)
  tasks/registry/INDEX.md: Active/Planned/Blocked 表+计数+Updated 已重建 (active=1, planned=0, blocked=0, done=302)
state-sync (apply): changed=4
  - changed: .omo/state/runtime/health.yaml
  - changed: .omo/state/system.yaml
  - changed: .omo/state/runtime/brief.md
  - changed: .omo/state/runtime/governance-data.json
  artifact: runtime/omo/_delivery/ingress/state/state-sync-2026-09-24T04-37-12Z.yaml
✅ system.yaml task 计数已同步 (真源=tasks/ 目录)
  completed_tasks: 302 → 302
  planned_tasks: 0 → 0
  active_tasks: 1 → 1
  blocked_tasks: 0 → 0
  total_tasks: 303 → 303
  next_planned_tasks: 0 项 (从 planned/ 重建, 僵尸已清)
  next_active_tasks:  1 项 (从 active/ 重建)
  tasks/registry/INDEX.md: Active/Planned/Blocked 表+计数+Updated 已重建 (active=1, planned=0, blocked=0, done=302)
state-sync (apply): changed=2
  - changed: .omo/state/runtime/health.yaml
  - changed: .omo/state/system.yaml
  - same: .omo/state/runtime/brief.md
  - same: .omo/state/runtime/governance-data.json
  artifact: runtime/omo/_delivery/ingress/state/state-sync-2026-09-24T05-07-20Z.yaml
✅ system.yaml task 计数已同步 (真源=tasks/ 目录)
  completed_tasks: 302 → 302
  planned_tasks: 0 → 0
  active_tasks: 1 → 1
  blocked_tasks: 0 → 0
  total_tasks: 303 → 303
  next_planned_tasks: 0 项 (从 planned/ 重建, 僵尸已清)
  next_active_tasks:  1 项 (从 active/ 重建)
  tasks/registry/INDEX.md: Active/Planned/Blocked 表+计数+Updated 已重建 (active=1, planned=0, blocked=0, done=302)
state-sync (apply): changed=2
  - changed: .omo/state/runtime/health.yaml
  - changed: .omo/state/system.yaml
  - same: .omo/state/runtime/brief.md
  - same: .omo/state/runtime/governance-data.json
  artifact: runtime/omo/_delivery/ingress/state/state-sync-2026-09-24T05-37-29Z.yaml
✅ system.yaml task 计数已同步 (真源=tasks/ 目录)
  completed_tasks: 302 → 302
  planned_tasks: 0 → 0
  active_tasks: 1 → 1
  blocked_tasks: 0 → 0
  total_tasks: 303 → 303
  next_planned_tasks: 0 项 (从 planned/ 重建, 僵尸已清)
  next_active_tasks:  1 项 (从 active/ 重建)
  tasks/registry/INDEX.md: Active/Planned/Blocked 表+计数+Updated 已重建 (active=1, planned=0, blocked=0, done=302)
state-sync (apply): changed=4
  - changed: .omo/state/runtime/health.yaml
  - changed: .omo/state/system.yaml
  - changed: .omo/state/runtime/brief.md
  - changed: .omo/state/runtime/governance-data.json
  artifact: runtime/omo/_delivery/ingress/state/state-sync-2026-09-24T06-07-44Z.yaml
✅ system.yaml task 计数已同步 (真源=tasks/ 目录)
  completed_tasks: 302 → 302
  planned_tasks: 0 → 0
  active_tasks: 1 → 1
  blocked_tasks: 0 → 0
  total_tasks: 303 → 303
  next_planned_tasks: 0 项 (从 planned/ 重建, 僵尸已清)
  next_active_tasks:  1 项 (从 active/ 重建)
  tasks/registry/INDEX.md: Active/Planned/Blocked 表+计数+Updated 已重建 (active=1, planned=0, blocked=0, done=302)
state-sync (apply): changed=4
  - changed: .omo/state/runtime/health.yaml
  - changed: .omo/state/system.yaml
  - changed: .omo/state/runtime/brief.md
  - changed: .omo/state/runtime/governance-data.json
  artifact: runtime/omo/_delivery/ingress/state/state-sync-2026-09-24T06-37-55Z.yaml
✅ system.yaml task 计数已同步 (真源=tasks/ 目录)
  completed_tasks: 302 → 302
  planned_tasks: 0 → 0
  active_tasks: 1 → 1
  blocked_tasks: 0 → 0
  total_tasks: 303 → 303
  next_planned_tasks: 0 项 (从 planned/ 重建, 僵尸已清)
  next_active_tasks:  1 项 (从 active/ 重建)
  tasks/registry/INDEX.md: Active/Planned/Blocked 表+计数+Updated 已重建 (active=1, planned=0, blocked=0, done=302)
state-sync (apply): changed=2
  - changed: .omo/state/runtime/health.yaml
  - changed: .omo/state/system.yaml
  - same: .omo/state/runtime/brief.md
  - same: .omo/state/runtime/governance-data.json
  artifact: runtime/omo/_delivery/ingress/state/state-sync-2026-09-24T07-08-09Z.yaml
✅ system.yaml task 计数已同步 (真源=tasks/ 目录)
  completed_tasks: 302 → 302
  planned_tasks: 0 → 0
  active_tasks: 1 → 1
  blocked_tasks: 0 → 0
  total_tasks: 303 → 303
  next_planned_tasks: 0 项 (从 planned/ 重建, 僵尸已清)
  next_active_tasks:  1 项 (从 active/ 重建)
  tasks/registry/INDEX.md: Active/Planned/Blocked 表+计数+Updated 已重建 (active=1, planned=0, blocked=0, done=302)
state-sync (apply): changed=2
  - changed: .omo/state/runtime/health.yaml
  - changed: .omo/state/system.yaml
  - same: .omo/state/runtime/brief.md
  - same: .omo/state/runtime/governance-data.json
  artifact: runtime/omo/_delivery/ingress/state/state-sync-2026-09-24T07-38-19Z.yaml
✅ system.yaml task 计数已同步 (真源=tasks/ 目录)
  completed_tasks: 302 → 302
  planned_tasks: 0 → 0
  active_tasks: 1 → 1
  blocked_tasks: 0 → 0
  total_tasks: 303 → 303
  next_planned_tasks: 0 项 (从 planned/ 重建, 僵尸已清)
  next_active_tasks:  1 项 (从 active/ 重建)
  tasks/registry/INDEX.md: Active/Planned/Blocked 表+计数+Updated 已重建 (active=1, planned=0, blocked=0, done=302)
state-sync (apply): changed=2
  - changed: .omo/state/runtime/health.yaml
  - changed: .omo/state/system.yaml
  - same: .omo/state/runtime/brief.md
  - same: .omo/state/runtime/governance-data.json
  artifact: runtime/omo/_delivery/ingress/state/state-sync-2026-09-24T08-08-29Z.yaml
✅ system.yaml task 计数已同步 (真源=tasks/ 目录)
  completed_tasks: 302 → 302
  planned_tasks: 0 → 0
  active_tasks: 1 → 1
  blocked_tasks: 0 → 0
  total_tasks: 303 → 303
  next_planned_tasks: 0 项 (从 planned/ 重建, 僵尸已清)
  next_active_tasks:  1 项 (从 active/ 重建)
  tasks/registry/INDEX.md: Active/Planned/Blocked 表+计数+Updated 已重建 (active=1, planned=0, blocked=0, done=302)
state-sync (apply): changed=2
  - changed: .omo/state/runtime/health.yaml
  - changed: .omo/state/system.yaml
  - same: .omo/state/runtime/brief.md
  - same: .omo/state/runtime/governance-data.json
  artifact: runtime/omo/_delivery/ingress/state/state-sync-2026-09-24T10-54-59Z.yaml
✅ system.yaml task 计数已同步 (真源=tasks/ 目录)
  completed_tasks: 302 → 302
  planned_tasks: 0 → 0
  active_tasks: 1 → 1
  blocked_tasks: 0 → 0
  total_tasks: 303 → 303
  next_planned_tasks: 0 项 (从 planned/ 重建, 僵尸已清)
  next_active_tasks:  1 项 (从 active/ 重建)
  tasks/registry/INDEX.md: Active/Planned/Blocked 表+计数+Updated 已重建 (active=1, planned=0, blocked=0, done=302)
state-sync (apply): changed=2
  - changed: .omo/state/runtime/health.yaml
  - changed: .omo/state/system.yaml
  - same: .omo/state/runtime/brief.md
  - same: .omo/state/runtime/governance-data.json
  artifact: runtime/omo/_delivery/ingress/state/state-sync-2026-09-24T11-07-31Z.yaml
✅ system.yaml task 计数已同步 (真源=tasks/ 目录)
  completed_tasks: 302 → 302
  planned_tasks: 0 → 0
  active_tasks: 1 → 1
  blocked_tasks: 0 → 0
  total_tasks: 303 → 303
  next_planned_tasks: 0 项 (从 planned/ 重建, 僵尸已清)
  next_active_tasks:  1 项 (从 active/ 重建)
  tasks/registry/INDEX.md: Active/Planned/Blocked 表+计数+Updated 已重建 (active=1, planned=0, blocked=0, done=302)
state-sync (apply): changed=2
  - changed: .omo/state/runtime/health.yaml
  - changed: .omo/state/system.yaml
  - same: .omo/state/runtime/brief.md
  - same: .omo/state/runtime/governance-data.json
  artifact: runtime/omo/_delivery/ingress/state/state-sync-2026-09-24T11-37-56Z.yaml
✅ system.yaml task 计数已同步 (真源=tasks/ 目录)
  completed_tasks: 302 → 302
  planned_tasks: 0 → 0
  active_tasks: 1 → 1
  blocked_tasks: 0 → 0
  total_tasks: 303 → 303
  next_planned_tasks: 0 项 (从 planned/ 重建, 僵尸已清)
  next_active_tasks:  1 项 (从 active/ 重建)
  tasks/registry/INDEX.md: Active/Planned/Blocked 表+计数+Updated 已重建 (active=1, planned=0, blocked=0, done=302)
state-sync (apply): changed=4
  - changed: .omo/state/runtime/health.yaml
  - changed: .omo/state/system.yaml
  - changed: .omo/state/runtime/brief.md
  - changed: .omo/state/runtime/governance-data.json
  artifact: runtime/omo/_delivery/ingress/state/state-sync-2026-09-24T12-08-05Z.yaml
✅ system.yaml task 计数已同步 (真源=tasks/ 目录)
  completed_tasks: 302 → 302
  planned_tasks: 0 → 0
  active_tasks: 1 → 1
  blocked_tasks: 0 → 0
  total_tasks: 303 → 303
  next_planned_tasks: 0 项 (从 planned/ 重建, 僵尸已清)
  next_active_tasks:  1 项 (从 active/ 重建)
  tasks/registry/INDEX.md: Active/Planned/Blocked 表+计数+Updated 已重建 (active=1, planned=0, blocked=0, done=302)
state-sync (apply): changed=4
  - changed: .omo/state/runtime/health.yaml
  - changed: .omo/state/system.yaml
  - changed: .omo/state/runtime/brief.md
  - changed: .omo/state/runtime/governance-data.json
  artifact: runtime/omo/_delivery/ingress/state/state-sync-2026-09-24T12-38-21Z.yaml
✅ system.yaml task 计数已同步 (真源=tasks/ 目录)
  completed_tasks: 302 → 302
  planned_tasks: 0 → 0
  active_tasks: 1 → 1
  blocked_tasks: 0 → 0
  total_tasks: 303 → 303
  next_planned_tasks: 0 项 (从 planned/ 重建, 僵尸已清)
  next_active_tasks:  1 项 (从 active/ 重建)
  tasks/registry/INDEX.md: Active/Planned/Blocked 表+计数+Updated 已重建 (active=1, planned=0, blocked=0, done=302)
state-sync (apply): changed=3
  - changed: .omo/state/runtime/health.yaml
  - changed: .omo/state/system.yaml
  - changed: .omo/state/runtime/brief.md
  - same: .omo/state/runtime/governance-data.json
  artifact: runtime/omo/_delivery/ingress/state/state-sync-2026-09-24T13-17-48Z.yaml
✅ system.yaml task 计数已同步 (真源=tasks/ 目录)
  completed_tasks: 302 → 302
  planned_tasks: 0 → 0
  active_tasks: 1 → 1
  blocked_tasks: 0 → 0
  total_tasks: 303 → 303
  next_planned_tasks: 0 项 (从 planned/ 重建, 僵尸已清)
  next_active_tasks:  1 项 (从 active/ 重建)
  tasks/registry/INDEX.md: Active/Planned/Blocked 表+计数+Updated 已重建 (active=1, planned=0, blocked=0, done=302)
state-sync (apply): changed=2
  - changed: .omo/state/runtime/health.yaml
  - changed: .omo/state/system.yaml
  - same: .omo/state/runtime/brief.md
  - same: .omo/state/runtime/governance-data.json
  artifact: runtime/omo/_delivery/ingress/state/state-sync-2026-09-24T13-48-13Z.yaml
✅ system.yaml task 计数已同步 (真源=tasks/ 目录)
  completed_tasks: 302 → 302
  planned_tasks: 0 → 0
  active_tasks: 1 → 1
  blocked_tasks: 0 → 0
  total_tasks: 303 → 303
  next_planned_tasks: 0 项 (从 planned/ 重建, 僵尸已清)
  next_active_tasks:  1 项 (从 active/ 重建)
  tasks/registry/INDEX.md: Active/Planned/Blocked 表+计数+Updated 已重建 (active=1, planned=0, blocked=0, done=302)
state-sync (apply): changed=2
  - changed: .omo/state/runtime/health.yaml
  - changed: .omo/state/system.yaml
  - same: .omo/state/runtime/brief.md
  - same: .omo/state/runtime/governance-data.json
  artifact: runtime/omo/_delivery/ingress/state/state-sync-2026-09-24T14-18-27Z.yaml
✅ system.yaml task 计数已同步 (真源=tasks/ 目录)
  completed_tasks: 302 → 302
  planned_tasks: 0 → 0
  active_tasks: 1 → 1
  blocked_tasks: 0 → 0
  total_tasks: 303 → 303
  next_planned_tasks: 0 项 (从 planned/ 重建, 僵尸已清)
  next_active_tasks:  1 项 (从 active/ 重建)
  tasks/registry/INDEX.md: Active/Planned/Blocked 表+计数+Updated 已重建 (active=1, planned=0, blocked=0, done=302)
state-sync (apply): changed=2
  - changed: .omo/state/runtime/health.yaml
  - changed: .omo/state/system.yaml
  - same: .omo/state/runtime/brief.md
  - same: .omo/state/runtime/governance-data.json
  artifact: runtime/omo/_delivery/ingress/state/state-sync-2026-09-24T14-48-37Z.yaml
✅ system.yaml task 计数已同步 (真源=tasks/ 目录)
  completed_tasks: 302 → 302
  planned_tasks: 0 → 0
  active_tasks: 1 → 1
  blocked_tasks: 0 → 0
  total_tasks: 303 → 303
  next_planned_tasks: 0 项 (从 planned/ 重建, 僵尸已清)
  next_active_tasks:  1 项 (从 active/ 重建)
  tasks/registry/INDEX.md: Active/Planned/Blocked 表+计数+Updated 已重建 (active=1, planned=0, blocked=0, done=302)
state-sync (apply): changed=2
  - changed: .omo/state/runtime/health.yaml
  - changed: .omo/state/system.yaml
  - same: .omo/state/runtime/brief.md
  - same: .omo/state/runtime/governance-data.json
  artifact: runtime/omo/_delivery/ingress/state/state-sync-2026-09-24T15-18-50Z.yaml
✅ system.yaml task 计数已同步 (真源=tasks/ 目录)
  completed_tasks: 302 → 302
  planned_tasks: 0 → 0
  active_tasks: 1 → 1
  blocked_tasks: 0 → 0
  total_tasks: 303 → 303
  next_planned_tasks: 0 项 (从 planned/ 重建, 僵尸已清)
  next_active_tasks:  1 项 (从 active/ 重建)
  tasks/registry/INDEX.md: Active/Planned/Blocked 表+计数+Updated 已重建 (active=1, planned=0, blocked=0, done=302)
state-sync (apply): changed=2
  - changed: .omo/state/runtime/health.yaml
  - changed: .omo/state/system.yaml
  - same: .omo/state/runtime/brief.md
  - same: .omo/state/runtime/governance-data.json
  artifact: runtime/omo/_delivery/ingress/state/state-sync-2026-09-24T15-48-59Z.yaml
✅ system.yaml task 计数已同步 (真源=tasks/ 目录)
  completed_tasks: 302 → 302
  planned_tasks: 0 → 0
  active_tasks: 1 → 1
  blocked_tasks: 0 → 0
  total_tasks: 303 → 303
  next_planned_tasks: 0 项 (从 planned/ 重建, 僵尸已清)
  next_active_tasks:  1 项 (从 active/ 重建)
  tasks/registry/INDEX.md: Active/Planned/Blocked 表+计数+Updated 已重建 (active=1, planned=0, blocked=0, done=302)
state-sync (apply): changed=2
  - changed: .omo/state/runtime/health.yaml
  - changed: .omo/state/system.yaml
  - same: .omo/state/runtime/brief.md
  - same: .omo/state/runtime/governance-data.json
  artifact: runtime/omo/_delivery/ingress/state/state-sync-2026-09-24T16-19-08Z.yaml
✅ system.yaml task 计数已同步 (真源=tasks/ 目录)
  completed_tasks: 302 → 302
  planned_tasks: 0 → 0
  active_tasks: 1 → 1
  blocked_tasks: 0 → 0
  total_tasks: 303 → 303
  next_planned_tasks: 0 项 (从 planned/ 重建, 僵尸已清)
  next_active_tasks:  1 项 (从 active/ 重建)
  tasks/registry/INDEX.md: Active/Planned/Blocked 表+计数+Updated 已重建 (active=1, planned=0, blocked=0, done=302)
state-sync (apply): changed=2
  - changed: .omo/state/runtime/health.yaml
  - changed: .omo/state/system.yaml
  - same: .omo/state/runtime/brief.md
  - same: .omo/state/runtime/governance-data.json
  artifact: runtime/omo/_delivery/ingress/state/state-sync-2026-09-24T16-49-17Z.yaml
✅ system.yaml task 计数已同步 (真源=tasks/ 目录)
  completed_tasks: 302 → 302
  planned_tasks: 0 → 0
  active_tasks: 1 → 1
  blocked_tasks: 0 → 0
  total_tasks: 303 → 303
  next_planned_tasks: 0 项 (从 planned/ 重建, 僵尸已清)
  next_active_tasks:  1 项 (从 active/ 重建)
  tasks/registry/INDEX.md: Active/Planned/Blocked 表+计数+Updated 已重建 (active=1, planned=0, blocked=0, done=302)
state-sync (apply): changed=3
  - changed: .omo/state/runtime/health.yaml
  - changed: .omo/state/system.yaml
  - changed: .omo/state/runtime/brief.md
  - same: .omo/state/runtime/governance-data.json
  artifact: runtime/omo/_delivery/ingress/state/state-sync-2026-09-24T17-19-27Z.yaml
✅ system.yaml task 计数已同步 (真源=tasks/ 目录)
  completed_tasks: 302 → 302
  planned_tasks: 0 → 0
  active_tasks: 1 → 1
  blocked_tasks: 0 → 0
  total_tasks: 303 → 303
  next_planned_tasks: 0 项 (从 planned/ 重建, 僵尸已清)
  next_active_tasks:  1 项 (从 active/ 重建)
  tasks/registry/INDEX.md: Active/Planned/Blocked 表+计数+Updated 已重建 (active=1, planned=0, blocked=0, done=302)
state-sync (apply): changed=2
  - changed: .omo/state/runtime/health.yaml
  - changed: .omo/state/system.yaml
  - same: .omo/state/runtime/brief.md
  - same: .omo/state/runtime/governance-data.json
  artifact: runtime/omo/_delivery/ingress/state/state-sync-2026-09-24T17-49-45Z.yaml
✅ system.yaml task 计数已同步 (真源=tasks/ 目录)
  completed_tasks: 302 → 302
  planned_tasks: 0 → 0
  active_tasks: 1 → 1
  blocked_tasks: 0 → 0
  total_tasks: 303 → 303
  next_planned_tasks: 0 项 (从 planned/ 重建, 僵尸已清)
  next_active_tasks:  1 项 (从 active/ 重建)
  tasks/registry/INDEX.md: Active/Planned/Blocked 表+计数+Updated 已重建 (active=1, planned=0, blocked=0, done=302)
state-sync (apply): changed=2
  - changed: .omo/state/runtime/health.yaml
  - changed: .omo/state/system.yaml
  - same: .omo/state/runtime/brief.md
  - same: .omo/state/runtime/governance-data.json
  artifact: runtime/omo/_delivery/ingress/state/state-sync-2026-09-24T18-20-05Z.yaml
✅ system.yaml task 计数已同步 (真源=tasks/ 目录)
  completed_tasks: 302 → 302
  planned_tasks: 0 → 0
  active_tasks: 1 → 1
  blocked_tasks: 0 → 0
  total_tasks: 303 → 303
  next_planned_tasks: 0 项 (从 planned/ 重建, 僵尸已清)
  next_active_tasks:  1 项 (从 active/ 重建)
  tasks/registry/INDEX.md: Active/Planned/Blocked 表+计数+Updated 已重建 (active=1, planned=0, blocked=0, done=302)
state-sync (apply): changed=2
  - changed: .omo/state/runtime/health.yaml
  - changed: .omo/state/system.yaml
  - same: .omo/state/runtime/brief.md
  - same: .omo/state/runtime/governance-data.json
  artifact: runtime/omo/_delivery/ingress/state/state-sync-2026-09-24T18-50-25Z.yaml
✅ system.yaml task 计数已同步 (真源=tasks/ 目录)
  completed_tasks: 302 → 302
  planned_tasks: 0 → 0
  active_tasks: 1 → 1
  blocked_tasks: 0 → 0
  total_tasks: 303 → 303
  next_planned_tasks: 0 项 (从 planned/ 重建, 僵尸已清)
  next_active_tasks:  1 项 (从 active/ 重建)
  tasks/registry/INDEX.md: Active/Planned/Blocked 表+计数+Updated 已重建 (active=1, planned=0, blocked=0, done=302)
state-sync (apply): changed=2
  - changed: .omo/state/runtime/health.yaml
  - changed: .omo/state/system.yaml
  - same: .omo/state/runtime/brief.md
  - same: .omo/state/runtime/governance-data.json
  artifact: runtime/omo/_delivery/ingress/state/state-sync-2026-09-24T19-20-45Z.yaml
✅ system.yaml task 计数已同步 (真源=tasks/ 目录)
  completed_tasks: 302 → 302
  planned_tasks: 0 → 0
  active_tasks: 1 → 1
  blocked_tasks: 0 → 0
  total_tasks: 303 → 303
  next_planned_tasks: 0 项 (从 planned/ 重建, 僵尸已清)
  next_active_tasks:  1 项 (从 active/ 重建)
  tasks/registry/INDEX.md: Active/Planned/Blocked 表+计数+Updated 已重建 (active=1, planned=0, blocked=0, done=302)
state-sync (apply): changed=2
  - changed: .omo/state/runtime/health.yaml
  - changed: .omo/state/system.yaml
  - same: .omo/state/runtime/brief.md
  - same: .omo/state/runtime/governance-data.json
  artifact: runtime/omo/_delivery/ingress/state/state-sync-2026-09-24T19-51-03Z.yaml
✅ system.yaml task 计数已同步 (真源=tasks/ 目录)
  completed_tasks: 302 → 302
  planned_tasks: 0 → 0
  active_tasks: 1 → 1
  blocked_tasks: 0 → 0
  total_tasks: 303 → 303
  next_planned_tasks: 0 项 (从 planned/ 重建, 僵尸已清)
  next_active_tasks:  1 项 (从 active/ 重建)
  tasks/registry/INDEX.md: Active/Planned/Blocked 表+计数+Updated 已重建 (active=1, planned=0, blocked=0, done=302)
state-sync (apply): changed=2
  - changed: .omo/state/runtime/health.yaml
  - changed: .omo/state/system.yaml
  - same: .omo/state/runtime/brief.md
  - same: .omo/state/runtime/governance-data.json
  artifact: runtime/omo/_delivery/ingress/state/state-sync-2026-09-24T20-21-22Z.yaml
✅ system.yaml task 计数已同步 (真源=tasks/ 目录)
  completed_tasks: 302 → 302
  planned_tasks: 0 → 0
  active_tasks: 1 → 1
  blocked_tasks: 0 → 0
  total_tasks: 303 → 303
  next_planned_tasks: 0 项 (从 planned/ 重建, 僵尸已清)
  next_active_tasks:  1 项 (从 active/ 重建)
  tasks/registry/INDEX.md: Active/Planned/Blocked 表+计数+Updated 已重建 (active=1, planned=0, blocked=0, done=302)
state-sync (apply): changed=2
  - changed: .omo/state/runtime/health.yaml
  - changed: .omo/state/system.yaml
  - same: .omo/state/runtime/brief.md
  - same: .omo/state/runtime/governance-data.json
  artifact: runtime/omo/_delivery/ingress/state/state-sync-2026-09-24T20-51-42Z.yaml
✅ system.yaml task 计数已同步 (真源=tasks/ 目录)
  completed_tasks: 302 → 302
  planned_tasks: 0 → 0
  active_tasks: 1 → 1
  blocked_tasks: 0 → 0
  total_tasks: 303 → 303
  next_planned_tasks: 0 项 (从 planned/ 重建, 僵尸已清)
  next_active_tasks:  1 项 (从 active/ 重建)
  tasks/registry/INDEX.md: Active/Planned/Blocked 表+计数+Updated 已重建 (active=1, planned=0, blocked=0, done=302)
state-sync (apply): changed=2
  - changed: .omo/state/runtime/health.yaml
  - changed: .omo/state/system.yaml
  - same: .omo/state/runtime/brief.md
  - same: .omo/state/runtime/governance-data.json
  artifact: runtime/omo/_delivery/ingress/state/state-sync-2026-09-24T21-22-01Z.yaml
✅ system.yaml task 计数已同步 (真源=tasks/ 目录)
  completed_tasks: 302 → 302
  planned_tasks: 0 → 0
  active_tasks: 1 → 1
  blocked_tasks: 0 → 0
  total_tasks: 303 → 303
  next_planned_tasks: 0 项 (从 planned/ 重建, 僵尸已清)
  next_active_tasks:  1 项 (从 active/ 重建)
  tasks/registry/INDEX.md: Active/Planned/Blocked 表+计数+Updated 已重建 (active=1, planned=0, blocked=0, done=302)
state-sync (apply): changed=2
  - changed: .omo/state/runtime/health.yaml
  - changed: .omo/state/system.yaml
  - same: .omo/state/runtime/brief.md
  - same: .omo/state/runtime/governance-data.json
  artifact: runtime/omo/_delivery/ingress/state/state-sync-2026-09-24T21-52-22Z.yaml
✅ system.yaml task 计数已同步 (真源=tasks/ 目录)
  completed_tasks: 302 → 302
  planned_tasks: 0 → 0
  active_tasks: 1 → 1
  blocked_tasks: 0 → 0
  total_tasks: 303 → 303
  next_planned_tasks: 0 项 (从 planned/ 重建, 僵尸已清)
  next_active_tasks:  1 项 (从 active/ 重建)
  tasks/registry/INDEX.md: Active/Planned/Blocked 表+计数+Updated 已重建 (active=1, planned=0, blocked=0, done=302)
state-sync (apply): changed=2
  - changed: .omo/state/runtime/health.yaml
  - changed: .omo/state/system.yaml
  - same: .omo/state/runtime/brief.md
  - same: .omo/state/runtime/governance-data.json
  artifact: runtime/omo/_delivery/ingress/state/state-sync-2026-09-24T22-22-39Z.yaml
✅ system.yaml task 计数已同步 (真源=tasks/ 目录)
  completed_tasks: 302 → 302
  planned_tasks: 0 → 0
  active_tasks: 1 → 1
  blocked_tasks: 0 → 0
  total_tasks: 303 → 303
  next_planned_tasks: 0 项 (从 planned/ 重建, 僵尸已清)
  next_active_tasks:  1 项 (从 active/ 重建)
  tasks/registry/INDEX.md: Active/Planned/Blocked 表+计数+Updated 已重建 (active=1, planned=0, blocked=0, done=302)
state-sync (apply): changed=3
  - changed: .omo/state/runtime/health.yaml
  - changed: .omo/state/system.yaml
  - changed: .omo/state/runtime/brief.md
  - same: .omo/state/runtime/governance-data.json
  artifact: runtime/omo/_delivery/ingress/state/state-sync-2026-09-24T22-52-58Z.yaml
✅ system.yaml task 计数已同步 (真源=tasks/ 目录)
  completed_tasks: 302 → 302
  planned_tasks: 0 → 0
  active_tasks: 1 → 1
  blocked_tasks: 0 → 0
  total_tasks: 303 → 303
  next_planned_tasks: 0 项 (从 planned/ 重建, 僵尸已清)
  next_active_tasks:  1 项 (从 active/ 重建)
  tasks/registry/INDEX.md: Active/Planned/Blocked 表+计数+Updated 已重建 (active=1, planned=0, blocked=0, done=302)
state-sync (apply): changed=2
  - changed: .omo/state/runtime/health.yaml
  - changed: .omo/state/system.yaml
  - same: .omo/state/runtime/brief.md
  - same: .omo/state/runtime/governance-data.json
  artifact: runtime/omo/_delivery/ingress/state/state-sync-2026-09-24T23-23-12Z.yaml
✅ system.yaml task 计数已同步 (真源=tasks/ 目录)
  completed_tasks: 302 → 302
  planned_tasks: 0 → 0
  active_tasks: 1 → 1
  blocked_tasks: 0 → 0
  total_tasks: 303 → 303
  next_planned_tasks: 0 项 (从 planned/ 重建, 僵尸已清)
  next_active_tasks:  1 项 (从 active/ 重建)
  tasks/registry/INDEX.md: Active/Planned/Blocked 表+计数+Updated 已重建 (active=1, planned=0, blocked=0, done=302)
state-sync (apply): changed=2
  - changed: .omo/state/runtime/health.yaml
  - changed: .omo/state/system.yaml
  - same: .omo/state/runtime/brief.md
  - same: .omo/state/runtime/governance-data.json
  artifact: runtime/omo/_delivery/ingress/state/state-sync-2026-09-24T23-53-25Z.yaml
✅ system.yaml task 计数已同步 (真源=tasks/ 目录)
  completed_tasks: 302 → 302
  planned_tasks: 0 → 0
  active_tasks: 1 → 1
  blocked_tasks: 0 → 0
  total_tasks: 303 → 303
  next_planned_tasks: 0 项 (从 planned/ 重建, 僵尸已清)
  next_active_tasks:  1 项 (从 active/ 重建)
  tasks/registry/INDEX.md: Active/Planned/Blocked 表+计数+Updated 已重建 (active=1, planned=0, blocked=0, done=302)
state-sync (apply): changed=2
  - changed: .omo/state/runtime/health.yaml
  - changed: .omo/state/system.yaml
  - same: .omo/state/runtime/brief.md
  - same: .omo/state/runtime/governance-data.json
  artifact: runtime/omo/_delivery/ingress/state/state-sync-2026-09-25T01-23-53Z.yaml
✅ system.yaml task 计数已同步 (真源=tasks/ 目录)
  completed_tasks: 302 → 302
  planned_tasks: 0 → 0
  active_tasks: 1 → 1
  blocked_tasks: 0 → 0
  total_tasks: 303 → 303
  next_planned_tasks: 0 项 (从 planned/ 重建, 僵尸已清)
  next_active_tasks:  1 项 (从 active/ 重建)
  tasks/registry/INDEX.md: Active/Planned/Blocked 表+计数+Updated 已重建 (active=1, planned=0, blocked=0, done=302)
state-sync (apply): changed=2
  - changed: .omo/state/runtime/health.yaml
  - changed: .omo/state/system.yaml
  - same: .omo/state/runtime/brief.md
  - same: .omo/state/runtime/governance-data.json
  artifact: runtime/omo/_delivery/ingress/state/state-sync-2026-09-25T01-54-01Z.yaml
✅ system.yaml task 计数已同步 (真源=tasks/ 目录)
  completed_tasks: 302 → 302
  planned_tasks: 0 → 0
  active_tasks: 1 → 1
  blocked_tasks: 0 → 0
  total_tasks: 303 → 303
  next_planned_tasks: 0 项 (从 planned/ 重建, 僵尸已清)
  next_active_tasks:  1 项 (从 active/ 重建)
  tasks/registry/INDEX.md: Active/Planned/Blocked 表+计数+Updated 已重建 (active=1, planned=0, blocked=0, done=302)
state-sync (apply): changed=2
  - changed: .omo/state/runtime/health.yaml
  - changed: .omo/state/system.yaml
  - same: .omo/state/runtime/brief.md
  - same: .omo/state/runtime/governance-data.json
  artifact: runtime/omo/_delivery/ingress/state/state-sync-2026-09-25T02-24-19Z.yaml
✅ system.yaml task 计数已同步 (真源=tasks/ 目录)
  completed_tasks: 302 → 302
  planned_tasks: 0 → 0
  active_tasks: 1 → 1
  blocked_tasks: 0 → 0
  total_tasks: 303 → 303
  next_planned_tasks: 0 项 (从 planned/ 重建, 僵尸已清)
  next_active_tasks:  1 项 (从 active/ 重建)
  tasks/registry/INDEX.md: Active/Planned/Blocked 表+计数+Updated 已重建 (active=1, planned=0, blocked=0, done=302)
state-sync (apply): changed=2
  - changed: .omo/state/runtime/health.yaml
  - changed: .omo/state/system.yaml
  - same: .omo/state/runtime/brief.md
  - same: .omo/state/runtime/governance-data.json
  artifact: runtime/omo/_delivery/ingress/state/state-sync-2026-09-25T02-54-42Z.yaml
