/Applications/Xcode.app/Contents/Developer/usr/bin/python3: can't open file '/Users/xiamingxing/Workspace/bin/gac/workspace-wip-guard.py': [Errno 2] No such file or directory
/Applications/Xcode.app/Contents/Developer/usr/bin/python3: can't open file '/Users/xiamingxing/Workspace/bin/gac/workspace-wip-guard.py': [Errno 2] No such file or directory
/Applications/Xcode.app/Contents/Developer/usr/bin/python3: can't open file '/Users/xiamingxing/Workspace/bin/gac/workspace-wip-guard.py': [Errno 2] No such file or directory
/Applications/Xcode.app/Contents/Developer/usr/bin/python3: can't open file '/Users/xiamingxing/Workspace/bin/gac/workspace-wip-guard.py': [Errno 2] No such file or directory
/Applications/Xcode.app/Contents/Developer/usr/bin/python3: can't open file '/Users/xiamingxing/Workspace/bin/gac/workspace-wip-guard.py': [Errno 2] No such file or directory
/Applications/Xcode.app/Contents/Developer/usr/bin/python3: can't open file '/Users/xiamingxing/Workspace/bin/gac/workspace-wip-guard.py': [Errno 2] No such file or directory
/Applications/Xcode.app/Contents/Developer/usr/bin/python3: can't open file '/Users/xiamingxing/Workspace/bin/gac/workspace-wip-guard.py': [Errno 2] No such file or directory
/Applications/Xcode.app/Contents/Developer/usr/bin/python3: can't open file '/Users/xiamingxing/Workspace/bin/gac/workspace-wip-guard.py': [Errno 2] No such file or directory
/Applications/Xcode.app/Contents/Developer/usr/bin/python3: can't open file '/Users/xiamingxing/Workspace/bin/gac/workspace-wip-guard.py': [Errno 2] No such file or directory
/Applications/Xcode.app/Contents/Developer/usr/bin/python3: can't open file '/Users/xiamingxing/Workspace/bin/gac/workspace-wip-guard.py': [Errno 2] No such file or directory
/Applications/Xcode.app/Contents/Developer/usr/bin/python3: can't open file '/Users/xiamingxing/Workspace/bin/gac/workspace-wip-guard.py': [Errno 2] No such file or directory
/Applications/Xcode.app/Contents/Developer/usr/bin/python3: can't open file '/Users/xiamingxing/Workspace/bin/gac/workspace-wip-guard.py': [Errno 2] No such file or directory
Traceback (most recent call last):
  File "/Users/xiamingxing/Workspace/bin/gac/workspace-wip-guard.py", line 31, in <module>
    from datetime import UTC, datetime
ImportError: cannot import name 'UTC' from 'datetime' (/Applications/Xcode.app/Contents/Developer/Library/Frameworks/Python3.framework/Versions/3.9/lib/python3.9/datetime.py)
Traceback (most recent call last):
  File "/Users/xiamingxing/Workspace/bin/gac/workspace-wip-guard.py", line 31, in <module>
    from datetime import UTC, datetime
ImportError: cannot import name 'UTC' from 'datetime' (/Applications/Xcode.app/Contents/Developer/Library/Frameworks/Python3.framework/Versions/3.9/lib/python3.9/datetime.py)
Traceback (most recent call last):
  File "/Users/xiamingxing/Workspace/bin/gac/workspace-wip-guard.py", line 31, in <module>
    from datetime import UTC, datetime
ImportError: cannot import name 'UTC' from 'datetime' (/Applications/Xcode.app/Contents/Developer/Library/Frameworks/Python3.framework/Versions/3.9/lib/python3.9/datetime.py)
Traceback (most recent call last):
  File "/Users/xiamingxing/Workspace/bin/gac/workspace-wip-guard.py", line 31, in <module>
    from datetime import UTC, datetime
ImportError: cannot import name 'UTC' from 'datetime' (/Applications/Xcode.app/Contents/Developer/Library/Frameworks/Python3.framework/Versions/3.9/lib/python3.9/datetime.py)
Traceback (most recent call last):
  File "/Users/xiamingxing/Workspace/bin/gac/workspace-wip-guard.py", line 31, in <module>
    from datetime import UTC, datetime
ImportError: cannot import name 'UTC' from 'datetime' (/Applications/Xcode.app/Contents/Developer/Library/Frameworks/Python3.framework/Versions/3.9/lib/python3.9/datetime.py)
Traceback (most recent call last):
  File "/Users/xiamingxing/Workspace/bin/gac/workspace-wip-guard.py", line 31, in <module>
    from datetime import UTC, datetime
ImportError: cannot import name 'UTC' from 'datetime' (/Applications/Xcode.app/Contents/Developer/Library/Frameworks/Python3.framework/Versions/3.9/lib/python3.9/datetime.py)
Traceback (most recent call last):
  File "/Users/xiamingxing/Workspace/bin/gac/workspace-wip-guard.py", line 31, in <module>
    from datetime import UTC, datetime
ImportError: cannot import name 'UTC' from 'datetime' (/Applications/Xcode.app/Contents/Developer/Library/Frameworks/Python3.framework/Versions/3.9/lib/python3.9/datetime.py)
Traceback (most recent call last):
  File "/Users/xiamingxing/Workspace/bin/gac/workspace-wip-guard.py", line 31, in <module>
    from datetime import UTC, datetime
ImportError: cannot import name 'UTC' from 'datetime' (/Applications/Xcode.app/Contents/Developer/Library/Frameworks/Python3.framework/Versions/3.9/lib/python3.9/datetime.py)
Traceback (most recent call last):
  File "/Users/xiamingxing/Workspace/bin/gac/workspace-wip-guard.py", line 31, in <module>
    from datetime import UTC, datetime
ImportError: cannot import name 'UTC' from 'datetime' (/Applications/Xcode.app/Contents/Developer/Library/Frameworks/Python3.framework/Versions/3.9/lib/python3.9/datetime.py)
Traceback (most recent call last):
  File "/Users/xiamingxing/Workspace/bin/gac/workspace-wip-guard.py", line 31, in <module>
    from datetime import UTC, datetime
ImportError: cannot import name 'UTC' from 'datetime' (/Applications/Xcode.app/Contents/Developer/Library/Frameworks/Python3.framework/Versions/3.9/lib/python3.9/datetime.py)
Traceback (most recent call last):
  File "/Users/xiamingxing/Workspace/bin/gac/workspace-wip-guard.py", line 31, in <module>
    from datetime import UTC, datetime
ImportError: cannot import name 'UTC' from 'datetime' (/Applications/Xcode.app/Contents/Developer/Library/Frameworks/Python3.framework/Versions/3.9/lib/python3.9/datetime.py)
{
 "ok": true,
 "base": "origin/main",
 "dry_run": false,
 "branches_with_unpushed": [
  {
   "branch": "agent/governance-agent/a9-retro-budget-bootstrap",
   "unpushed": 1,
   "tip": "5bc0f75bfafbc3d477d3869d4c4931f18a282786"
  },
  {
   "branch": "agent/governance-agent/a9-retro-budget-impl",
   "unpushed": 2,
   "tip": "b81a8277e0774c6ae1f873055be1c1b78c3b7c9f"
  },
  {
   "branch": "agent/governance-agent/a9-source-root-spec-20260922",
   "unpushed": 1,
   "tip": "e15c2f6fb3e353dc9f7bae18c9e1910cef393421"
  },
  {
   "branch": "agent/governance-agent/agora-bump",
   "unpushed": 1,
   "tip": "cee0c684b8a3ccc507a026c2a29cc6bd92c7429e"
  },
  {
   "branch": "agent/governance-agent/archive-docs-20260919",
   "unpushed": 2,
   "tip": "175f73c281df358ab7179b9c45c746e0b7cf007d"
  },
  {
   "branch": "agent/governance-agent/bet-y1q4-t10-170",
   "unpushed": 1,
   "tip": "28535d4beba9961565e4e98d51d8a032f0f1ab9a"
  },
  {
   "branch": "agent/governance-agent/bet-y1q4-t10-170-agora",
   "unpushed": 12,
   "tip": "b2552ffa0f5827c978cf388c6c4682dac0bc40fb"
  },
  {
   "branch": "agent/governance-agent/bet-y2q2-t5-01",
   "unpushed": 2,
   "tip": "a73e458f155afc1122cc957dbc13044622d4a31b"
  },
  {
   "branch": "agent/governance-agent/bet-y2q2-t5-02",
   "unpushed": 2,
   "tip": "649154f1f7a991fce54511253dd0dddc999100b4"
  },
  {
   "branch": "agent/governance-agent/bet-y2q2-t5-02wr",
   "unpushed": 1,
   "tip": "5e530a53f3b7154fd4c145552dc5e1aa4a9e4355"
  },
  {
   "branch": "agent/governance-agent/bet-y2q2-t5-03",
   "unpushed": 1,
   "tip": "22d4797a5cb56d330376ca2f283cdc84aad92600"
  },
  {
   "branch": "agent/governance-agent/bet-y2q2-t5-ledger",
   "unpushed": 1,
   "tip": "3a742d4abd999e8008e59654cd26c21249e1ca51"
  },
  {
   "branch": "agent/governance-agent/bus-fwd-sync",
   "unpushed": 1,
   "tip": "a99aea8b2bfd582bbc895e1dc40d36a2a6ddf0e6"
  },
  {
   "branch": "agent/governance-agent/claims-graduation-readiness-20260919",
   "unpushed": 1,
   "tip": "62316cb3bc9279e59dfc40e8ccd3a1b9d7432ba9"
  },
  {
   "branch": "agent/governance-agent/claims-lifecycle-ui-20260920",
   "unpushed": 1,
   "tip": "a577e02e54e5386e7d50c2d5c0c0a6a42139d9a6"
  },
  {
   "branch": "agent/governance-agent/claims-lifecycle-visibility-recovery-20260920",
   "unpushed": 1,
   "tip": "cd70cb90a6c6753b44706185aaaab029fac68b45"
  },
  {
   "branch": "agent/governance-agent/dashboard-host-capture-20260920",
   "unpushed": 1,
   "tip": "d886c548ed625e80842d6c3a9f5bd3292477adcc"
  },
  {
   "branch": "agent/governance-agent/dashboard-live-server-capture-20260920",
   "unpushed": 1,
   "tip": "18d68916a62ac5ec3777b14249b362e4a120b424"
  },
  {
   "branch": "agent/governance-agent/debt-cron-register",
   "unpushed": 6,
   "tip": "81cb6489b7565e2919882a25774edefc890ca6b7"
  },
  {
   "branch": "agent/governance-agent/debt-followup-2026-09-20",
   "unpushed": 5,
   "tip": "ea73e66f157cb97d5cea53013d1cdfa822372930"
  },
  {
   "branch": "agent/governance-agent/debt-gap-retirement-2026-09-20",
   "unpushed": 1,
   "tip": "7a267eaa81b8392f1c8a6dca3e75b4c43f62855e"
  },
  {
   "branch": "agent/governance-agent/declare-exec-gate",
   "unpushed": 1,
   "tip": "b9e609339c589ece731be5ac2dd396f086d6ff71"
  },
  {
   "branch": "agent/governance-agent/doc-review-0921",
   "unpushed": 1,
   "tip": "e28d888fcae13a7b24c86949aa91011afa6b2520"
  },
  {
   "branch": "agent/governance-agent/docs-lane1",
   "unpushed": 1,
   "tip": "98cad5f71d7bce67079a22eac75cda95423a3bc3"
  },
  {
   "branch": "agent/governance-agent/docs-lane3-0918",
   "unpushed": 1,
   "tip": "ce9a8127dd6a6adc106c5a6294aa4c70b56dbbcd"
  },
  {
   "branch": "agent/governance-agent/ext-write-root-bridge",
   "unpushed": 3,
   "tip": "a8b73022cbad8b044b7a2cf47959e6d137b30db0"
  },
  {
   "branch": "agent/governance-agent/fix-ack-test-env-guard",
   "unpushed": 1,
   "tip": "6ef82e16ba1e354b02ef526fe73937ecc89d77b0"
  },
  {
   "branch": "agent/governance-agent/fix-adr-0402-dup",
   "unpushed": 1,
   "tip": "e7e912d31973819ca5857dc3e081a1776b4e1768"
  },
  {
   "branch": "agent/governance-agent/fix-adr-0453-regression",
   "unpushed": 1,
   "tip": "a959561d42967decaaf8cfe625bc8982b2c4c163"
  },
  {
   "branch": "agent/governance-agent/fix-adr-coverage-enforce",
   "unpushed": 1,
   "tip": "e9e1998a5c52577a874a1de625f3ac4c2c4f6f8f"
  },
  {
   "branch": "agent/governance-agent/fix-clone-lifecycle-fence-contract",
   "unpushed": 4,
   "tip": "521863ba46c3b6fafd7f2e8d30840d8a24233f21"
  },
  {
   "branch": "agent/governance-agent/fix-integration-stale-tests",
   "unpushed": 1,
   "tip": "679d1fedca62b0225210a067382071787c03f6e4"
  },
  {
   "branch": "agent/governance-agent/fix-journey-engine-outcome-bugs",
   "unpushed": 1,
   "tip": "e1003cf0200419ca2c1410b2c7afc5827afe52f6"
  },
  {
   "branch": "agent/governance-agent/fix-omo-gitlink-bump",
   "unpushed": 1,
   "tip": "49e1ee4523b9a75237b8978a2d9deff8a91446a5"
  },
  {
   "branch": "agent/governance-agent/fix-omo-gitlink-review-queue",
   "unpushed": 1,
   "tip": "39c29e008fdee48f0f9711940ae71533ae9e61a1"
  },
  {
   "branch": "agent/governance-agent/fix-orphan-test-rot",
   "unpushed": 1,
   "tip": "24653bb6e251a07773556417281d95a128a7aa48"
  },
  {
   "branch": "agent/governance-agent/fix-panorama-multica-timeout",
   "unpushed": 1,
   "tip": "02e6d382e8604cbbc0985b3c3f3782e7cdd39e14"
  },
  {
   "branch": "agent/governance-agent/fix-project-tests-env-guard",
   "unpushed": 1,
   "tip": "3b5302f4225a2977406c724cc22502c89d155848"
  },
  {
   "branch": "agent/governance-agent/fix-root-test-coverage-count",
   "unpushed": 1,
   "tip": "77efaa672e59aecafb0510783a714d4e2984b195"
  },
  {
   "branch": "agent/governance-agent/fix-scene-graph-test",
   "unpushed": 1,
   "tip": "58339166885a2bf4b926f1bf472e493625c8f933"
  },
  {
   "branch": "agent/governance-agent/fix-scheduler-compile-planes-20260919",
   "unpushed": 1,
   "tip": "d6287e213e29271914f9ef985132d39c3634a027"
  },
  {
   "branch": "agent/governance-agent/fix-semantic-gate-enforce",
   "unpushed": 1,
   "tip": "c67e860909059b8a604f5784b8828f1e421b7f9b"
  },
  {
   "branch": "agent/governance-agent/fix-sfop-live-assertion",
   "unpushed": 1,
   "tip": "39d53fac2f6d7be2ef0bfd4a1d20bd803e93d3e8"
  },
  {
   "branch": "agent/governance-agent/fix-test-collection-gate",
   "unpushed": 2,
   "tip": "b5d5c04548e7aa8da9ae7b9a13eb87abcbb76f43"
  },
  {
   "branch": "agent/governance-agent/fix-worker-adapter-ack-test",
   "unpushed": 1,
   "tip": "669157fd305af4e00bc582cea31378b63d8b13f3"
  },
  {
   "branch": "agent/governance-agent/github-publication-token-hardening",
   "unpushed": 1,
   "tip": "ca93c0c4597e398c91f67de648e811c0b90ec242"
  },
  {
   "branch": "agent/governance-agent/honest-degrade-contract",
   "unpushed": 1,
   "tip": "bebbab68d41c70d53554dfe8d4281925d719c30b"
  },
  {
   "branch": "agent/governance-agent/ledger-total-bets-fix",
   "unpushed": 1,
   "tip": "b57334c32efbc0409ff09b2b1f5778f5fab8dab1"
  },
  {
   "branch": "agent/governance-agent/omlxc-aetherforge-v52-evolution",
   "unpushed": 3,
   "tip": "21984a57ee5533cac82b84bd8ae508ceac676ab6"
  },
  {
   "branch": "agent/governance-agent/p0-dashboard-observability-combined-20260920",
   "unpushed": 1,
   "tip": "97d76116c42af86b03c7861df500a60ab0dd1fa4"
  },
  {
   "branch": "agent/governance-agent/panorama-claims-projection-20260919",
   "unpushed": 1,
   "tip": "3179f3e8510bbad86845015ae843b0f0ff2a5ee9"
  },
  {
   "branch": "agent/governance-agent/panorama-observation-fallback-20260919",
   "unpushed": 1,
   "tip": "309d054eeae12d7a2c32c88a114f2fca57eda634"
  },
  {
   "branch": "agent/governance-agent/panorama-observation-fallback-20260919-s2",
   "unpushed": 1,
   "tip": "7f34181c64ec5141ffe16aa5bc344f9aabb8e7a3"
  },
  {
   "branch": "agent/governance-agent/panorama-observation-ui-20260919",
   "unpushed": 1,
   "tip": "9d4e50b5c831dab9729448d318365c51569ec3c7"
  },
  {
   "branch": "agent/governance-agent/pending-ui-terminal-filter-20260920",
   "unpushed": 1,
   "tip": "b14d8aa0b0b772931932424e0e589d6d2fe5196a"
  },
  {
   "branch": "agent/governance-agent/pitfall-push-route-443",
   "unpushed": 1,
   "tip": "ecdd373f37c67c49ec7358849fe95801dc56d12c"
  },
  {
   "branch": "agent/governance-agent/repo-health-fix",
   "unpushed": 1,
   "tip": "07e2bc216f8a79c6f0d04543be1db0106066a768"
  },
  {
   "branch": "agent/governance-agent/root-gitlink-20260919-01",
   "unpushed": 1,
   "tip": "b54b20a7220442da9ed3ed400c0ec3e735e0dba7"
  },
  {
   "branch": "agent/governance-agent/root-test-debt-triage",
   "unpushed": 1,
   "tip": "d3b123aef0ac650673d18ebe9455acbe111c07f6"
  },
  {
   "branch": "agent/governance-agent/rule-wiring-coverage",
   "unpushed": 1,
   "tip": "31e17944365e60e963ed0b11a3379f4ae664b44c"
  },
  {
   "branch": "agent/governance-agent/t10-153-closeout",
   "unpushed": 1,
   "tip": "92eb79c44a45c1ad8b944bd3e1cd3ea3f7f05bc6"
  },
  {
   "branch": "agent/governance-agent/t10-154-retro-full-scan",
   "unpushed": 2,
   "tip": "59b207c4cc7f4f586c68af2914f0fe2c140bb1f3"
  },
  {
   "branch": "agent/governance-agent/t10-155-binding",
   "unpushed": 1,
   "tip": "e931fdfef155ce9e65595337698230962e4147e7"
  },
  {
   "branch": "agent/governance-agent/t10-155-done",
   "unpushed": 1,
   "tip": "ab7cfb7d2e8aa7a8a225e50d96013c81d600939c"
  },
  {
   "branch": "agent/governance-agent/t10-155-impl",
   "unpushed": 2,
   "tip": "dbadc83e493efed427de9d125771832ded0c0d8a"
  },
  {
   "branch": "agent/governance-agent/t10-165-persistent-semantics-root-20260913",
   "unpushed": 3720,
   "tip": "1c02e004d40981cb447b06200cf360d44f25b1d3"
  },
  {
   "branch": "agent/governance-agent/t10-170-complete",
   "unpushed": 1,
   "tip": "40805dc4084e8122063ec05cf438023db8222375"
  },
  {
   "branch": "agent/governance-agent/t10-171-canary-close",
   "unpushed": 2,
   "tip": "f7b01f6121afdfd42d7b782f446d84d9f14d6689"
  },
  {
   "branch": "agent/governance-agent/t10-171-complete",
   "unpushed": 1,
   "tip": "7e2d07d0d0cfdc51619f6675de60acec4baeb347"
  },
  {
   "branch": "agent/governance-agent/t10-171-live-value-readiness-v2",
   "unpushed": 1,
   "tip": "7c134223a977a9f8dd90b295d01e7ec87e16b881"
  },
  {
   "branch": "agent/governance-agent/t10-172-ledger-completion",
   "unpushed": 1,
   "tip": "2f56d93246f3d34f0cf6c44951753fda855a8d17"
  },
  {
   "branch": "agent/governance-agent/t10-172-omo-gitlink",
   "unpushed": 2,
   "tip": "158222c5a90389f5509e96cd9f411950d72f45f4"
  },
  {
   "branch": "agent/governance-agent/t10-173-ledger-completion",
   "unpushed": 1,
   "tip": "f788ddc45fc82d065ae505d42babd928f1325707"
  },
  {
   "branch": "agent/governance-agent/t10-173-root",
   "unpushed": 4,
   "tip": "676a7398f09f9c375f72e9e7a5337557e8364a48"
  },
  {
   "branch": "agent/governance-agent/t10-closeout-170-171",
   "unpushed": 2,
   "tip": "777a05a7bc074a4eb7f3318fc341272489ba699e"
  },
  {
   "branch": "agent/governance-agent/t4-02-signal-daemon",
   "unpushed": 4,
   "tip": "fc8cbc10236ec0bc8a45aefc33d8802786cac9fb"
  },
  {
   "branch": "agent/governance-agent/t4-03-spine-adaptation",
   "unpushed": 6,
   "tip": "67ea6e5273129b47a1a417b1f038e6d75921b7ae"
  },
  {
   "branch": "agent/governance-agent/t5-01-team-mailbox",
   "unpushed": 2,
   "tip": "2251821b9b3345214b077a16a5c46ee1b83cc703"
  },
  {
   "branch": "agent/governance-agent/t5-02-mailbox-durability",
   "unpushed": 2,
   "tip": "3d06eba2b054f6040cf5ec224024a5397e540cf6"
  },
  {
   "branch": "agent/governance-agent/t7-calibration-fallback",
   "unpushed": 3,
   "tip": "86255f66619f00c9b32608ca8bbcc6efc0b5e7e7"
  },
  {
   "branch": "agent/governance-agent/t7-calibration-fallback-v2",
   "unpushed": 1,
   "tip": "7f5fc32ba2d4f9460285c737105625669a6a7dbe"
  },
  {
   "branch": "agent/governance-agent/t8-02-nav-unification",
   "unpushed": 2,
   "tip": "b6a48f4557407c316fc83acadb337c10e09e1e9f"
  },
  {
   "branch": "agent/governance-agent/t8-03-brief-and-l0",
   "unpushed": 2,
   "tip": "fcb263abbfe280a02f7f0df6494964f2dbac389f"
  },
  {
   "branch": "agent/governance-agent/t8-04-closeout-bootstrap",
   "unpushed": 1,
   "tip": "bec3480a8f34b735e2c04f961134de1008d96927"
  },
  {
   "branch": "agent/governance-agent/t8-04-closeout-successor",
   "unpushed": 1,
   "tip": "52262e05c964e802d5c9268a2a797e82bce145ae"
  },
  {
   "branch": "agent/governance-agent/t8-04-write-integrity",
   "unpushed": 2,
   "tip": "8cd5a83841c1fbb2136ecf88ac3fa0c0f28ae67c"
  },
  {
   "branch": "agent/governance-agent/value-baseline-recovery-20260920",
   "unpushed": 1,
   "tip": "e4e6cc77b6896af8aaae1dfd7e6e3cfd23ed4e6b"
  },
  {
   "branch": "agent/governance-agent/value-loop-evolution",
   "unpushed": 2,
   "tip": "aa6a3ab43bf107510f77df66cf19bddaeddbf67b"
  },
  {
   "branch": "agent/governance-agent/value-operator-doctor-20260919",
   "unpushed": 2,
   "tip": "447ccad2492a58bd2d491ae40e9889ef394d6ec1"
  },
  {
   "branch": "agent/governance-agent/value-operator-runbook-20260920",
   "unpushed": 1,
   "tip": "c66d27bf8bc73defe757a65c82e238408fe503bf"
  },
  {
   "branch": "agent/governance-agent/value-readiness-v2-only-20260920",
   "unpushed": 1,
   "tip": "1cc5bfca3a39a3cfe1ad7ff0b7746bde9789bf8a"
  },
  {
   "branch": "agent/governance-agent/value-readiness-v2-projection-20260920",
   "unpushed": 1,
   "tip": "8816cd8cd33f43dcbd357f56564c94d7fc6ee7d9"
  },
  {
   "branch": "agent/governance-agent/workspace-cleanup-20260919",
   "unpushed": 2,
   "tip": "517d1872b112497133d4c792705034f66216191f"
  },
  {
   "branch": "agent/xiamingxing/entrypoint-binding-check-20260922",
   "unpushed": 1,
   "tip": "ce7bbcea7efc85d2319a2db9757a9e8fdcb1f217"
  },
  {
   "branch": "chore/cockpit-godmodule-bump",
   "unpushed": 3,
   "tip": "0e25e1c791bbc5ea5ad3803bcc82f919e1ac0dd5"
  },
  {
   "branch": "chore/cockpit-godmodule-bump-clean",
   "unpushed": 2,
   "tip": "22dd5616c28e87248a73a19936c6df5b754c233d"
  },
  {
   "branch": "chore/lane4-submodule-pointer-bump-2026-09-18",
   "unpushed": 1,
   "tip": "611fcab9d87de4fe294dc49752fbd3e74781b615"
  },
  {
   "branch": "chore/multiscale-gap-adr0402",
   "unpushed": 1,
   "tip": "32cb2d12904e87345af9f9275567127f9314ae86"
  },
  {
   "branch": "chore/ssot-regen-capability-registry-drift",
   "unpushed": 1,
   "tip": "5444f69e8fa8681af26dc67c9e1dd8897c095c3d"
  },
  {
   "branch": "feat/bet-status-review-20260920",
   "unpushed": 2,
   "tip": "77af4c591905221504167aa658f147dc0d9174d3"
  },
  {
   "branch": "feat/dashboard-reorg-20260920",
   "unpushed": 3,
   "tip": "36e28b18ad99b67f93ed780dce32de9ca5ae0d9d"
  },
  {
   "branch": "feat/quarterly-report-automation-20260920",
   "unpushed": 5,
   "tip": "cde5c1f2d211e914398a46ff0ce85012500239c0"
  },
  {
   "branch": "feat/timeout-audit-gate",
   "unpushed": 3,
   "tip": "386f057aeeea651914c918961257c78362a496f4"
  },
  {
   "branch": "feat/wire-5-paper-scenes-to-bos-backends",
   "unpushed": 1,
   "tip": "01e34cf27c85d55847ce9fa555fcfac278d452c8"
  },
  {
   "branch": "fix/agent-clone-hardening",
   "unpushed": 2,
   "tip": "7d95d94086b67bec6506721e83dbda36b26a7163"
  },
  {
   "branch": "fix/doc-governance-budget-safety-20260921-v2",
   "unpushed": 2,
   "tip": "050d8c98432b1feb5883593b86ef8d5409fde8d6"
  },
  {
   "branch": "fix/engineering-delivery-importer-fallback",
   "unpushed": 7,
   "tip": "1ea95dc85eff0fade061f15be60c15c690a6fe16"
  },
  {
   "branch": "fix/pr3969-gate",
   "unpushed": 4,
   "tip": "130e0011a9d7dd0ba53b404751821c10422d2580"
  },
  {
   "branch": "main",
   "unpushed": 1,
   "tip": "f5863f06308d4f97922bc300fbfe325b20bf3dfa"
  },
  {
   "branch": "recover/main-strategic-3y-plan",
   "unpushed": 1,
   "tip": "1709e3a88fb9c53ca3d1728827227320731ac8b3"
  },
  {
   "branch": "state-sync-20260919",
   "unpushed": 1,
   "tip": "64e73fa87a86a8ac30701783bbbab6fe4444fc8f"
  }
 ],
 "pinned": [
  {
   "ref": "refs/wip/agent_governance-agent_t10-155-done-ab7cfb7d2e8a",
   "sha": "ab7cfb7d2e8aa7a8a225e50d96013c81d600939c",
   "branch": "agent/governance-agent/t10-155-done",
   "unpushed": 1
  },
  {
   "ref": "refs/wip/agent_governance-agent_t10-155-impl-dbadc83e493e",
   "sha": "dbadc83e493efed427de9d125771832ded0c0d8a",
   "branch": "agent/governance-agent/t10-155-impl",
   "unpushed": 2
  },
  {
   "ref": "refs/wip/main-f5863f06308d",
   "sha": "f5863f06308d4f97922bc300fbfe325b20bf3dfa",
   "branch": "main",
   "unpushed": 1
  }
 ],
 "already_pinned": 108,
 "truncated": []
}
{
 "ok": true,
 "base": "origin/main",
 "dry_run": false,
 "branches_with_unpushed": [
  {
   "branch": "agent/governance-agent/a9-retro-budget-bootstrap",
   "unpushed": 1,
   "tip": "5bc0f75bfafbc3d477d3869d4c4931f18a282786"
  },
  {
   "branch": "agent/governance-agent/a9-retro-budget-impl",
   "unpushed": 2,
   "tip": "b81a8277e0774c6ae1f873055be1c1b78c3b7c9f"
  },
  {
   "branch": "agent/governance-agent/a9-source-root-spec-20260922",
   "unpushed": 1,
   "tip": "e15c2f6fb3e353dc9f7bae18c9e1910cef393421"
  },
  {
   "branch": "agent/governance-agent/agora-bump",
   "unpushed": 1,
   "tip": "cee0c684b8a3ccc507a026c2a29cc6bd92c7429e"
  },
  {
   "branch": "agent/governance-agent/archive-docs-20260919",
   "unpushed": 2,
   "tip": "175f73c281df358ab7179b9c45c746e0b7cf007d"
  },
  {
   "branch": "agent/governance-agent/bet-y1q4-t10-170",
   "unpushed": 1,
   "tip": "28535d4beba9961565e4e98d51d8a032f0f1ab9a"
  },
  {
   "branch": "agent/governance-agent/bet-y1q4-t10-170-agora",
   "unpushed": 12,
   "tip": "b2552ffa0f5827c978cf388c6c4682dac0bc40fb"
  },
  {
   "branch": "agent/governance-agent/bet-y2q2-t5-01",
   "unpushed": 2,
   "tip": "a73e458f155afc1122cc957dbc13044622d4a31b"
  },
  {
   "branch": "agent/governance-agent/bet-y2q2-t5-02",
   "unpushed": 2,
   "tip": "649154f1f7a991fce54511253dd0dddc999100b4"
  },
  {
   "branch": "agent/governance-agent/bet-y2q2-t5-02wr",
   "unpushed": 1,
   "tip": "5e530a53f3b7154fd4c145552dc5e1aa4a9e4355"
  },
  {
   "branch": "agent/governance-agent/bet-y2q2-t5-03",
   "unpushed": 1,
   "tip": "22d4797a5cb56d330376ca2f283cdc84aad92600"
  },
  {
   "branch": "agent/governance-agent/bet-y2q2-t5-ledger",
   "unpushed": 1,
   "tip": "3a742d4abd999e8008e59654cd26c21249e1ca51"
  },
  {
   "branch": "agent/governance-agent/bus-fwd-sync",
   "unpushed": 1,
   "tip": "a99aea8b2bfd582bbc895e1dc40d36a2a6ddf0e6"
  },
  {
   "branch": "agent/governance-agent/claims-graduation-readiness-20260919",
   "unpushed": 1,
   "tip": "62316cb3bc9279e59dfc40e8ccd3a1b9d7432ba9"
  },
  {
   "branch": "agent/governance-agent/claims-lifecycle-ui-20260920",
   "unpushed": 1,
   "tip": "a577e02e54e5386e7d50c2d5c0c0a6a42139d9a6"
  },
  {
   "branch": "agent/governance-agent/claims-lifecycle-visibility-recovery-20260920",
   "unpushed": 1,
   "tip": "cd70cb90a6c6753b44706185aaaab029fac68b45"
  },
  {
   "branch": "agent/governance-agent/dashboard-host-capture-20260920",
   "unpushed": 1,
   "tip": "d886c548ed625e80842d6c3a9f5bd3292477adcc"
  },
  {
   "branch": "agent/governance-agent/dashboard-live-server-capture-20260920",
   "unpushed": 1,
   "tip": "18d68916a62ac5ec3777b14249b362e4a120b424"
  },
  {
   "branch": "agent/governance-agent/debt-cron-register",
   "unpushed": 6,
   "tip": "81cb6489b7565e2919882a25774edefc890ca6b7"
  },
  {
   "branch": "agent/governance-agent/debt-followup-2026-09-20",
   "unpushed": 5,
   "tip": "ea73e66f157cb97d5cea53013d1cdfa822372930"
  },
  {
   "branch": "agent/governance-agent/debt-gap-retirement-2026-09-20",
   "unpushed": 1,
   "tip": "7a267eaa81b8392f1c8a6dca3e75b4c43f62855e"
  },
  {
   "branch": "agent/governance-agent/declare-exec-gate",
   "unpushed": 1,
   "tip": "b9e609339c589ece731be5ac2dd396f086d6ff71"
  },
  {
   "branch": "agent/governance-agent/doc-review-0921",
   "unpushed": 1,
   "tip": "e28d888fcae13a7b24c86949aa91011afa6b2520"
  },
  {
   "branch": "agent/governance-agent/docs-lane1",
   "unpushed": 1,
   "tip": "98cad5f71d7bce67079a22eac75cda95423a3bc3"
  },
  {
   "branch": "agent/governance-agent/docs-lane3-0918",
   "unpushed": 1,
   "tip": "ce9a8127dd6a6adc106c5a6294aa4c70b56dbbcd"
  },
  {
   "branch": "agent/governance-agent/ext-write-root-bridge",
   "unpushed": 3,
   "tip": "a8b73022cbad8b044b7a2cf47959e6d137b30db0"
  },
  {
   "branch": "agent/governance-agent/fix-ack-test-env-guard",
   "unpushed": 1,
   "tip": "6ef82e16ba1e354b02ef526fe73937ecc89d77b0"
  },
  {
   "branch": "agent/governance-agent/fix-adr-0402-dup",
   "unpushed": 1,
   "tip": "e7e912d31973819ca5857dc3e081a1776b4e1768"
  },
  {
   "branch": "agent/governance-agent/fix-adr-0453-regression",
   "unpushed": 1,
   "tip": "a959561d42967decaaf8cfe625bc8982b2c4c163"
  },
  {
   "branch": "agent/governance-agent/fix-adr-coverage-enforce",
   "unpushed": 1,
   "tip": "e9e1998a5c52577a874a1de625f3ac4c2c4f6f8f"
  },
  {
   "branch": "agent/governance-agent/fix-clone-lifecycle-fence-contract",
   "unpushed": 4,
   "tip": "521863ba46c3b6fafd7f2e8d30840d8a24233f21"
  },
  {
   "branch": "agent/governance-agent/fix-integration-stale-tests",
   "unpushed": 1,
   "tip": "679d1fedca62b0225210a067382071787c03f6e4"
  },
  {
   "branch": "agent/governance-agent/fix-journey-engine-outcome-bugs",
   "unpushed": 1,
   "tip": "e1003cf0200419ca2c1410b2c7afc5827afe52f6"
  },
  {
   "branch": "agent/governance-agent/fix-omo-gitlink-bump",
   "unpushed": 1,
   "tip": "49e1ee4523b9a75237b8978a2d9deff8a91446a5"
  },
  {
   "branch": "agent/governance-agent/fix-omo-gitlink-review-queue",
   "unpushed": 1,
   "tip": "39c29e008fdee48f0f9711940ae71533ae9e61a1"
  },
  {
   "branch": "agent/governance-agent/fix-orphan-test-rot",
   "unpushed": 1,
   "tip": "24653bb6e251a07773556417281d95a128a7aa48"
  },
  {
   "branch": "agent/governance-agent/fix-panorama-multica-timeout",
   "unpushed": 1,
   "tip": "02e6d382e8604cbbc0985b3c3f3782e7cdd39e14"
  },
  {
   "branch": "agent/governance-agent/fix-project-tests-env-guard",
   "unpushed": 1,
   "tip": "3b5302f4225a2977406c724cc22502c89d155848"
  },
  {
   "branch": "agent/governance-agent/fix-root-test-coverage-count",
   "unpushed": 1,
   "tip": "77efaa672e59aecafb0510783a714d4e2984b195"
  },
  {
   "branch": "agent/governance-agent/fix-scene-graph-test",
   "unpushed": 1,
   "tip": "58339166885a2bf4b926f1bf472e493625c8f933"
  },
  {
   "branch": "agent/governance-agent/fix-scheduler-compile-planes-20260919",
   "unpushed": 1,
   "tip": "d6287e213e29271914f9ef985132d39c3634a027"
  },
  {
   "branch": "agent/governance-agent/fix-semantic-gate-enforce",
   "unpushed": 1,
   "tip": "c67e860909059b8a604f5784b8828f1e421b7f9b"
  },
  {
   "branch": "agent/governance-agent/fix-sfop-live-assertion",
   "unpushed": 1,
   "tip": "39d53fac2f6d7be2ef0bfd4a1d20bd803e93d3e8"
  },
  {
   "branch": "agent/governance-agent/fix-test-collection-gate",
   "unpushed": 2,
   "tip": "b5d5c04548e7aa8da9ae7b9a13eb87abcbb76f43"
  },
  {
   "branch": "agent/governance-agent/fix-worker-adapter-ack-test",
   "unpushed": 1,
   "tip": "669157fd305af4e00bc582cea31378b63d8b13f3"
  },
  {
   "branch": "agent/governance-agent/github-publication-token-hardening",
   "unpushed": 1,
   "tip": "ca93c0c4597e398c91f67de648e811c0b90ec242"
  },
  {
   "branch": "agent/governance-agent/honest-degrade-contract",
   "unpushed": 1,
   "tip": "bebbab68d41c70d53554dfe8d4281925d719c30b"
  },
  {
   "branch": "agent/governance-agent/ledger-total-bets-fix",
   "unpushed": 1,
   "tip": "b57334c32efbc0409ff09b2b1f5778f5fab8dab1"
  },
  {
   "branch": "agent/governance-agent/omlxc-aetherforge-v52-evolution",
   "unpushed": 3,
   "tip": "21984a57ee5533cac82b84bd8ae508ceac676ab6"
  },
  {
   "branch": "agent/governance-agent/p0-dashboard-observability-combined-20260920",
   "unpushed": 1,
   "tip": "97d76116c42af86b03c7861df500a60ab0dd1fa4"
  },
  {
   "branch": "agent/governance-agent/panorama-claims-projection-20260919",
   "unpushed": 1,
   "tip": "3179f3e8510bbad86845015ae843b0f0ff2a5ee9"
  },
  {
   "branch": "agent/governance-agent/panorama-observation-fallback-20260919",
   "unpushed": 1,
   "tip": "309d054eeae12d7a2c32c88a114f2fca57eda634"
  },
  {
   "branch": "agent/governance-agent/panorama-observation-fallback-20260919-s2",
   "unpushed": 1,
   "tip": "7f34181c64ec5141ffe16aa5bc344f9aabb8e7a3"
  },
  {
   "branch": "agent/governance-agent/panorama-observation-ui-20260919",
   "unpushed": 1,
   "tip": "9d4e50b5c831dab9729448d318365c51569ec3c7"
  },
  {
   "branch": "agent/governance-agent/pending-ui-terminal-filter-20260920",
   "unpushed": 1,
   "tip": "b14d8aa0b0b772931932424e0e589d6d2fe5196a"
  },
  {
   "branch": "agent/governance-agent/pitfall-push-route-443",
   "unpushed": 1,
   "tip": "ecdd373f37c67c49ec7358849fe95801dc56d12c"
  },
  {
   "branch": "agent/governance-agent/repo-health-fix",
   "unpushed": 1,
   "tip": "07e2bc216f8a79c6f0d04543be1db0106066a768"
  },
  {
   "branch": "agent/governance-agent/root-gitlink-20260919-01",
   "unpushed": 1,
   "tip": "b54b20a7220442da9ed3ed400c0ec3e735e0dba7"
  },
  {
   "branch": "agent/governance-agent/root-test-debt-triage",
   "unpushed": 1,
   "tip": "d3b123aef0ac650673d18ebe9455acbe111c07f6"
  },
  {
   "branch": "agent/governance-agent/rule-wiring-coverage",
   "unpushed": 1,
   "tip": "31e17944365e60e963ed0b11a3379f4ae664b44c"
  },
  {
   "branch": "agent/governance-agent/t10-153-closeout",
   "unpushed": 1,
   "tip": "92eb79c44a45c1ad8b944bd3e1cd3ea3f7f05bc6"
  },
  {
   "branch": "agent/governance-agent/t10-154-retro-full-scan",
   "unpushed": 2,
   "tip": "59b207c4cc7f4f586c68af2914f0fe2c140bb1f3"
  },
  {
   "branch": "agent/governance-agent/t10-155-binding",
   "unpushed": 1,
   "tip": "e931fdfef155ce9e65595337698230962e4147e7"
  },
  {
   "branch": "agent/governance-agent/t10-155-done",
   "unpushed": 1,
   "tip": "ab7cfb7d2e8aa7a8a225e50d96013c81d600939c"
  },
  {
   "branch": "agent/governance-agent/t10-155-impl",
   "unpushed": 2,
   "tip": "dbadc83e493efed427de9d125771832ded0c0d8a"
  },
  {
   "branch": "agent/governance-agent/t10-165-persistent-semantics-root-20260913",
   "unpushed": 3720,
   "tip": "1c02e004d40981cb447b06200cf360d44f25b1d3"
  },
  {
   "branch": "agent/governance-agent/t10-170-complete",
   "unpushed": 1,
   "tip": "40805dc4084e8122063ec05cf438023db8222375"
  },
  {
   "branch": "agent/governance-agent/t10-171-canary-close",
   "unpushed": 2,
   "tip": "f7b01f6121afdfd42d7b782f446d84d9f14d6689"
  },
  {
   "branch": "agent/governance-agent/t10-171-complete",
   "unpushed": 1,
   "tip": "7e2d07d0d0cfdc51619f6675de60acec4baeb347"
  },
  {
   "branch": "agent/governance-agent/t10-171-live-value-readiness-v2",
   "unpushed": 1,
   "tip": "7c134223a977a9f8dd90b295d01e7ec87e16b881"
  },
  {
   "branch": "agent/governance-agent/t10-172-ledger-completion",
   "unpushed": 1,
   "tip": "2f56d93246f3d34f0cf6c44951753fda855a8d17"
  },
  {
   "branch": "agent/governance-agent/t10-172-omo-gitlink",
   "unpushed": 2,
   "tip": "158222c5a90389f5509e96cd9f411950d72f45f4"
  },
  {
   "branch": "agent/governance-agent/t10-173-ledger-completion",
   "unpushed": 1,
   "tip": "f788ddc45fc82d065ae505d42babd928f1325707"
  },
  {
   "branch": "agent/governance-agent/t10-173-root",
   "unpushed": 4,
   "tip": "676a7398f09f9c375f72e9e7a5337557e8364a48"
  },
  {
   "branch": "agent/governance-agent/t10-closeout-170-171",
   "unpushed": 2,
   "tip": "777a05a7bc074a4eb7f3318fc341272489ba699e"
  },
  {
   "branch": "agent/governance-agent/t4-02-signal-daemon",
   "unpushed": 4,
   "tip": "fc8cbc10236ec0bc8a45aefc33d8802786cac9fb"
  },
  {
   "branch": "agent/governance-agent/t4-03-spine-adaptation",
   "unpushed": 6,
   "tip": "67ea6e5273129b47a1a417b1f038e6d75921b7ae"
  },
  {
   "branch": "agent/governance-agent/t5-01-team-mailbox",
   "unpushed": 2,
   "tip": "2251821b9b3345214b077a16a5c46ee1b83cc703"
  },
  {
   "branch": "agent/governance-agent/t5-02-mailbox-durability",
   "unpushed": 2,
   "tip": "3d06eba2b054f6040cf5ec224024a5397e540cf6"
  },
  {
   "branch": "agent/governance-agent/t7-calibration-fallback",
   "unpushed": 3,
   "tip": "86255f66619f00c9b32608ca8bbcc6efc0b5e7e7"
  },
  {
   "branch": "agent/governance-agent/t7-calibration-fallback-v2",
   "unpushed": 1,
   "tip": "7f5fc32ba2d4f9460285c737105625669a6a7dbe"
  },
  {
   "branch": "agent/governance-agent/t8-02-nav-unification",
   "unpushed": 2,
   "tip": "b6a48f4557407c316fc83acadb337c10e09e1e9f"
  },
  {
   "branch": "agent/governance-agent/t8-03-brief-and-l0",
   "unpushed": 2,
   "tip": "fcb263abbfe280a02f7f0df6494964f2dbac389f"
  },
  {
   "branch": "agent/governance-agent/t8-04-closeout-bootstrap",
   "unpushed": 1,
   "tip": "bec3480a8f34b735e2c04f961134de1008d96927"
  },
  {
   "branch": "agent/governance-agent/t8-04-closeout-successor",
   "unpushed": 1,
   "tip": "52262e05c964e802d5c9268a2a797e82bce145ae"
  },
  {
   "branch": "agent/governance-agent/t8-04-write-integrity",
   "unpushed": 2,
   "tip": "8cd5a83841c1fbb2136ecf88ac3fa0c0f28ae67c"
  },
  {
   "branch": "agent/governance-agent/value-baseline-recovery-20260920",
   "unpushed": 1,
   "tip": "e4e6cc77b6896af8aaae1dfd7e6e3cfd23ed4e6b"
  },
  {
   "branch": "agent/governance-agent/value-loop-evolution",
   "unpushed": 2,
   "tip": "aa6a3ab43bf107510f77df66cf19bddaeddbf67b"
  },
  {
   "branch": "agent/governance-agent/value-operator-doctor-20260919",
   "unpushed": 2,
   "tip": "447ccad2492a58bd2d491ae40e9889ef394d6ec1"
  },
  {
   "branch": "agent/governance-agent/value-operator-runbook-20260920",
   "unpushed": 1,
   "tip": "c66d27bf8bc73defe757a65c82e238408fe503bf"
  },
  {
   "branch": "agent/governance-agent/value-readiness-v2-only-20260920",
   "unpushed": 1,
   "tip": "1cc5bfca3a39a3cfe1ad7ff0b7746bde9789bf8a"
  },
  {
   "branch": "agent/governance-agent/value-readiness-v2-projection-20260920",
   "unpushed": 1,
   "tip": "8816cd8cd33f43dcbd357f56564c94d7fc6ee7d9"
  },
  {
   "branch": "agent/governance-agent/workspace-cleanup-20260919",
   "unpushed": 2,
   "tip": "517d1872b112497133d4c792705034f66216191f"
  },
  {
   "branch": "agent/xiamingxing/entrypoint-binding-check-20260922",
   "unpushed": 1,
   "tip": "ce7bbcea7efc85d2319a2db9757a9e8fdcb1f217"
  },
  {
   "branch": "chore/cockpit-godmodule-bump",
   "unpushed": 3,
   "tip": "0e25e1c791bbc5ea5ad3803bcc82f919e1ac0dd5"
  },
  {
   "branch": "chore/cockpit-godmodule-bump-clean",
   "unpushed": 2,
   "tip": "22dd5616c28e87248a73a19936c6df5b754c233d"
  },
  {
   "branch": "chore/lane4-submodule-pointer-bump-2026-09-18",
   "unpushed": 1,
   "tip": "611fcab9d87de4fe294dc49752fbd3e74781b615"
  },
  {
   "branch": "chore/multiscale-gap-adr0402",
   "unpushed": 1,
   "tip": "32cb2d12904e87345af9f9275567127f9314ae86"
  },
  {
   "branch": "chore/ssot-regen-capability-registry-drift",
   "unpushed": 1,
   "tip": "5444f69e8fa8681af26dc67c9e1dd8897c095c3d"
  },
  {
   "branch": "feat/bet-status-review-20260920",
   "unpushed": 2,
   "tip": "77af4c591905221504167aa658f147dc0d9174d3"
  },
  {
   "branch": "feat/dashboard-reorg-20260920",
   "unpushed": 3,
   "tip": "36e28b18ad99b67f93ed780dce32de9ca5ae0d9d"
  },
  {
   "branch": "feat/quarterly-report-automation-20260920",
   "unpushed": 5,
   "tip": "cde5c1f2d211e914398a46ff0ce85012500239c0"
  },
  {
   "branch": "feat/timeout-audit-gate",
   "unpushed": 3,
   "tip": "386f057aeeea651914c918961257c78362a496f4"
  },
  {
   "branch": "feat/wire-5-paper-scenes-to-bos-backends",
   "unpushed": 1,
   "tip": "01e34cf27c85d55847ce9fa555fcfac278d452c8"
  },
  {
   "branch": "fix/agent-clone-hardening",
   "unpushed": 2,
   "tip": "7d95d94086b67bec6506721e83dbda36b26a7163"
  },
  {
   "branch": "fix/doc-governance-budget-safety-20260921-v2",
   "unpushed": 2,
   "tip": "050d8c98432b1feb5883593b86ef8d5409fde8d6"
  },
  {
   "branch": "fix/engineering-delivery-importer-fallback",
   "unpushed": 7,
   "tip": "1ea95dc85eff0fade061f15be60c15c690a6fe16"
  },
  {
   "branch": "fix/pr3969-gate",
   "unpushed": 4,
   "tip": "130e0011a9d7dd0ba53b404751821c10422d2580"
  },
  {
   "branch": "main",
   "unpushed": 1,
   "tip": "f5863f06308d4f97922bc300fbfe325b20bf3dfa"
  },
  {
   "branch": "recover/main-strategic-3y-plan",
   "unpushed": 1,
   "tip": "1709e3a88fb9c53ca3d1728827227320731ac8b3"
  },
  {
   "branch": "state-sync-20260919",
   "unpushed": 1,
   "tip": "64e73fa87a86a8ac30701783bbbab6fe4444fc8f"
  }
 ],
 "pinned": [],
 "already_pinned": 111,
 "truncated": []
}
{
 "ok": true,
 "base": "origin/main",
 "dry_run": false,
 "branches_with_unpushed": [
  {
   "branch": "agent/governance-agent/a9-closeout",
   "unpushed": 1,
   "tip": "2fa91662501ca1654b895551b88ab396055d1aa1"
  },
  {
   "branch": "agent/governance-agent/a9-retro-budget-bootstrap",
   "unpushed": 1,
   "tip": "5bc0f75bfafbc3d477d3869d4c4931f18a282786"
  },
  {
   "branch": "agent/governance-agent/a9-retro-budget-impl",
   "unpushed": 2,
   "tip": "b81a8277e0774c6ae1f873055be1c1b78c3b7c9f"
  },
  {
   "branch": "agent/governance-agent/a9-source-root-spec-20260922",
   "unpushed": 1,
   "tip": "e15c2f6fb3e353dc9f7bae18c9e1910cef393421"
  },
  {
   "branch": "agent/governance-agent/agora-bump",
   "unpushed": 1,
   "tip": "cee0c684b8a3ccc507a026c2a29cc6bd92c7429e"
  },
  {
   "branch": "agent/governance-agent/archive-docs-20260919",
   "unpushed": 2,
   "tip": "175f73c281df358ab7179b9c45c746e0b7cf007d"
  },
  {
   "branch": "agent/governance-agent/bet-y1q4-t10-170",
   "unpushed": 1,
   "tip": "28535d4beba9961565e4e98d51d8a032f0f1ab9a"
  },
  {
   "branch": "agent/governance-agent/bet-y1q4-t10-170-agora",
   "unpushed": 12,
   "tip": "b2552ffa0f5827c978cf388c6c4682dac0bc40fb"
  },
  {
   "branch": "agent/governance-agent/bet-y2q2-t5-01",
   "unpushed": 2,
   "tip": "a73e458f155afc1122cc957dbc13044622d4a31b"
  },
  {
   "branch": "agent/governance-agent/bet-y2q2-t5-02",
   "unpushed": 2,
   "tip": "649154f1f7a991fce54511253dd0dddc999100b4"
  },
  {
   "branch": "agent/governance-agent/bet-y2q2-t5-02wr",
   "unpushed": 1,
   "tip": "5e530a53f3b7154fd4c145552dc5e1aa4a9e4355"
  },
  {
   "branch": "agent/governance-agent/bet-y2q2-t5-03",
   "unpushed": 1,
   "tip": "22d4797a5cb56d330376ca2f283cdc84aad92600"
  },
  {
   "branch": "agent/governance-agent/bet-y2q2-t5-ledger",
   "unpushed": 1,
   "tip": "3a742d4abd999e8008e59654cd26c21249e1ca51"
  },
  {
   "branch": "agent/governance-agent/bus-fwd-sync",
   "unpushed": 1,
   "tip": "a99aea8b2bfd582bbc895e1dc40d36a2a6ddf0e6"
  },
  {
   "branch": "agent/governance-agent/claims-graduation-readiness-20260919",
   "unpushed": 1,
   "tip": "62316cb3bc9279e59dfc40e8ccd3a1b9d7432ba9"
  },
  {
   "branch": "agent/governance-agent/claims-lifecycle-ui-20260920",
   "unpushed": 1,
   "tip": "a577e02e54e5386e7d50c2d5c0c0a6a42139d9a6"
  },
  {
   "branch": "agent/governance-agent/claims-lifecycle-visibility-recovery-20260920",
   "unpushed": 1,
   "tip": "cd70cb90a6c6753b44706185aaaab029fac68b45"
  },
  {
   "branch": "agent/governance-agent/dashboard-host-capture-20260920",
   "unpushed": 1,
   "tip": "d886c548ed625e80842d6c3a9f5bd3292477adcc"
  },
  {
   "branch": "agent/governance-agent/dashboard-live-server-capture-20260920",
   "unpushed": 1,
   "tip": "18d68916a62ac5ec3777b14249b362e4a120b424"
  },
  {
   "branch": "agent/governance-agent/debt-cron-register",
   "unpushed": 6,
   "tip": "81cb6489b7565e2919882a25774edefc890ca6b7"
  },
  {
   "branch": "agent/governance-agent/debt-followup-2026-09-20",
   "unpushed": 5,
   "tip": "ea73e66f157cb97d5cea53013d1cdfa822372930"
  },
  {
   "branch": "agent/governance-agent/debt-gap-retirement-2026-09-20",
   "unpushed": 1,
   "tip": "7a267eaa81b8392f1c8a6dca3e75b4c43f62855e"
  },
  {
   "branch": "agent/governance-agent/declare-exec-gate",
   "unpushed": 1,
   "tip": "b9e609339c589ece731be5ac2dd396f086d6ff71"
  },
  {
   "branch": "agent/governance-agent/doc-review-0921",
   "unpushed": 1,
   "tip": "e28d888fcae13a7b24c86949aa91011afa6b2520"
  },
  {
   "branch": "agent/governance-agent/docs-lane1",
   "unpushed": 1,
   "tip": "98cad5f71d7bce67079a22eac75cda95423a3bc3"
  },
  {
   "branch": "agent/governance-agent/docs-lane3-0918",
   "unpushed": 1,
   "tip": "ce9a8127dd6a6adc106c5a6294aa4c70b56dbbcd"
  },
  {
   "branch": "agent/governance-agent/ext-write-root-bridge",
   "unpushed": 3,
   "tip": "a8b73022cbad8b044b7a2cf47959e6d137b30db0"
  },
  {
   "branch": "agent/governance-agent/fix-4171-phase-gate-cockpit-submodule",
   "unpushed": 1,
   "tip": "5b5980c7b4992f9972ae223d15266bfb66b45e1e"
  },
  {
   "branch": "agent/governance-agent/fix-4186-t5-03-evidence",
   "unpushed": 1,
   "tip": "3a114ae79316239ff84ae4f41418f763a5380646"
  },
  {
   "branch": "agent/governance-agent/fix-ack-test-env-guard",
   "unpushed": 1,
   "tip": "6ef82e16ba1e354b02ef526fe73937ecc89d77b0"
  },
  {
   "branch": "agent/governance-agent/fix-adr-0402-dup",
   "unpushed": 1,
   "tip": "e7e912d31973819ca5857dc3e081a1776b4e1768"
  },
  {
   "branch": "agent/governance-agent/fix-adr-0453-regression",
   "unpushed": 1,
   "tip": "a959561d42967decaaf8cfe625bc8982b2c4c163"
  },
  {
   "branch": "agent/governance-agent/fix-adr-coverage-enforce",
   "unpushed": 1,
   "tip": "e9e1998a5c52577a874a1de625f3ac4c2c4f6f8f"
  },
  {
   "branch": "agent/governance-agent/fix-clone-lifecycle-fence-contract",
   "unpushed": 4,
   "tip": "521863ba46c3b6fafd7f2e8d30840d8a24233f21"
  },
  {
   "branch": "agent/governance-agent/fix-integration-stale-tests",
   "unpushed": 1,
   "tip": "679d1fedca62b0225210a067382071787c03f6e4"
  },
  {
   "branch": "agent/governance-agent/fix-journey-engine-outcome-bugs",
   "unpushed": 1,
   "tip": "e1003cf0200419ca2c1410b2c7afc5827afe52f6"
  },
  {
   "branch": "agent/governance-agent/fix-omo-gitlink-bump",
   "unpushed": 1,
   "tip": "49e1ee4523b9a75237b8978a2d9deff8a91446a5"
  },
  {
   "branch": "agent/governance-agent/fix-omo-gitlink-review-queue",
   "unpushed": 1,
   "tip": "39c29e008fdee48f0f9711940ae71533ae9e61a1"
  },
  {
   "branch": "agent/governance-agent/fix-orphan-test-rot",
   "unpushed": 1,
   "tip": "24653bb6e251a07773556417281d95a128a7aa48"
  },
  {
   "branch": "agent/governance-agent/fix-panorama-multica-timeout",
   "unpushed": 1,
   "tip": "02e6d382e8604cbbc0985b3c3f3782e7cdd39e14"
  },
  {
   "branch": "agent/governance-agent/fix-project-tests-env-guard",
   "unpushed": 1,
   "tip": "3b5302f4225a2977406c724cc22502c89d155848"
  },
  {
   "branch": "agent/governance-agent/fix-root-test-coverage-count",
   "unpushed": 1,
   "tip": "77efaa672e59aecafb0510783a714d4e2984b195"
  },
  {
   "branch": "agent/governance-agent/fix-scene-graph-test",
   "unpushed": 1,
   "tip": "58339166885a2bf4b926f1bf472e493625c8f933"
  },
  {
   "branch": "agent/governance-agent/fix-scheduler-compile-planes-20260919",
   "unpushed": 1,
   "tip": "d6287e213e29271914f9ef985132d39c3634a027"
  },
  {
   "branch": "agent/governance-agent/fix-semantic-gate-enforce",
   "unpushed": 1,
   "tip": "c67e860909059b8a604f5784b8828f1e421b7f9b"
  },
  {
   "branch": "agent/governance-agent/fix-sfop-live-assertion",
   "unpushed": 1,
   "tip": "39d53fac2f6d7be2ef0bfd4a1d20bd803e93d3e8"
  },
  {
   "branch": "agent/governance-agent/fix-test-collection-gate",
   "unpushed": 2,
   "tip": "b5d5c04548e7aa8da9ae7b9a13eb87abcbb76f43"
  },
  {
   "branch": "agent/governance-agent/fix-worker-adapter-ack-test",
   "unpushed": 1,
   "tip": "669157fd305af4e00bc582cea31378b63d8b13f3"
  },
  {
   "branch": "agent/governance-agent/github-publication-token-hardening",
   "unpushed": 1,
   "tip": "ca93c0c4597e398c91f67de648e811c0b90ec242"
  },
  {
   "branch": "agent/governance-agent/hardcoded-port-registry",
   "unpushed": 1,
   "tip": "ce46d8ca6029fd0276b6334eadcd8e979a384386"
  },
  {
   "branch": "agent/governance-agent/honest-degrade-contract",
   "unpushed": 1,
   "tip": "bebbab68d41c70d53554dfe8d4281925d719c30b"
  },
  {
   "branch": "agent/governance-agent/ledger-total-bets-fix",
   "unpushed": 1,
   "tip": "ec41dc0e7a4d48a8079bb41110f819f84409dd6b"
  },
  {
   "branch": "agent/governance-agent/omlxc-aetherforge-v52-evolution",
   "unpushed": 3,
   "tip": "21984a57ee5533cac82b84bd8ae508ceac676ab6"
  },
  {
   "branch": "agent/governance-agent/ops-comprehensive-drift",
   "unpushed": 1,
   "tip": "426ff582030f2ec1c15cf0a11e9885eb3d6b137b"
  },
  {
   "branch": "agent/governance-agent/p0-dashboard-observability-combined-20260920",
   "unpushed": 1,
   "tip": "97d76116c42af86b03c7861df500a60ab0dd1fa4"
  },
  {
   "branch": "agent/governance-agent/panorama-claims-projection-20260919",
   "unpushed": 1,
   "tip": "3179f3e8510bbad86845015ae843b0f0ff2a5ee9"
  },
  {
   "branch": "agent/governance-agent/panorama-observation-fallback-20260919",
   "unpushed": 1,
   "tip": "309d054eeae12d7a2c32c88a114f2fca57eda634"
  },
  {
   "branch": "agent/governance-agent/panorama-observation-fallback-20260919-s2",
   "unpushed": 1,
   "tip": "7f34181c64ec5141ffe16aa5bc344f9aabb8e7a3"
  },
  {
   "branch": "agent/governance-agent/panorama-observation-ui-20260919",
   "unpushed": 1,
   "tip": "9d4e50b5c831dab9729448d318365c51569ec3c7"
  },
  {
   "branch": "agent/governance-agent/pending-ui-terminal-filter-20260920",
   "unpushed": 1,
   "tip": "b14d8aa0b0b772931932424e0e589d6d2fe5196a"
  },
  {
   "branch": "agent/governance-agent/pitfall-gat-009",
   "unpushed": 1,
   "tip": "50ca7889cf7f0a5641dff069532307691105ffa9"
  },
  {
   "branch": "agent/governance-agent/pitfall-push-route-443",
   "unpushed": 1,
   "tip": "ecdd373f37c67c49ec7358849fe95801dc56d12c"
  },
  {
   "branch": "agent/governance-agent/readd-4171-cockpit-init",
   "unpushed": 1,
   "tip": "3637691515a37b550e95a067a7d9b3294c465963"
  },
  {
   "branch": "agent/governance-agent/repo-health-fix",
   "unpushed": 1,
   "tip": "07e2bc216f8a79c6f0d04543be1db0106066a768"
  },
  {
   "branch": "agent/governance-agent/revert-4185-cockpit-init",
   "unpushed": 1,
   "tip": "a51de5bf7690773f0a482abdc60846ee0fed3360"
  },
  {
   "branch": "agent/governance-agent/root-gitlink-20260919-01",
   "unpushed": 1,
   "tip": "b54b20a7220442da9ed3ed400c0ec3e735e0dba7"
  },
  {
   "branch": "agent/governance-agent/root-test-debt-triage",
   "unpushed": 1,
   "tip": "d3b123aef0ac650673d18ebe9455acbe111c07f6"
  },
  {
   "branch": "agent/governance-agent/rule-wiring-coverage",
   "unpushed": 1,
   "tip": "31e17944365e60e963ed0b11a3379f4ae664b44c"
  },
  {
   "branch": "agent/governance-agent/t10-153-closeout",
   "unpushed": 1,
   "tip": "92eb79c44a45c1ad8b944bd3e1cd3ea3f7f05bc6"
  },
  {
   "branch": "agent/governance-agent/t10-154-retro-full-scan",
   "unpushed": 2,
   "tip": "59b207c4cc7f4f586c68af2914f0fe2c140bb1f3"
  },
  {
   "branch": "agent/governance-agent/t10-155-binding",
   "unpushed": 1,
   "tip": "e931fdfef155ce9e65595337698230962e4147e7"
  },
  {
   "branch": "agent/governance-agent/t10-155-done",
   "unpushed": 1,
   "tip": "ab7cfb7d2e8aa7a8a225e50d96013c81d600939c"
  },
  {
   "branch": "agent/governance-agent/t10-155-impl",
   "unpushed": 2,
   "tip": "dbadc83e493efed427de9d125771832ded0c0d8a"
  },
  {
   "branch": "agent/governance-agent/t10-165-persistent-semantics-root-20260913",
   "unpushed": 3720,
   "tip": "1c02e004d40981cb447b06200cf360d44f25b1d3"
  },
  {
   "branch": "agent/governance-agent/t10-170-complete",
   "unpushed": 1,
   "tip": "40805dc4084e8122063ec05cf438023db8222375"
  },
  {
   "branch": "agent/governance-agent/t10-171-canary-close",
   "unpushed": 2,
   "tip": "f7b01f6121afdfd42d7b782f446d84d9f14d6689"
  },
  {
   "branch": "agent/governance-agent/t10-171-complete",
   "unpushed": 1,
   "tip": "7e2d07d0d0cfdc51619f6675de60acec4baeb347"
  },
  {
   "branch": "agent/governance-agent/t10-171-live-value-readiness-v2",
   "unpushed": 1,
   "tip": "7c134223a977a9f8dd90b295d01e7ec87e16b881"
  },
  {
   "branch": "agent/governance-agent/t10-172-ledger-completion",
   "unpushed": 1,
   "tip": "2f56d93246f3d34f0cf6c44951753fda855a8d17"
  },
  {
   "branch": "agent/governance-agent/t10-172-omo-gitlink",
   "unpushed": 2,
   "tip": "158222c5a90389f5509e96cd9f411950d72f45f4"
  },
  {
   "branch": "agent/governance-agent/t10-173-ledger-completion",
   "unpushed": 1,
   "tip": "f788ddc45fc82d065ae505d42babd928f1325707"
  },
  {
   "branch": "agent/governance-agent/t10-173-root",
   "unpushed": 4,
   "tip": "676a7398f09f9c375f72e9e7a5337557e8364a48"
  },
  {
   "branch": "agent/governance-agent/t10-closeout-170-171",
   "unpushed": 2,
   "tip": "777a05a7bc074a4eb7f3318fc341272489ba699e"
  },
  {
   "branch": "agent/governance-agent/t4-02-signal-daemon",
   "unpushed": 4,
   "tip": "fc8cbc10236ec0bc8a45aefc33d8802786cac9fb"
  },
  {
   "branch": "agent/governance-agent/t4-03-spine-adaptation",
   "unpushed": 6,
   "tip": "67ea6e5273129b47a1a417b1f038e6d75921b7ae"
  },
  {
   "branch": "agent/governance-agent/t5-01-team-mailbox",
   "unpushed": 2,
   "tip": "2251821b9b3345214b077a16a5c46ee1b83cc703"
  },
  {
   "branch": "agent/governance-agent/t5-02-mailbox-durability",
   "unpushed": 2,
   "tip": "3d06eba2b054f6040cf5ec224024a5397e540cf6"
  },
  {
   "branch": "agent/governance-agent/t5-03-completion",
   "unpushed": 2,
   "tip": "9218c97cea9d58421fc01e1951425337831ad147"
  },
  {
   "branch": "agent/governance-agent/t5-03-completion-v2",
   "unpushed": 2,
   "tip": "9218c97cea9d58421fc01e1951425337831ad147"
  },
  {
   "branch": "agent/governance-agent/t7-calibration-fallback",
   "unpushed": 3,
   "tip": "86255f66619f00c9b32608ca8bbcc6efc0b5e7e7"
  },
  {
   "branch": "agent/governance-agent/t7-calibration-fallback-v2",
   "unpushed": 1,
   "tip": "7f5fc32ba2d4f9460285c737105625669a6a7dbe"
  },
  {
   "branch": "agent/governance-agent/t8-02-nav-unification",
   "unpushed": 2,
   "tip": "b6a48f4557407c316fc83acadb337c10e09e1e9f"
  },
  {
   "branch": "agent/governance-agent/t8-03-brief-and-l0",
   "unpushed": 2,
   "tip": "fcb263abbfe280a02f7f0df6494964f2dbac389f"
  },
  {
   "branch": "agent/governance-agent/t8-04-closeout-bootstrap",
   "unpushed": 1,
   "tip": "bec3480a8f34b735e2c04f961134de1008d96927"
  },
  {
   "branch": "agent/governance-agent/t8-04-closeout-successor",
   "unpushed": 1,
   "tip": "52262e05c964e802d5c9268a2a797e82bce145ae"
  },
  {
   "branch": "agent/governance-agent/t8-04-write-integrity",
   "unpushed": 2,
   "tip": "8cd5a83841c1fbb2136ecf88ac3fa0c0f28ae67c"
  },
  {
   "branch": "agent/governance-agent/value-baseline-recovery-20260920",
   "unpushed": 1,
   "tip": "e4e6cc77b6896af8aaae1dfd7e6e3cfd23ed4e6b"
  },
  {
   "branch": "agent/governance-agent/value-loop-evolution",
   "unpushed": 2,
   "tip": "aa6a3ab43bf107510f77df66cf19bddaeddbf67b"
  },
  {
   "branch": "agent/governance-agent/value-operator-doctor-20260919",
   "unpushed": 2,
   "tip": "447ccad2492a58bd2d491ae40e9889ef394d6ec1"
  },
  {
   "branch": "agent/governance-agent/value-operator-runbook-20260920",
   "unpushed": 1,
   "tip": "c66d27bf8bc73defe757a65c82e238408fe503bf"
  },
  {
   "branch": "agent/governance-agent/value-readiness-v2-only-20260920",
   "unpushed": 1,
   "tip": "1cc5bfca3a39a3cfe1ad7ff0b7746bde9789bf8a"
  },
  {
   "branch": "agent/governance-agent/value-readiness-v2-projection-20260920",
   "unpushed": 1,
   "tip": "8816cd8cd33f43dcbd357f56564c94d7fc6ee7d9"
  },
  {
   "branch": "agent/governance-agent/workspace-cleanup-20260919",
   "unpushed": 2,
   "tip": "517d1872b112497133d4c792705034f66216191f"
  },
  {
   "branch": "agent/xiamingxing/entrypoint-binding-check-20260922",
   "unpushed": 3,
   "tip": "326d53c5dc38c11af36b10362d7f4baf548fb491"
  },
  {
   "branch": "agent/xiamingxing/fix-t5-03-completion-evidence",
   "unpushed": 5,
   "tip": "1d0829820c88e011a1f0ee7d89deaffb877622fb"
  },
  {
   "branch": "agent/xiamingxing/fix-t5-03-ledger-status",
   "unpushed": 1,
   "tip": "2ca1c9c9d147f103cda27f474d1ff120645137a5"
  },
  {
   "branch": "chore/cockpit-godmodule-bump",
   "unpushed": 3,
   "tip": "0e25e1c791bbc5ea5ad3803bcc82f919e1ac0dd5"
  },
  {
   "branch": "chore/cockpit-godmodule-bump-clean",
   "unpushed": 2,
   "tip": "22dd5616c28e87248a73a19936c6df5b754c233d"
  },
  {
   "branch": "chore/lane4-submodule-pointer-bump-2026-09-18",
   "unpushed": 1,
   "tip": "611fcab9d87de4fe294dc49752fbd3e74781b615"
  },
  {
   "branch": "chore/multiscale-gap-adr0402",
   "unpushed": 1,
   "tip": "32cb2d12904e87345af9f9275567127f9314ae86"
  },
  {
   "branch": "chore/ssot-regen-capability-registry-drift",
   "unpushed": 1,
   "tip": "5444f69e8fa8681af26dc67c9e1dd8897c095c3d"
  },
  {
   "branch": "feat/bet-status-review-20260920",
   "unpushed": 2,
   "tip": "77af4c591905221504167aa658f147dc0d9174d3"
  },
  {
   "branch": "feat/dashboard-reorg-20260920",
   "unpushed": 3,
   "tip": "36e28b18ad99b67f93ed780dce32de9ca5ae0d9d"
  },
  {
   "branch": "feat/quarterly-report-automation-20260920",
   "unpushed": 5,
   "tip": "cde5c1f2d211e914398a46ff0ce85012500239c0"
  },
  {
   "branch": "feat/timeout-audit-gate",
   "unpushed": 3,
   "tip": "386f057aeeea651914c918961257c78362a496f4"
  },
  {
   "branch": "feat/wire-5-paper-scenes-to-bos-backends",
   "unpushed": 1,
   "tip": "01e34cf27c85d55847ce9fa555fcfac278d452c8"
  },
  {
   "branch": "fix/agent-clone-hardening",
   "unpushed": 2,
   "tip": "7d95d94086b67bec6506721e83dbda36b26a7163"
  },
  {
   "branch": "fix/doc-governance-budget-safety-20260921-v2",
   "unpushed": 2,
   "tip": "050d8c98432b1feb5883593b86ef8d5409fde8d6"
  },
  {
   "branch": "fix/engineering-delivery-importer-fallback",
   "unpushed": 7,
   "tip": "1ea95dc85eff0fade061f15be60c15c690a6fe16"
  },
  {
   "branch": "fix/pr3969-gate",
   "unpushed": 4,
   "tip": "130e0011a9d7dd0ba53b404751821c10422d2580"
  },
  {
   "branch": "main",
   "unpushed": 2,
   "tip": "93185b96358076f996ad1c56ad9b9b4fe7387db8"
  },
  {
   "branch": "recover/main-strategic-3y-plan",
   "unpushed": 1,
   "tip": "1709e3a88fb9c53ca3d1728827227320731ac8b3"
  },
  {
   "branch": "state-sync-20260919",
   "unpushed": 1,
   "tip": "64e73fa87a86a8ac30701783bbbab6fe4444fc8f"
  }
 ],
 "pinned": [
  {
   "ref": "refs/wip/agent_governance-agent_a9-closeout-2fa91662501c",
   "sha": "2fa91662501ca1654b895551b88ab396055d1aa1",
   "branch": "agent/governance-agent/a9-closeout",
   "unpushed": 1
  },
  {
   "ref": "refs/wip/agent_governance-agent_fix-4186-t5-03-evidence-3a114ae79316",
   "sha": "3a114ae79316239ff84ae4f41418f763a5380646",
   "branch": "agent/governance-agent/fix-4186-t5-03-evidence",
   "unpushed": 1
  },
  {
   "ref": "refs/wip/agent_governance-agent_hardcoded-port-registry-ce46d8ca6029",
   "sha": "ce46d8ca6029fd0276b6334eadcd8e979a384386",
   "branch": "agent/governance-agent/hardcoded-port-registry",
   "unpushed": 1
  },
  {
   "ref": "refs/wip/agent_governance-agent_ledger-total-bets-fix-ec41dc0e7a4d",
   "sha": "ec41dc0e7a4d48a8079bb41110f819f84409dd6b",
   "branch": "agent/governance-agent/ledger-total-bets-fix",
   "unpushed": 1
  },
  {
   "ref": "refs/wip/agent_governance-agent_pitfall-gat-009-50ca7889cf7f",
   "sha": "50ca7889cf7f0a5641dff069532307691105ffa9",
   "branch": "agent/governance-agent/pitfall-gat-009",
   "unpushed": 1
  },
  {
   "ref": "refs/wip/agent_governance-agent_readd-4171-cockpit-init-3637691515a3",
   "sha": "3637691515a37b550e95a067a7d9b3294c465963",
   "branch": "agent/governance-agent/readd-4171-cockpit-init",
   "unpushed": 1
  },
  {
   "ref": "refs/wip/agent_governance-agent_revert-4185-cockpit-init-a51de5bf7690",
   "sha": "a51de5bf7690773f0a482abdc60846ee0fed3360",
   "branch": "agent/governance-agent/revert-4185-cockpit-init",
   "unpushed": 1
  },
  {
   "ref": "refs/wip/agent_governance-agent_t5-03-completion-9218c97cea9d",
   "sha": "9218c97cea9d58421fc01e1951425337831ad147",
   "branch": "agent/governance-agent/t5-03-completion",
   "unpushed": 2
  },
  {
   "ref": "refs/wip/agent_governance-agent_t5-03-completion-v2-9218c97cea9d",
   "sha": "9218c97cea9d58421fc01e1951425337831ad147",
   "branch": "agent/governance-agent/t5-03-completion-v2",
   "unpushed": 2
  },
  {
   "ref": "refs/wip/agent_xiamingxing_entrypoint-binding-check-20260922-326d53c5dc38",
   "sha": "326d53c5dc38c11af36b10362d7f4baf548fb491",
   "branch": "agent/xiamingxing/entrypoint-binding-check-20260922",
   "unpushed": 3
  },
  {
   "ref": "refs/wip/agent_xiamingxing_fix-t5-03-completion-evidence-1d0829820c88",
   "sha": "1d0829820c88e011a1f0ee7d89deaffb877622fb",
   "branch": "agent/xiamingxing/fix-t5-03-completion-evidence",
   "unpushed": 5
  },
  {
   "ref": "refs/wip/agent_xiamingxing_fix-t5-03-ledger-status-2ca1c9c9d147",
   "sha": "2ca1c9c9d147f103cda27f474d1ff120645137a5",
   "branch": "agent/xiamingxing/fix-t5-03-ledger-status",
   "unpushed": 1
  }
 ],
 "already_pinned": 111,
 "truncated": []
}
{
 "ok": true,
 "base": "origin/main",
 "dry_run": false,
 "branches_with_unpushed": [
  {
   "branch": "agent/governance-agent/archive-target-test-cleanup",
   "unpushed": 1,
   "tip": "6c93366ce797a8f81866b9d7084bab975c24a004"
  },
  {
   "branch": "chore/cockpit-godmodule-bump",
   "unpushed": 3,
   "tip": "0e25e1c791bbc5ea5ad3803bcc82f919e1ac0dd5"
  },
  {
   "branch": "chore/cockpit-godmodule-bump-clean",
   "unpushed": 2,
   "tip": "22dd5616c28e87248a73a19936c6df5b754c233d"
  },
  {
   "branch": "chore/lane4-submodule-pointer-bump-2026-09-18",
   "unpushed": 1,
   "tip": "611fcab9d87de4fe294dc49752fbd3e74781b615"
  },
  {
   "branch": "chore/multiscale-gap-adr0402",
   "unpushed": 1,
   "tip": "32cb2d12904e87345af9f9275567127f9314ae86"
  },
  {
   "branch": "chore/ssot-regen-capability-registry-drift",
   "unpushed": 1,
   "tip": "5444f69e8fa8681af26dc67c9e1dd8897c095c3d"
  },
  {
   "branch": "feat/bet-status-review-20260920",
   "unpushed": 2,
   "tip": "77af4c591905221504167aa658f147dc0d9174d3"
  },
  {
   "branch": "feat/dashboard-reorg-20260920",
   "unpushed": 3,
   "tip": "36e28b18ad99b67f93ed780dce32de9ca5ae0d9d"
  },
  {
   "branch": "feat/quarterly-report-automation-20260920",
   "unpushed": 5,
   "tip": "cde5c1f2d211e914398a46ff0ce85012500239c0"
  },
  {
   "branch": "feat/timeout-audit-gate",
   "unpushed": 3,
   "tip": "386f057aeeea651914c918961257c78362a496f4"
  },
  {
   "branch": "feat/wire-5-paper-scenes-to-bos-backends",
   "unpushed": 1,
   "tip": "01e34cf27c85d55847ce9fa555fcfac278d452c8"
  },
  {
   "branch": "fix/agent-clone-hardening",
   "unpushed": 2,
   "tip": "7d95d94086b67bec6506721e83dbda36b26a7163"
  },
  {
   "branch": "fix/doc-governance-budget-safety-20260921-v2",
   "unpushed": 2,
   "tip": "050d8c98432b1feb5883593b86ef8d5409fde8d6"
  },
  {
   "branch": "fix/engineering-delivery-importer-fallback",
   "unpushed": 7,
   "tip": "1ea95dc85eff0fade061f15be60c15c690a6fe16"
  },
  {
   "branch": "fix/pr3969-gate",
   "unpushed": 4,
   "tip": "130e0011a9d7dd0ba53b404751821c10422d2580"
  },
  {
   "branch": "recover/main-strategic-3y-plan",
   "unpushed": 1,
   "tip": "1709e3a88fb9c53ca3d1728827227320731ac8b3"
  },
  {
   "branch": "state-sync-20260919",
   "unpushed": 1,
   "tip": "64e73fa87a86a8ac30701783bbbab6fe4444fc8f"
  }
 ],
 "pinned": [
  {
   "ref": "refs/wip/agent_governance-agent_archive-target-test-cleanup-6c93366ce797",
   "sha": "6c93366ce797a8f81866b9d7084bab975c24a004",
   "branch": "agent/governance-agent/archive-target-test-cleanup",
   "unpushed": 1
  }
 ],
 "already_pinned": 16,
 "truncated": []
}
{
 "ok": true,
 "base": "origin/main",
 "dry_run": false,
 "branches_with_unpushed": [
  {
   "branch": "agent/governance-agent/relative-time-bomb-fix",
   "unpushed": 2,
   "tip": "3cc401bb578cb303ab57e6585de7c5f6c5ae9183"
  },
  {
   "branch": "feat/cockpit-ui-panorama-live-telemetry",
   "unpushed": 1,
   "tip": "88ca9dc8b81923107085e38aa995e0628554b2a1"
  }
 ],
 "pinned": [
  {
   "ref": "refs/wip/agent_governance-agent_relative-time-bomb-fix-3cc401bb578c",
   "sha": "3cc401bb578cb303ab57e6585de7c5f6c5ae9183",
   "branch": "agent/governance-agent/relative-time-bomb-fix",
   "unpushed": 2
  },
  {
   "ref": "refs/wip/feat_cockpit-ui-panorama-live-telemetry-88ca9dc8b819",
   "sha": "88ca9dc8b81923107085e38aa995e0628554b2a1",
   "branch": "feat/cockpit-ui-panorama-live-telemetry",
   "unpushed": 1
  }
 ],
 "already_pinned": 0,
 "truncated": []
}
{
 "ok": true,
 "base": "origin/main",
 "dry_run": false,
 "branches_with_unpushed": [
  {
   "branch": "agent/governance-agent/relative-time-bomb-fix",
   "unpushed": 2,
   "tip": "3cc401bb578cb303ab57e6585de7c5f6c5ae9183"
  },
  {
   "branch": "feat/cockpit-ui-panorama-live-telemetry",
   "unpushed": 1,
   "tip": "88ca9dc8b81923107085e38aa995e0628554b2a1"
  }
 ],
 "pinned": [],
 "already_pinned": 2,
 "truncated": []
}
{
 "ok": true,
 "base": "origin/main",
 "dry_run": false,
 "branches_with_unpushed": [
  {
   "branch": "agent/governance-agent/a4-clash-known-orphans",
   "unpushed": 1,
   "tip": "97e0b3a15def04ea772d9edfbdde6a9a394d0b58"
  },
  {
   "branch": "agent/governance-agent/env-deps-companion-scripts",
   "unpushed": 1,
   "tip": "07d8c663e0e7ec5d2d7336a8d507f4a643a39110"
  },
  {
   "branch": "agent/governance-agent/omo-submodule-shim",
   "unpushed": 1,
   "tip": "45c293629aa9f94f1a72d7456905d280b64ec6af"
  },
  {
   "branch": "agent/governance-agent/relative-time-bomb-fix",
   "unpushed": 2,
   "tip": "3cc401bb578cb303ab57e6585de7c5f6c5ae9183"
  },
  {
   "branch": "feat/cockpit-ui-panorama-live-telemetry",
   "unpushed": 4,
   "tip": "b4f54f655a02dc21664245858dba25aa8560a3f9"
  }
 ],
 "pinned": [
  {
   "ref": "refs/wip/agent_governance-agent_a4-clash-known-orphans-97e0b3a15def",
   "sha": "97e0b3a15def04ea772d9edfbdde6a9a394d0b58",
   "branch": "agent/governance-agent/a4-clash-known-orphans",
   "unpushed": 1
  },
  {
   "ref": "refs/wip/agent_governance-agent_env-deps-companion-scripts-07d8c663e0e7",
   "sha": "07d8c663e0e7ec5d2d7336a8d507f4a643a39110",
   "branch": "agent/governance-agent/env-deps-companion-scripts",
   "unpushed": 1
  },
  {
   "ref": "refs/wip/agent_governance-agent_omo-submodule-shim-45c293629aa9",
   "sha": "45c293629aa9f94f1a72d7456905d280b64ec6af",
   "branch": "agent/governance-agent/omo-submodule-shim",
   "unpushed": 1
  },
  {
   "ref": "refs/wip/feat_cockpit-ui-panorama-live-telemetry-b4f54f655a02",
   "sha": "b4f54f655a02dc21664245858dba25aa8560a3f9",
   "branch": "feat/cockpit-ui-panorama-live-telemetry",
   "unpushed": 4
  }
 ],
 "already_pinned": 1,
 "truncated": []
}
{
 "ok": true,
 "base": "origin/main",
 "dry_run": false,
 "branches_with_unpushed": [
  {
   "branch": "agent/governance-agent/e2-sweep-closeout-drift",
   "unpushed": 1,
   "tip": "a97c0d1819d1a6027ff07e98b779ac4f72147dc4"
  },
  {
   "branch": "agent/governance-agent/env-deps-companion-scripts",
   "unpushed": 6,
   "tip": "76a846c6b78877c8f6d32ea72c3b4241aac88e64"
  },
  {
   "branch": "agent/governance-agent/hardcoded-ports-rest",
   "unpushed": 1,
   "tip": "67e326c076a475794e6d192f8ad071721a431009"
  },
  {
   "branch": "agent/governance-agent/omo-submodule-shim",
   "unpushed": 1,
   "tip": "45c293629aa9f94f1a72d7456905d280b64ec6af"
  },
  {
   "branch": "agent/governance-agent/relative-time-bomb-fix",
   "unpushed": 2,
   "tip": "3cc401bb578cb303ab57e6585de7c5f6c5ae9183"
  },
  {
   "branch": "agent/governance-agent/t10-156-claims-preflight",
   "unpushed": 2,
   "tip": "e9efcf9ec89c86b34f36a3db4a23ea5527e07853"
  },
  {
   "branch": "feat/cockpit-ui-panorama-live-telemetry",
   "unpushed": 4,
   "tip": "b4f54f655a02dc21664245858dba25aa8560a3f9"
  }
 ],
 "pinned": [
  {
   "ref": "refs/wip/agent_governance-agent_env-deps-companion-scripts-76a846c6b788",
   "sha": "76a846c6b78877c8f6d32ea72c3b4241aac88e64",
   "branch": "agent/governance-agent/env-deps-companion-scripts",
   "unpushed": 6
  }
 ],
 "already_pinned": 6,
 "truncated": []
}
{
 "ok": true,
 "base": "origin/main",
 "dry_run": false,
 "branches_with_unpushed": [
  {
   "branch": "agent/governance-agent/e2-sweep-closeout-drift",
   "unpushed": 1,
   "tip": "a97c0d1819d1a6027ff07e98b779ac4f72147dc4"
  },
  {
   "branch": "agent/governance-agent/env-deps-companion-scripts",
   "unpushed": 6,
   "tip": "76a846c6b78877c8f6d32ea72c3b4241aac88e64"
  },
  {
   "branch": "agent/governance-agent/hardcoded-ports-rest",
   "unpushed": 1,
   "tip": "67e326c076a475794e6d192f8ad071721a431009"
  },
  {
   "branch": "agent/governance-agent/omo-submodule-shim",
   "unpushed": 1,
   "tip": "45c293629aa9f94f1a72d7456905d280b64ec6af"
  },
  {
   "branch": "agent/governance-agent/relative-time-bomb-fix",
   "unpushed": 2,
   "tip": "3cc401bb578cb303ab57e6585de7c5f6c5ae9183"
  },
  {
   "branch": "agent/governance-agent/t10-156-claims-preflight",
   "unpushed": 2,
   "tip": "e9efcf9ec89c86b34f36a3db4a23ea5527e07853"
  },
  {
   "branch": "feat/cockpit-ui-panorama-live-telemetry",
   "unpushed": 4,
   "tip": "b4f54f655a02dc21664245858dba25aa8560a3f9"
  }
 ],
 "pinned": [],
 "already_pinned": 7,
 "truncated": []
}
{
 "ok": true,
 "base": "origin/main",
 "dry_run": false,
 "branches_with_unpushed": [
  {
   "branch": "agent/governance-agent/e2-sweep-closeout-drift",
   "unpushed": 1,
   "tip": "a97c0d1819d1a6027ff07e98b779ac4f72147dc4"
  },
  {
   "branch": "agent/governance-agent/env-deps-companion-scripts",
   "unpushed": 6,
   "tip": "76a846c6b78877c8f6d32ea72c3b4241aac88e64"
  },
  {
   "branch": "agent/governance-agent/hardcoded-ports-rest",
   "unpushed": 1,
   "tip": "67e326c076a475794e6d192f8ad071721a431009"
  },
  {
   "branch": "agent/governance-agent/omo-submodule-shim",
   "unpushed": 1,
   "tip": "45c293629aa9f94f1a72d7456905d280b64ec6af"
  },
  {
   "branch": "agent/governance-agent/relative-time-bomb-fix",
   "unpushed": 2,
   "tip": "3cc401bb578cb303ab57e6585de7c5f6c5ae9183"
  },
  {
   "branch": "agent/governance-agent/t10-156-claims-preflight",
   "unpushed": 2,
   "tip": "e9efcf9ec89c86b34f36a3db4a23ea5527e07853"
  },
  {
   "branch": "feat/cockpit-ui-panorama-live-telemetry",
   "unpushed": 4,
   "tip": "b4f54f655a02dc21664245858dba25aa8560a3f9"
  }
 ],
 "pinned": [],
 "already_pinned": 7,
 "truncated": []
}
{
 "ok": true,
 "base": "origin/main",
 "dry_run": false,
 "branches_with_unpushed": [
  {
   "branch": "agent/governance-agent/e2-sweep-closeout-drift",
   "unpushed": 1,
   "tip": "a97c0d1819d1a6027ff07e98b779ac4f72147dc4"
  },
  {
   "branch": "agent/governance-agent/env-deps-companion-scripts",
   "unpushed": 6,
   "tip": "76a846c6b78877c8f6d32ea72c3b4241aac88e64"
  },
  {
   "branch": "agent/governance-agent/hardcoded-ports-rest",
   "unpushed": 1,
   "tip": "67e326c076a475794e6d192f8ad071721a431009"
  },
  {
   "branch": "agent/governance-agent/omo-submodule-shim",
   "unpushed": 1,
   "tip": "45c293629aa9f94f1a72d7456905d280b64ec6af"
  },
  {
   "branch": "agent/governance-agent/relative-time-bomb-fix",
   "unpushed": 2,
   "tip": "3cc401bb578cb303ab57e6585de7c5f6c5ae9183"
  },
  {
   "branch": "agent/governance-agent/t10-156-claims-preflight",
   "unpushed": 2,
   "tip": "e9efcf9ec89c86b34f36a3db4a23ea5527e07853"
  },
  {
   "branch": "feat/cockpit-ui-panorama-live-telemetry",
   "unpushed": 4,
   "tip": "b4f54f655a02dc21664245858dba25aa8560a3f9"
  }
 ],
 "pinned": [],
 "already_pinned": 7,
 "truncated": []
}
{
 "ok": true,
 "base": "origin/main",
 "dry_run": false,
 "branches_with_unpushed": [
  {
   "branch": "agent/governance-agent/e2-sweep-closeout-drift",
   "unpushed": 1,
   "tip": "a97c0d1819d1a6027ff07e98b779ac4f72147dc4"
  },
  {
   "branch": "agent/governance-agent/env-deps-companion-scripts",
   "unpushed": 6,
   "tip": "76a846c6b78877c8f6d32ea72c3b4241aac88e64"
  },
  {
   "branch": "agent/governance-agent/hardcoded-ports-rest",
   "unpushed": 1,
   "tip": "67e326c076a475794e6d192f8ad071721a431009"
  },
  {
   "branch": "agent/governance-agent/omo-submodule-shim",
   "unpushed": 1,
   "tip": "45c293629aa9f94f1a72d7456905d280b64ec6af"
  },
  {
   "branch": "agent/governance-agent/relative-time-bomb-fix",
   "unpushed": 2,
   "tip": "3cc401bb578cb303ab57e6585de7c5f6c5ae9183"
  },
  {
   "branch": "agent/governance-agent/t10-156-claims-preflight",
   "unpushed": 2,
   "tip": "e9efcf9ec89c86b34f36a3db4a23ea5527e07853"
  },
  {
   "branch": "feat/cockpit-ui-panorama-live-telemetry",
   "unpushed": 4,
   "tip": "b4f54f655a02dc21664245858dba25aa8560a3f9"
  }
 ],
 "pinned": [],
 "already_pinned": 7,
 "truncated": []
}
{
 "ok": true,
 "base": "origin/main",
 "dry_run": false,
 "branches_with_unpushed": [
  {
   "branch": "agent/governance-agent/e2-sweep-closeout-drift",
   "unpushed": 1,
   "tip": "a97c0d1819d1a6027ff07e98b779ac4f72147dc4"
  },
  {
   "branch": "agent/governance-agent/env-deps-companion-scripts",
   "unpushed": 6,
   "tip": "76a846c6b78877c8f6d32ea72c3b4241aac88e64"
  },
  {
   "branch": "agent/governance-agent/hardcoded-ports-rest",
   "unpushed": 1,
   "tip": "67e326c076a475794e6d192f8ad071721a431009"
  },
  {
   "branch": "agent/governance-agent/omo-submodule-shim",
   "unpushed": 1,
   "tip": "45c293629aa9f94f1a72d7456905d280b64ec6af"
  },
  {
   "branch": "agent/governance-agent/relative-time-bomb-fix",
   "unpushed": 2,
   "tip": "3cc401bb578cb303ab57e6585de7c5f6c5ae9183"
  },
  {
   "branch": "agent/governance-agent/t10-156-claims-preflight",
   "unpushed": 2,
   "tip": "e9efcf9ec89c86b34f36a3db4a23ea5527e07853"
  },
  {
   "branch": "feat/cockpit-ui-panorama-live-telemetry",
   "unpushed": 4,
   "tip": "b4f54f655a02dc21664245858dba25aa8560a3f9"
  }
 ],
 "pinned": [],
 "already_pinned": 7,
 "truncated": []
}
{
 "ok": true,
 "base": "origin/main",
 "dry_run": false,
 "branches_with_unpushed": [
  {
   "branch": "agent/governance-agent/e2-sweep-closeout-drift",
   "unpushed": 1,
   "tip": "a97c0d1819d1a6027ff07e98b779ac4f72147dc4"
  },
  {
   "branch": "agent/governance-agent/env-deps-companion-scripts",
   "unpushed": 6,
   "tip": "76a846c6b78877c8f6d32ea72c3b4241aac88e64"
  },
  {
   "branch": "agent/governance-agent/hardcoded-ports-rest",
   "unpushed": 1,
   "tip": "67e326c076a475794e6d192f8ad071721a431009"
  },
  {
   "branch": "agent/governance-agent/omo-submodule-shim",
   "unpushed": 1,
   "tip": "45c293629aa9f94f1a72d7456905d280b64ec6af"
  },
  {
   "branch": "agent/governance-agent/relative-time-bomb-fix",
   "unpushed": 2,
   "tip": "3cc401bb578cb303ab57e6585de7c5f6c5ae9183"
  },
  {
   "branch": "agent/governance-agent/t10-156-claims-preflight",
   "unpushed": 2,
   "tip": "e9efcf9ec89c86b34f36a3db4a23ea5527e07853"
  },
  {
   "branch": "feat/cockpit-ui-panorama-live-telemetry",
   "unpushed": 4,
   "tip": "b4f54f655a02dc21664245858dba25aa8560a3f9"
  }
 ],
 "pinned": [],
 "already_pinned": 7,
 "truncated": []
}
{
 "ok": true,
 "base": "origin/main",
 "dry_run": false,
 "branches_with_unpushed": [
  {
   "branch": "agent/governance-agent/e2-sweep-closeout-drift",
   "unpushed": 1,
   "tip": "a97c0d1819d1a6027ff07e98b779ac4f72147dc4"
  },
  {
   "branch": "agent/governance-agent/env-deps-companion-scripts",
   "unpushed": 6,
   "tip": "76a846c6b78877c8f6d32ea72c3b4241aac88e64"
  },
  {
   "branch": "agent/governance-agent/hardcoded-ports-rest",
   "unpushed": 1,
   "tip": "67e326c076a475794e6d192f8ad071721a431009"
  },
  {
   "branch": "agent/governance-agent/omo-submodule-shim",
   "unpushed": 1,
   "tip": "45c293629aa9f94f1a72d7456905d280b64ec6af"
  },
  {
   "branch": "agent/governance-agent/relative-time-bomb-fix",
   "unpushed": 2,
   "tip": "3cc401bb578cb303ab57e6585de7c5f6c5ae9183"
  },
  {
   "branch": "agent/governance-agent/t10-156-claims-preflight",
   "unpushed": 2,
   "tip": "e9efcf9ec89c86b34f36a3db4a23ea5527e07853"
  },
  {
   "branch": "feat/cockpit-ui-panorama-live-telemetry",
   "unpushed": 4,
   "tip": "b4f54f655a02dc21664245858dba25aa8560a3f9"
  }
 ],
 "pinned": [],
 "already_pinned": 7,
 "truncated": []
}
{
 "ok": true,
 "base": "origin/main",
 "dry_run": false,
 "branches_with_unpushed": [
  {
   "branch": "agent/governance-agent/e2-sweep-closeout-drift",
   "unpushed": 1,
   "tip": "a97c0d1819d1a6027ff07e98b779ac4f72147dc4"
  },
  {
   "branch": "agent/governance-agent/env-deps-companion-scripts",
   "unpushed": 6,
   "tip": "76a846c6b78877c8f6d32ea72c3b4241aac88e64"
  },
  {
   "branch": "agent/governance-agent/hardcoded-ports-rest",
   "unpushed": 1,
   "tip": "67e326c076a475794e6d192f8ad071721a431009"
  },
  {
   "branch": "agent/governance-agent/omo-submodule-shim",
   "unpushed": 1,
   "tip": "45c293629aa9f94f1a72d7456905d280b64ec6af"
  },
  {
   "branch": "agent/governance-agent/relative-time-bomb-fix",
   "unpushed": 2,
   "tip": "3cc401bb578cb303ab57e6585de7c5f6c5ae9183"
  },
  {
   "branch": "agent/governance-agent/t10-156-claims-preflight",
   "unpushed": 2,
   "tip": "e9efcf9ec89c86b34f36a3db4a23ea5527e07853"
  },
  {
   "branch": "feat/cockpit-ui-panorama-live-telemetry",
   "unpushed": 4,
   "tip": "b4f54f655a02dc21664245858dba25aa8560a3f9"
  }
 ],
 "pinned": [],
 "already_pinned": 7,
 "truncated": []
}
{
 "ok": true,
 "base": "origin/main",
 "dry_run": false,
 "branches_with_unpushed": [
  {
   "branch": "agent/governance-agent/e2-sweep-closeout-drift",
   "unpushed": 1,
   "tip": "a97c0d1819d1a6027ff07e98b779ac4f72147dc4"
  },
  {
   "branch": "agent/governance-agent/env-deps-companion-scripts",
   "unpushed": 6,
   "tip": "76a846c6b78877c8f6d32ea72c3b4241aac88e64"
  },
  {
   "branch": "agent/governance-agent/hardcoded-ports-rest",
   "unpushed": 1,
   "tip": "67e326c076a475794e6d192f8ad071721a431009"
  },
  {
   "branch": "agent/governance-agent/omo-submodule-shim",
   "unpushed": 1,
   "tip": "45c293629aa9f94f1a72d7456905d280b64ec6af"
  },
  {
   "branch": "agent/governance-agent/relative-time-bomb-fix",
   "unpushed": 2,
   "tip": "3cc401bb578cb303ab57e6585de7c5f6c5ae9183"
  },
  {
   "branch": "agent/governance-agent/t10-156-claims-preflight",
   "unpushed": 2,
   "tip": "e9efcf9ec89c86b34f36a3db4a23ea5527e07853"
  },
  {
   "branch": "feat/cockpit-ui-panorama-live-telemetry",
   "unpushed": 4,
   "tip": "b4f54f655a02dc21664245858dba25aa8560a3f9"
  }
 ],
 "pinned": [],
 "already_pinned": 7,
 "truncated": []
}
{
 "ok": true,
 "base": "origin/main",
 "dry_run": false,
 "branches_with_unpushed": [
  {
   "branch": "agent/governance-agent/e2-sweep-closeout-drift",
   "unpushed": 1,
   "tip": "a97c0d1819d1a6027ff07e98b779ac4f72147dc4"
  },
  {
   "branch": "agent/governance-agent/env-deps-companion-scripts",
   "unpushed": 6,
   "tip": "76a846c6b78877c8f6d32ea72c3b4241aac88e64"
  },
  {
   "branch": "agent/governance-agent/hardcoded-ports-rest",
   "unpushed": 1,
   "tip": "67e326c076a475794e6d192f8ad071721a431009"
  },
  {
   "branch": "agent/governance-agent/omo-submodule-shim",
   "unpushed": 1,
   "tip": "45c293629aa9f94f1a72d7456905d280b64ec6af"
  },
  {
   "branch": "agent/governance-agent/relative-time-bomb-fix",
   "unpushed": 2,
   "tip": "3cc401bb578cb303ab57e6585de7c5f6c5ae9183"
  },
  {
   "branch": "agent/governance-agent/t10-156-claims-preflight",
   "unpushed": 2,
   "tip": "e9efcf9ec89c86b34f36a3db4a23ea5527e07853"
  },
  {
   "branch": "feat/cockpit-ui-panorama-live-telemetry",
   "unpushed": 4,
   "tip": "b4f54f655a02dc21664245858dba25aa8560a3f9"
  }
 ],
 "pinned": [],
 "already_pinned": 7,
 "truncated": []
}
{
 "ok": true,
 "base": "origin/main",
 "dry_run": false,
 "branches_with_unpushed": [
  {
   "branch": "agent/governance-agent/e2-sweep-closeout-drift",
   "unpushed": 1,
   "tip": "a97c0d1819d1a6027ff07e98b779ac4f72147dc4"
  },
  {
   "branch": "agent/governance-agent/env-deps-companion-scripts",
   "unpushed": 6,
   "tip": "76a846c6b78877c8f6d32ea72c3b4241aac88e64"
  },
  {
   "branch": "agent/governance-agent/hardcoded-ports-rest",
   "unpushed": 1,
   "tip": "67e326c076a475794e6d192f8ad071721a431009"
  },
  {
   "branch": "agent/governance-agent/omo-submodule-shim",
   "unpushed": 1,
   "tip": "45c293629aa9f94f1a72d7456905d280b64ec6af"
  },
  {
   "branch": "agent/governance-agent/relative-time-bomb-fix",
   "unpushed": 2,
   "tip": "3cc401bb578cb303ab57e6585de7c5f6c5ae9183"
  },
  {
   "branch": "agent/governance-agent/t10-156-claims-preflight",
   "unpushed": 2,
   "tip": "e9efcf9ec89c86b34f36a3db4a23ea5527e07853"
  },
  {
   "branch": "feat/cockpit-ui-panorama-live-telemetry",
   "unpushed": 4,
   "tip": "b4f54f655a02dc21664245858dba25aa8560a3f9"
  }
 ],
 "pinned": [],
 "already_pinned": 7,
 "truncated": []
}
{
 "ok": true,
 "base": "origin/main",
 "dry_run": false,
 "branches_with_unpushed": [
  {
   "branch": "agent/governance-agent/e2-sweep-closeout-drift",
   "unpushed": 1,
   "tip": "a97c0d1819d1a6027ff07e98b779ac4f72147dc4"
  },
  {
   "branch": "agent/governance-agent/env-deps-companion-scripts",
   "unpushed": 6,
   "tip": "76a846c6b78877c8f6d32ea72c3b4241aac88e64"
  },
  {
   "branch": "agent/governance-agent/hardcoded-ports-rest",
   "unpushed": 1,
   "tip": "67e326c076a475794e6d192f8ad071721a431009"
  },
  {
   "branch": "agent/governance-agent/omo-submodule-shim",
   "unpushed": 1,
   "tip": "45c293629aa9f94f1a72d7456905d280b64ec6af"
  },
  {
   "branch": "agent/governance-agent/relative-time-bomb-fix",
   "unpushed": 2,
   "tip": "3cc401bb578cb303ab57e6585de7c5f6c5ae9183"
  },
  {
   "branch": "agent/governance-agent/t10-156-claims-preflight",
   "unpushed": 2,
   "tip": "e9efcf9ec89c86b34f36a3db4a23ea5527e07853"
  },
  {
   "branch": "feat/cockpit-ui-panorama-live-telemetry",
   "unpushed": 4,
   "tip": "b4f54f655a02dc21664245858dba25aa8560a3f9"
  }
 ],
 "pinned": [],
 "already_pinned": 7,
 "truncated": []
}
{
 "ok": true,
 "base": "origin/main",
 "dry_run": false,
 "branches_with_unpushed": [
  {
   "branch": "agent/governance-agent/e2-sweep-closeout-drift",
   "unpushed": 1,
   "tip": "a97c0d1819d1a6027ff07e98b779ac4f72147dc4"
  },
  {
   "branch": "agent/governance-agent/env-deps-companion-scripts",
   "unpushed": 6,
   "tip": "76a846c6b78877c8f6d32ea72c3b4241aac88e64"
  },
  {
   "branch": "agent/governance-agent/hardcoded-ports-rest",
   "unpushed": 1,
   "tip": "67e326c076a475794e6d192f8ad071721a431009"
  },
  {
   "branch": "agent/governance-agent/omo-submodule-shim",
   "unpushed": 1,
   "tip": "45c293629aa9f94f1a72d7456905d280b64ec6af"
  },
  {
   "branch": "agent/governance-agent/relative-time-bomb-fix",
   "unpushed": 2,
   "tip": "3cc401bb578cb303ab57e6585de7c5f6c5ae9183"
  },
  {
   "branch": "agent/governance-agent/t10-156-claims-preflight",
   "unpushed": 2,
   "tip": "e9efcf9ec89c86b34f36a3db4a23ea5527e07853"
  },
  {
   "branch": "feat/cockpit-ui-panorama-live-telemetry",
   "unpushed": 4,
   "tip": "b4f54f655a02dc21664245858dba25aa8560a3f9"
  },
  {
   "branch": "main",
   "unpushed": 1,
   "tip": "4eee1a4179c2a8930c78741d5808a66ce8926643"
  }
 ],
 "pinned": [
  {
   "ref": "refs/wip/main-4eee1a4179c2",
   "sha": "4eee1a4179c2a8930c78741d5808a66ce8926643",
   "branch": "main",
   "unpushed": 1
  }
 ],
 "already_pinned": 7,
 "truncated": []
}
{
 "ok": true,
 "base": "origin/main",
 "dry_run": false,
 "branches_with_unpushed": [
  {
   "branch": "agent/governance-agent/a4-clash-fleet-cf",
   "unpushed": 1,
   "tip": "6a71230371589301b7326140576738eee472f7e8"
  },
  {
   "branch": "agent/governance-agent/e2-sweep-closeout-drift",
   "unpushed": 1,
   "tip": "a97c0d1819d1a6027ff07e98b779ac4f72147dc4"
  },
  {
   "branch": "agent/governance-agent/hardcoded-ports-rest",
   "unpushed": 1,
   "tip": "67e326c076a475794e6d192f8ad071721a431009"
  },
  {
   "branch": "agent/governance-agent/omo-submodule-shim",
   "unpushed": 1,
   "tip": "45c293629aa9f94f1a72d7456905d280b64ec6af"
  },
  {
   "branch": "agent/governance-agent/p0-claims-gat010",
   "unpushed": 1,
   "tip": "08648092ece07f39d89456cb347284ed9a3fd59e"
  },
  {
   "branch": "agent/governance-agent/relative-time-bomb-fix",
   "unpushed": 2,
   "tip": "3cc401bb578cb303ab57e6585de7c5f6c5ae9183"
  },
  {
   "branch": "agent/xiamingxing/binding-check-root-scope-20260923",
   "unpushed": 1,
   "tip": "32fcdaa291fc63c39675bfb81a1c2175de33f31f"
  },
  {
   "branch": "feat/cockpit-ui-panorama-live-telemetry",
   "unpushed": 4,
   "tip": "b4f54f655a02dc21664245858dba25aa8560a3f9"
  },
  {
   "branch": "main",
   "unpushed": 8,
   "tip": "04f07d89e19d4ff4b394f1eea6d6a61004456c27"
  }
 ],
 "pinned": [
  {
   "ref": "refs/wip/agent_governance-agent_a4-clash-fleet-cf-6a7123037158",
   "sha": "6a71230371589301b7326140576738eee472f7e8",
   "branch": "agent/governance-agent/a4-clash-fleet-cf",
   "unpushed": 1
  },
  {
   "ref": "refs/wip/agent_governance-agent_p0-claims-gat010-08648092ece0",
   "sha": "08648092ece07f39d89456cb347284ed9a3fd59e",
   "branch": "agent/governance-agent/p0-claims-gat010",
   "unpushed": 1
  },
  {
   "ref": "refs/wip/agent_xiamingxing_binding-check-root-scope-20260923-32fcdaa291fc",
   "sha": "32fcdaa291fc63c39675bfb81a1c2175de33f31f",
   "branch": "agent/xiamingxing/binding-check-root-scope-20260923",
   "unpushed": 1
  },
  {
   "ref": "refs/wip/main-04f07d89e19d",
   "sha": "04f07d89e19d4ff4b394f1eea6d6a61004456c27",
   "branch": "main",
   "unpushed": 8
  }
 ],
 "already_pinned": 5,
 "truncated": []
}
{
 "ok": true,
 "base": "origin/main",
 "dry_run": false,
 "branches_with_unpushed": [
  {
   "branch": "agent/governance-agent/root-test-debt-closeout",
   "unpushed": 9,
   "tip": "9bbe1f7df1b970b3dc2951238f30c8b53b468799"
  },
  {
   "branch": "main",
   "unpushed": 9,
   "tip": "9bbe1f7df1b970b3dc2951238f30c8b53b468799"
  }
 ],
 "pinned": [],
 "already_pinned": 2,
 "truncated": []
}
{
 "ok": true,
 "base": "origin/main",
 "dry_run": false,
 "branches_with_unpushed": [
  {
   "branch": "agent/governance-agent/cockpit-ui-bump",
   "unpushed": 1,
   "tip": "59bbeb0bc47c25f8d756c39eef060662d1619989"
  },
  {
   "branch": "agent/governance-agent/freshness-token",
   "unpushed": 1,
   "tip": "a0ca9f700dae69364955ee331e9ff3ee46a3addd"
  },
  {
   "branch": "agent/governance-agent/north-star-recovery-20260923",
   "unpushed": 2,
   "tip": "f9d4858bd109c3a4c027340ef899f20de3411166"
  },
  {
   "branch": "agent/governance-agent/root-test-debt-closeout",
   "unpushed": 9,
   "tip": "9bbe1f7df1b970b3dc2951238f30c8b53b468799"
  },
  {
   "branch": "main",
   "unpushed": 9,
   "tip": "9bbe1f7df1b970b3dc2951238f30c8b53b468799"
  }
 ],
 "pinned": [
  {
   "ref": "refs/wip/agent_governance-agent_cockpit-ui-bump-59bbeb0bc47c",
   "sha": "59bbeb0bc47c25f8d756c39eef060662d1619989",
   "branch": "agent/governance-agent/cockpit-ui-bump",
   "unpushed": 1
  },
  {
   "ref": "refs/wip/agent_governance-agent_north-star-recovery-20260923-f9d4858bd109",
   "sha": "f9d4858bd109c3a4c027340ef899f20de3411166",
   "branch": "agent/governance-agent/north-star-recovery-20260923",
   "unpushed": 2
  }
 ],
 "already_pinned": 3,
 "truncated": []
}
{
 "ok": true,
 "base": "origin/main",
 "dry_run": false,
 "branches_with_unpushed": [
  {
   "branch": "agent/governance-agent/cockpit-ui-bump",
   "unpushed": 1,
   "tip": "59bbeb0bc47c25f8d756c39eef060662d1619989"
  },
  {
   "branch": "agent/governance-agent/freshness-token",
   "unpushed": 1,
   "tip": "a0ca9f700dae69364955ee331e9ff3ee46a3addd"
  },
  {
   "branch": "agent/governance-agent/north-star-recovery-20260923",
   "unpushed": 2,
   "tip": "f9d4858bd109c3a4c027340ef899f20de3411166"
  },
  {
   "branch": "agent/governance-agent/root-test-debt-closeout",
   "unpushed": 9,
   "tip": "9bbe1f7df1b970b3dc2951238f30c8b53b468799"
  },
  {
   "branch": "main",
   "unpushed": 9,
   "tip": "9bbe1f7df1b970b3dc2951238f30c8b53b468799"
  }
 ],
 "pinned": [],
 "already_pinned": 5,
 "truncated": []
}
{
 "ok": true,
 "base": "origin/main",
 "dry_run": false,
 "branches_with_unpushed": [
  {
   "branch": "agent/governance-agent/cockpit-ui-bump",
   "unpushed": 1,
   "tip": "59bbeb0bc47c25f8d756c39eef060662d1619989"
  },
  {
   "branch": "agent/governance-agent/freshness-token",
   "unpushed": 1,
   "tip": "a0ca9f700dae69364955ee331e9ff3ee46a3addd"
  },
  {
   "branch": "agent/governance-agent/north-star-recovery-20260923",
   "unpushed": 2,
   "tip": "f9d4858bd109c3a4c027340ef899f20de3411166"
  },
  {
   "branch": "agent/governance-agent/root-test-debt-closeout",
   "unpushed": 9,
   "tip": "9bbe1f7df1b970b3dc2951238f30c8b53b468799"
  },
  {
   "branch": "agent/governance-agent/value-v2-bridge",
   "unpushed": 1,
   "tip": "467658d36a64b8139ffd06261de53d1a4d76330f"
  }
 ],
 "pinned": [
  {
   "ref": "refs/wip/agent_governance-agent_value-v2-bridge-467658d36a64",
   "sha": "467658d36a64b8139ffd06261de53d1a4d76330f",
   "branch": "agent/governance-agent/value-v2-bridge",
   "unpushed": 1
  }
 ],
 "already_pinned": 4,
 "truncated": []
}
{
 "ok": true,
 "base": "origin/main",
 "dry_run": false,
 "branches_with_unpushed": [
  {
   "branch": "agent/governance-agent/cockpit-ui-bump",
   "unpushed": 1,
   "tip": "59bbeb0bc47c25f8d756c39eef060662d1619989"
  },
  {
   "branch": "agent/governance-agent/freshness-token",
   "unpushed": 1,
   "tip": "a0ca9f700dae69364955ee331e9ff3ee46a3addd"
  },
  {
   "branch": "agent/governance-agent/north-star-recovery-20260923",
   "unpushed": 2,
   "tip": "f9d4858bd109c3a4c027340ef899f20de3411166"
  },
  {
   "branch": "agent/governance-agent/root-test-debt-closeout",
   "unpushed": 9,
   "tip": "9bbe1f7df1b970b3dc2951238f30c8b53b468799"
  },
  {
   "branch": "agent/governance-agent/value-v2-bridge",
   "unpushed": 1,
   "tip": "467658d36a64b8139ffd06261de53d1a4d76330f"
  }
 ],
 "pinned": [
  {
   "ref": "refs/wip/agent_governance-agent_cockpit-ui-bump-59bbeb0bc47c",
   "sha": "59bbeb0bc47c25f8d756c39eef060662d1619989",
   "branch": "agent/governance-agent/cockpit-ui-bump",
   "unpushed": 1
  },
  {
   "ref": "refs/wip/agent_governance-agent_freshness-token-a0ca9f700dae",
   "sha": "a0ca9f700dae69364955ee331e9ff3ee46a3addd",
   "branch": "agent/governance-agent/freshness-token",
   "unpushed": 1
  },
  {
   "ref": "refs/wip/agent_governance-agent_north-star-recovery-20260923-f9d4858bd109",
   "sha": "f9d4858bd109c3a4c027340ef899f20de3411166",
   "branch": "agent/governance-agent/north-star-recovery-20260923",
   "unpushed": 2
  },
  {
   "ref": "refs/wip/agent_governance-agent_root-test-debt-closeout-9bbe1f7df1b9",
   "sha": "9bbe1f7df1b970b3dc2951238f30c8b53b468799",
   "branch": "agent/governance-agent/root-test-debt-closeout",
   "unpushed": 9
  },
  {
   "ref": "refs/wip/agent_governance-agent_value-v2-bridge-467658d36a64",
   "sha": "467658d36a64b8139ffd06261de53d1a4d76330f",
   "branch": "agent/governance-agent/value-v2-bridge",
   "unpushed": 1
  }
 ],
 "already_pinned": 0,
 "truncated": []
}
{
 "ok": true,
 "base": "origin/main",
 "dry_run": false,
 "branches_with_unpushed": [
  {
   "branch": "agent/governance-agent/brief-reverify",
   "unpushed": 1,
   "tip": "1767aca825411b165a69e02261dd9f11b971b9f6"
  },
  {
   "branch": "agent/governance-agent/cockpit-ui-bump",
   "unpushed": 1,
   "tip": "59bbeb0bc47c25f8d756c39eef060662d1619989"
  },
  {
   "branch": "agent/governance-agent/freshness-token",
   "unpushed": 1,
   "tip": "a0ca9f700dae69364955ee331e9ff3ee46a3addd"
  },
  {
   "branch": "agent/governance-agent/north-star-recovery-20260923",
   "unpushed": 2,
   "tip": "f9d4858bd109c3a4c027340ef899f20de3411166"
  },
  {
   "branch": "agent/governance-agent/root-test-debt-closeout",
   "unpushed": 9,
   "tip": "9bbe1f7df1b970b3dc2951238f30c8b53b468799"
  },
  {
   "branch": "agent/governance-agent/value-proven-followup",
   "unpushed": 1,
   "tip": "e6e50a3350598603ee173c5aaea05460188120b9"
  },
  {
   "branch": "agent/governance-agent/value-v2-bridge",
   "unpushed": 1,
   "tip": "467658d36a64b8139ffd06261de53d1a4d76330f"
  },
  {
   "branch": "agent/governance-agent/value-window-attest",
   "unpushed": 1,
   "tip": "34b7cde8dbb49b5815c5d130e56db752ecbe3da7"
  },
  {
   "branch": "fix/mcptool-drift-cleanup",
   "unpushed": 1,
   "tip": "f41669b113ccbd2d748ab3b872b4b630b79339f7"
  }
 ],
 "pinned": [
  {
   "ref": "refs/wip/fix_mcptool-drift-cleanup-f41669b113cc",
   "sha": "f41669b113ccbd2d748ab3b872b4b630b79339f7",
   "branch": "fix/mcptool-drift-cleanup",
   "unpushed": 1
  }
 ],
 "already_pinned": 8,
 "truncated": []
}
{
 "ok": true,
 "base": "origin/main",
 "dry_run": false,
 "branches_with_unpushed": [
  {
   "branch": "agent/governance-agent/brief-reverify",
   "unpushed": 1,
   "tip": "1767aca825411b165a69e02261dd9f11b971b9f6"
  },
  {
   "branch": "agent/governance-agent/cockpit-ui-bump",
   "unpushed": 1,
   "tip": "59bbeb0bc47c25f8d756c39eef060662d1619989"
  },
  {
   "branch": "agent/governance-agent/freshness-token",
   "unpushed": 1,
   "tip": "a0ca9f700dae69364955ee331e9ff3ee46a3addd"
  },
  {
   "branch": "agent/governance-agent/north-star-recovery-20260923",
   "unpushed": 2,
   "tip": "f9d4858bd109c3a4c027340ef899f20de3411166"
  },
  {
   "branch": "agent/governance-agent/pitfalls-distill",
   "unpushed": 1,
   "tip": "1880b8b3b2077dab5071b5b61d261b37d2fff86b"
  },
  {
   "branch": "agent/governance-agent/root-test-debt-closeout",
   "unpushed": 9,
   "tip": "9bbe1f7df1b970b3dc2951238f30c8b53b468799"
  },
  {
   "branch": "agent/governance-agent/value-proven-followup",
   "unpushed": 1,
   "tip": "e6e50a3350598603ee173c5aaea05460188120b9"
  },
  {
   "branch": "agent/governance-agent/value-v2-bridge",
   "unpushed": 1,
   "tip": "467658d36a64b8139ffd06261de53d1a4d76330f"
  },
  {
   "branch": "agent/governance-agent/value-window-attest",
   "unpushed": 1,
   "tip": "34b7cde8dbb49b5815c5d130e56db752ecbe3da7"
  },
  {
   "branch": "fix/mcptool-drift-cleanup",
   "unpushed": 2,
   "tip": "bf0e8a604f1c47f70364bc9ecc009b3c1b072459"
  }
 ],
 "pinned": [
  {
   "ref": "refs/wip/agent_governance-agent_pitfalls-distill-1880b8b3b207",
   "sha": "1880b8b3b2077dab5071b5b61d261b37d2fff86b",
   "branch": "agent/governance-agent/pitfalls-distill",
   "unpushed": 1
  }
 ],
 "already_pinned": 9,
 "truncated": []
}
{
 "ok": true,
 "base": "origin/main",
 "dry_run": false,
 "branches_with_unpushed": [
  {
   "branch": "agent/governance-agent/brief-reverify",
   "unpushed": 1,
   "tip": "1767aca825411b165a69e02261dd9f11b971b9f6"
  },
  {
   "branch": "agent/governance-agent/cockpit-ui-bump",
   "unpushed": 1,
   "tip": "59bbeb0bc47c25f8d756c39eef060662d1619989"
  },
  {
   "branch": "agent/governance-agent/docs-claims-activation-checklist",
   "unpushed": 1,
   "tip": "1355a25b23bc79b74ee8fc1afc952cec3c9c41b0"
  },
  {
   "branch": "agent/governance-agent/freshness-token",
   "unpushed": 1,
   "tip": "a0ca9f700dae69364955ee331e9ff3ee46a3addd"
  },
  {
   "branch": "agent/governance-agent/north-star-recovery-20260923",
   "unpushed": 2,
   "tip": "f9d4858bd109c3a4c027340ef899f20de3411166"
  },
  {
   "branch": "agent/governance-agent/pitfalls-distill",
   "unpushed": 1,
   "tip": "1880b8b3b2077dab5071b5b61d261b37d2fff86b"
  },
  {
   "branch": "agent/governance-agent/root-test-debt-closeout",
   "unpushed": 9,
   "tip": "9bbe1f7df1b970b3dc2951238f30c8b53b468799"
  },
  {
   "branch": "agent/governance-agent/value-proven-followup",
   "unpushed": 1,
   "tip": "e6e50a3350598603ee173c5aaea05460188120b9"
  },
  {
   "branch": "agent/governance-agent/value-v2-bridge",
   "unpushed": 1,
   "tip": "467658d36a64b8139ffd06261de53d1a4d76330f"
  },
  {
   "branch": "agent/governance-agent/value-window-attest",
   "unpushed": 1,
   "tip": "34b7cde8dbb49b5815c5d130e56db752ecbe3da7"
  },
  {
   "branch": "fix/mcptool-drift-cleanup",
   "unpushed": 2,
   "tip": "bf0e8a604f1c47f70364bc9ecc009b3c1b072459"
  }
 ],
 "pinned": [],
 "already_pinned": 11,
 "truncated": []
}
{
 "ok": true,
 "base": "origin/main",
 "dry_run": false,
 "branches_with_unpushed": [
  {
   "branch": "agent/governance-agent/a4-cron-registry",
   "unpushed": 1,
   "tip": "b7cc5c4d0b48dd870a4d5916ec24939a467b7619"
  },
  {
   "branch": "agent/governance-agent/brief-reverify",
   "unpushed": 1,
   "tip": "1767aca825411b165a69e02261dd9f11b971b9f6"
  },
  {
   "branch": "agent/governance-agent/cockpit-ui-bump",
   "unpushed": 1,
   "tip": "59bbeb0bc47c25f8d756c39eef060662d1619989"
  },
  {
   "branch": "agent/governance-agent/docs-claims-activation-checklist",
   "unpushed": 1,
   "tip": "1355a25b23bc79b74ee8fc1afc952cec3c9c41b0"
  },
  {
   "branch": "agent/governance-agent/freshness-token",
   "unpushed": 1,
   "tip": "a0ca9f700dae69364955ee331e9ff3ee46a3addd"
  },
  {
   "branch": "agent/governance-agent/north-star-recovery-20260923",
   "unpushed": 2,
   "tip": "f9d4858bd109c3a4c027340ef899f20de3411166"
  },
  {
   "branch": "agent/governance-agent/pitfalls-distill",
   "unpushed": 1,
   "tip": "1880b8b3b2077dab5071b5b61d261b37d2fff86b"
  },
  {
   "branch": "agent/governance-agent/root-test-debt-closeout",
   "unpushed": 9,
   "tip": "9bbe1f7df1b970b3dc2951238f30c8b53b468799"
  },
  {
   "branch": "agent/governance-agent/value-proven-followup",
   "unpushed": 1,
   "tip": "e6e50a3350598603ee173c5aaea05460188120b9"
  },
  {
   "branch": "agent/governance-agent/value-v2-bridge",
   "unpushed": 1,
   "tip": "467658d36a64b8139ffd06261de53d1a4d76330f"
  },
  {
   "branch": "agent/governance-agent/value-window-attest",
   "unpushed": 1,
   "tip": "34b7cde8dbb49b5815c5d130e56db752ecbe3da7"
  },
  {
   "branch": "fix/mcptool-drift-cleanup",
   "unpushed": 7,
   "tip": "a77f5ff27d41bd08aa79e855a006b81035a0ece6"
  }
 ],
 "pinned": [
  {
   "ref": "refs/wip/agent_governance-agent_a4-cron-registry-b7cc5c4d0b48",
   "sha": "b7cc5c4d0b48dd870a4d5916ec24939a467b7619",
   "branch": "agent/governance-agent/a4-cron-registry",
   "unpushed": 1
  },
  {
   "ref": "refs/wip/fix_mcptool-drift-cleanup-a77f5ff27d41",
   "sha": "a77f5ff27d41bd08aa79e855a006b81035a0ece6",
   "branch": "fix/mcptool-drift-cleanup",
   "unpushed": 7
  }
 ],
 "already_pinned": 10,
 "truncated": []
}
{
 "ok": true,
 "base": "origin/main",
 "dry_run": false,
 "branches_with_unpushed": [
  {
   "branch": "agent/governance-agent/a4-cron-registry",
   "unpushed": 1,
   "tip": "b7cc5c4d0b48dd870a4d5916ec24939a467b7619"
  },
  {
   "branch": "agent/governance-agent/brief-reverify",
   "unpushed": 1,
   "tip": "1767aca825411b165a69e02261dd9f11b971b9f6"
  },
  {
   "branch": "agent/governance-agent/cockpit-ui-bump",
   "unpushed": 1,
   "tip": "59bbeb0bc47c25f8d756c39eef060662d1619989"
  },
  {
   "branch": "agent/governance-agent/docs-claims-activation-checklist",
   "unpushed": 1,
   "tip": "1355a25b23bc79b74ee8fc1afc952cec3c9c41b0"
  },
  {
   "branch": "agent/governance-agent/freshness-token",
   "unpushed": 1,
   "tip": "a0ca9f700dae69364955ee331e9ff3ee46a3addd"
  },
  {
   "branch": "agent/governance-agent/north-star-recovery-20260923",
   "unpushed": 2,
   "tip": "f9d4858bd109c3a4c027340ef899f20de3411166"
  },
  {
   "branch": "agent/governance-agent/pitfalls-distill",
   "unpushed": 1,
   "tip": "1880b8b3b2077dab5071b5b61d261b37d2fff86b"
  },
  {
   "branch": "agent/governance-agent/root-test-debt-closeout",
   "unpushed": 9,
   "tip": "9bbe1f7df1b970b3dc2951238f30c8b53b468799"
  },
  {
   "branch": "agent/governance-agent/t401-closeout",
   "unpushed": 6,
   "tip": "a7fe65136f0b6f19e6f435b87ff3d33e66e619b8"
  },
  {
   "branch": "agent/governance-agent/value-proven-followup",
   "unpushed": 1,
   "tip": "e6e50a3350598603ee173c5aaea05460188120b9"
  },
  {
   "branch": "agent/governance-agent/value-v2-bridge",
   "unpushed": 1,
   "tip": "467658d36a64b8139ffd06261de53d1a4d76330f"
  },
  {
   "branch": "agent/governance-agent/value-window-attest",
   "unpushed": 1,
   "tip": "34b7cde8dbb49b5815c5d130e56db752ecbe3da7"
  },
  {
   "branch": "fix/mcptool-drift-cleanup",
   "unpushed": 12,
   "tip": "bb81b0b8de7805984d9e3c65c633741c574b6d9d"
  }
 ],
 "pinned": [],
 "already_pinned": 13,
 "truncated": []
}
{
 "ok": true,
 "base": "origin/main",
 "dry_run": false,
 "branches_with_unpushed": [
  {
   "branch": "agent/engineering-agent/omlxc-fabric-readiness",
   "unpushed": 2,
   "tip": "f0263d3baf011cbfedc878bc27c4aa7ec7e3af57"
  },
  {
   "branch": "agent/governance-agent/a4-cron-registry",
   "unpushed": 1,
   "tip": "b7cc5c4d0b48dd870a4d5916ec24939a467b7619"
  },
  {
   "branch": "agent/governance-agent/brief-reverify",
   "unpushed": 1,
   "tip": "1767aca825411b165a69e02261dd9f11b971b9f6"
  },
  {
   "branch": "agent/governance-agent/cockpit-ui-bump",
   "unpushed": 1,
   "tip": "59bbeb0bc47c25f8d756c39eef060662d1619989"
  },
  {
   "branch": "agent/governance-agent/docs-claims-activation-checklist",
   "unpushed": 1,
   "tip": "1355a25b23bc79b74ee8fc1afc952cec3c9c41b0"
  },
  {
   "branch": "agent/governance-agent/freshness-token",
   "unpushed": 1,
   "tip": "a0ca9f700dae69364955ee331e9ff3ee46a3addd"
  },
  {
   "branch": "agent/governance-agent/north-star-recovery-20260923",
   "unpushed": 2,
   "tip": "f9d4858bd109c3a4c027340ef899f20de3411166"
  },
  {
   "branch": "agent/governance-agent/pitfalls-distill",
   "unpushed": 1,
   "tip": "1880b8b3b2077dab5071b5b61d261b37d2fff86b"
  },
  {
   "branch": "agent/governance-agent/root-test-debt-closeout",
   "unpushed": 9,
   "tip": "9bbe1f7df1b970b3dc2951238f30c8b53b468799"
  },
  {
   "branch": "agent/governance-agent/t401-closeout",
   "unpushed": 6,
   "tip": "a7fe65136f0b6f19e6f435b87ff3d33e66e619b8"
  },
  {
   "branch": "agent/governance-agent/value-proven-followup",
   "unpushed": 1,
   "tip": "e6e50a3350598603ee173c5aaea05460188120b9"
  },
  {
   "branch": "agent/governance-agent/value-v2-bridge",
   "unpushed": 1,
   "tip": "467658d36a64b8139ffd06261de53d1a4d76330f"
  },
  {
   "branch": "agent/governance-agent/value-window-attest",
   "unpushed": 1,
   "tip": "34b7cde8dbb49b5815c5d130e56db752ecbe3da7"
  },
  {
   "branch": "fix/mcptool-drift-cleanup",
   "unpushed": 12,
   "tip": "8264876f0e4398f52b930e7cdc444ada0696d51c"
  }
 ],
 "pinned": [
  {
   "ref": "refs/wip/agent_engineering-agent_omlxc-fabric-readiness-f0263d3baf01",
   "sha": "f0263d3baf011cbfedc878bc27c4aa7ec7e3af57",
   "branch": "agent/engineering-agent/omlxc-fabric-readiness",
   "unpushed": 2
  }
 ],
 "already_pinned": 13,
 "truncated": []
}
{
 "ok": true,
 "base": "origin/main",
 "dry_run": false,
 "branches_with_unpushed": [
  {
   "branch": "agent/engineering-agent/omlxc-fabric-readiness",
   "unpushed": 2,
   "tip": "f0263d3baf011cbfedc878bc27c4aa7ec7e3af57"
  },
  {
   "branch": "agent/governance-agent/a4-cron-registry",
   "unpushed": 1,
   "tip": "b7cc5c4d0b48dd870a4d5916ec24939a467b7619"
  },
  {
   "branch": "agent/governance-agent/brief-reverify",
   "unpushed": 1,
   "tip": "1767aca825411b165a69e02261dd9f11b971b9f6"
  },
  {
   "branch": "agent/governance-agent/cockpit-ui-bump",
   "unpushed": 1,
   "tip": "59bbeb0bc47c25f8d756c39eef060662d1619989"
  },
  {
   "branch": "agent/governance-agent/docs-claims-activation-checklist",
   "unpushed": 1,
   "tip": "1355a25b23bc79b74ee8fc1afc952cec3c9c41b0"
  },
  {
   "branch": "agent/governance-agent/freshness-token",
   "unpushed": 1,
   "tip": "a0ca9f700dae69364955ee331e9ff3ee46a3addd"
  },
  {
   "branch": "agent/governance-agent/north-star-recovery-20260923",
   "unpushed": 2,
   "tip": "f9d4858bd109c3a4c027340ef899f20de3411166"
  },
  {
   "branch": "agent/governance-agent/omlxc-fix",
   "unpushed": 6,
   "tip": "f852fb0d578456176861ad769ef697ed5d4e31d1"
  },
  {
   "branch": "agent/governance-agent/pitfalls-distill",
   "unpushed": 1,
   "tip": "1880b8b3b2077dab5071b5b61d261b37d2fff86b"
  },
  {
   "branch": "agent/governance-agent/root-test-debt-closeout",
   "unpushed": 9,
   "tip": "9bbe1f7df1b970b3dc2951238f30c8b53b468799"
  },
  {
   "branch": "agent/governance-agent/t401-closeout",
   "unpushed": 6,
   "tip": "a7fe65136f0b6f19e6f435b87ff3d33e66e619b8"
  },
  {
   "branch": "agent/governance-agent/value-proven-followup",
   "unpushed": 1,
   "tip": "e6e50a3350598603ee173c5aaea05460188120b9"
  },
  {
   "branch": "agent/governance-agent/value-v2-bridge",
   "unpushed": 1,
   "tip": "467658d36a64b8139ffd06261de53d1a4d76330f"
  },
  {
   "branch": "agent/governance-agent/value-window-attest",
   "unpushed": 1,
   "tip": "34b7cde8dbb49b5815c5d130e56db752ecbe3da7"
  },
  {
   "branch": "fix/mcptool-drift-cleanup",
   "unpushed": 12,
   "tip": "8264876f0e4398f52b930e7cdc444ada0696d51c"
  }
 ],
 "pinned": [
  {
   "ref": "refs/wip/agent_governance-agent_omlxc-fix-f852fb0d5784",
   "sha": "f852fb0d578456176861ad769ef697ed5d4e31d1",
   "branch": "agent/governance-agent/omlxc-fix",
   "unpushed": 6
  }
 ],
 "already_pinned": 14,
 "truncated": []
}
{
 "ok": true,
 "base": "origin/main",
 "dry_run": false,
 "branches_with_unpushed": [
  {
   "branch": "agent/engineering-agent/omlxc-fabric-readiness",
   "unpushed": 2,
   "tip": "f0263d3baf011cbfedc878bc27c4aa7ec7e3af57"
  },
  {
   "branch": "agent/governance-agent/a4-cron-registry",
   "unpushed": 1,
   "tip": "b7cc5c4d0b48dd870a4d5916ec24939a467b7619"
  },
  {
   "branch": "agent/governance-agent/brief-reverify",
   "unpushed": 1,
   "tip": "1767aca825411b165a69e02261dd9f11b971b9f6"
  },
  {
   "branch": "agent/governance-agent/cockpit-ui-bump",
   "unpushed": 1,
   "tip": "59bbeb0bc47c25f8d756c39eef060662d1619989"
  },
  {
   "branch": "agent/governance-agent/docs-claims-activation-checklist",
   "unpushed": 1,
   "tip": "1355a25b23bc79b74ee8fc1afc952cec3c9c41b0"
  },
  {
   "branch": "agent/governance-agent/freshness-token",
   "unpushed": 1,
   "tip": "a0ca9f700dae69364955ee331e9ff3ee46a3addd"
  },
  {
   "branch": "agent/governance-agent/north-star-recovery-20260923",
   "unpushed": 2,
   "tip": "f9d4858bd109c3a4c027340ef899f20de3411166"
  },
  {
   "branch": "agent/governance-agent/omlxc-fix",
   "unpushed": 5,
   "tip": "41f1f2ede4559eb9d56358289f30c57dcef2d9a2"
  },
  {
   "branch": "agent/governance-agent/pitfalls-distill",
   "unpushed": 1,
   "tip": "1880b8b3b2077dab5071b5b61d261b37d2fff86b"
  },
  {
   "branch": "agent/governance-agent/root-test-debt-closeout",
   "unpushed": 9,
   "tip": "9bbe1f7df1b970b3dc2951238f30c8b53b468799"
  },
  {
   "branch": "agent/governance-agent/t401-closeout",
   "unpushed": 6,
   "tip": "a7fe65136f0b6f19e6f435b87ff3d33e66e619b8"
  },
  {
   "branch": "agent/governance-agent/value-proven-followup",
   "unpushed": 1,
   "tip": "e6e50a3350598603ee173c5aaea05460188120b9"
  },
  {
   "branch": "agent/governance-agent/value-v2-bridge",
   "unpushed": 1,
   "tip": "467658d36a64b8139ffd06261de53d1a4d76330f"
  },
  {
   "branch": "agent/governance-agent/value-window-attest",
   "unpushed": 1,
   "tip": "34b7cde8dbb49b5815c5d130e56db752ecbe3da7"
  },
  {
   "branch": "fix/mcptool-drift-cleanup",
   "unpushed": 12,
   "tip": "8264876f0e4398f52b930e7cdc444ada0696d51c"
  }
 ],
 "pinned": [
  {
   "ref": "refs/wip/agent_governance-agent_omlxc-fix-41f1f2ede455",
   "sha": "41f1f2ede4559eb9d56358289f30c57dcef2d9a2",
   "branch": "agent/governance-agent/omlxc-fix",
   "unpushed": 5
  }
 ],
 "already_pinned": 14,
 "truncated": []
}
{
 "ok": true,
 "base": "origin/main",
 "dry_run": false,
 "branches_with_unpushed": [
  {
   "branch": "agent/engineering-agent/omlxc-fabric-readiness",
   "unpushed": 2,
   "tip": "f0263d3baf011cbfedc878bc27c4aa7ec7e3af57"
  },
  {
   "branch": "agent/governance-agent/a4-cron-registry",
   "unpushed": 1,
   "tip": "b7cc5c4d0b48dd870a4d5916ec24939a467b7619"
  },
  {
   "branch": "agent/governance-agent/brief-reverify",
   "unpushed": 1,
   "tip": "1767aca825411b165a69e02261dd9f11b971b9f6"
  },
  {
   "branch": "agent/governance-agent/cockpit-ui-bump",
   "unpushed": 1,
   "tip": "59bbeb0bc47c25f8d756c39eef060662d1619989"
  },
  {
   "branch": "agent/governance-agent/docs-claims-activation-checklist",
   "unpushed": 1,
   "tip": "1355a25b23bc79b74ee8fc1afc952cec3c9c41b0"
  },
  {
   "branch": "agent/governance-agent/freshness-token",
   "unpushed": 1,
   "tip": "a0ca9f700dae69364955ee331e9ff3ee46a3addd"
  },
  {
   "branch": "agent/governance-agent/north-star-ledger-truth-20260923",
   "unpushed": 1,
   "tip": "472cdfe2696981bf665210f124cc5f03f7e6cdb0"
  },
  {
   "branch": "agent/governance-agent/north-star-recovery-20260923",
   "unpushed": 2,
   "tip": "f9d4858bd109c3a4c027340ef899f20de3411166"
  },
  {
   "branch": "agent/governance-agent/omlxc-fix",
   "unpushed": 5,
   "tip": "41f1f2ede4559eb9d56358289f30c57dcef2d9a2"
  },
  {
   "branch": "agent/governance-agent/pitfalls-distill",
   "unpushed": 1,
   "tip": "1880b8b3b2077dab5071b5b61d261b37d2fff86b"
  },
  {
   "branch": "agent/governance-agent/root-test-debt-closeout",
   "unpushed": 9,
   "tip": "9bbe1f7df1b970b3dc2951238f30c8b53b468799"
  },
  {
   "branch": "agent/governance-agent/t401-closeout",
   "unpushed": 6,
   "tip": "a7fe65136f0b6f19e6f435b87ff3d33e66e619b8"
  },
  {
   "branch": "agent/governance-agent/value-proven-followup",
   "unpushed": 1,
   "tip": "e6e50a3350598603ee173c5aaea05460188120b9"
  },
  {
   "branch": "agent/governance-agent/value-v2-bridge",
   "unpushed": 1,
   "tip": "467658d36a64b8139ffd06261de53d1a4d76330f"
  },
  {
   "branch": "agent/governance-agent/value-window-attest",
   "unpushed": 1,
   "tip": "34b7cde8dbb49b5815c5d130e56db752ecbe3da7"
  },
  {
   "branch": "fix/mcptool-drift-cleanup",
   "unpushed": 12,
   "tip": "8264876f0e4398f52b930e7cdc444ada0696d51c"
  }
 ],
 "pinned": [
  {
   "ref": "refs/wip/agent_governance-agent_north-star-ledger-truth-20260923-472cdfe26969",
   "sha": "472cdfe2696981bf665210f124cc5f03f7e6cdb0",
   "branch": "agent/governance-agent/north-star-ledger-truth-20260923",
   "unpushed": 1
  }
 ],
 "already_pinned": 15,
 "truncated": []
}
{
 "ok": true,
 "base": "origin/main",
 "dry_run": false,
 "branches_with_unpushed": [
  {
   "branch": "agent/engineering-agent/omlxc-fabric-readiness",
   "unpushed": 2,
   "tip": "f0263d3baf011cbfedc878bc27c4aa7ec7e3af57"
  },
  {
   "branch": "agent/governance-agent/a4-cron-registry",
   "unpushed": 1,
   "tip": "b7cc5c4d0b48dd870a4d5916ec24939a467b7619"
  },
  {
   "branch": "agent/governance-agent/brief-reverify",
   "unpushed": 1,
   "tip": "1767aca825411b165a69e02261dd9f11b971b9f6"
  },
  {
   "branch": "agent/governance-agent/cockpit-ui-bump",
   "unpushed": 1,
   "tip": "59bbeb0bc47c25f8d756c39eef060662d1619989"
  },
  {
   "branch": "agent/governance-agent/docs-claims-activation-checklist",
   "unpushed": 1,
   "tip": "1355a25b23bc79b74ee8fc1afc952cec3c9c41b0"
  },
  {
   "branch": "agent/governance-agent/freshness-token",
   "unpushed": 1,
   "tip": "a0ca9f700dae69364955ee331e9ff3ee46a3addd"
  },
  {
   "branch": "agent/governance-agent/north-star-ledger-truth-20260923",
   "unpushed": 1,
   "tip": "472cdfe2696981bf665210f124cc5f03f7e6cdb0"
  },
  {
   "branch": "agent/governance-agent/north-star-omo-pin-20260923",
   "unpushed": 1,
   "tip": "cc9a166081ebd902fe9ade4dad58fd4deb9b018a"
  },
  {
   "branch": "agent/governance-agent/north-star-recovery-20260923",
   "unpushed": 2,
   "tip": "f9d4858bd109c3a4c027340ef899f20de3411166"
  },
  {
   "branch": "agent/governance-agent/omlxc-fix",
   "unpushed": 5,
   "tip": "41f1f2ede4559eb9d56358289f30c57dcef2d9a2"
  },
  {
   "branch": "agent/governance-agent/pitfalls-distill",
   "unpushed": 1,
   "tip": "1880b8b3b2077dab5071b5b61d261b37d2fff86b"
  },
  {
   "branch": "agent/governance-agent/root-test-debt-closeout",
   "unpushed": 9,
   "tip": "9bbe1f7df1b970b3dc2951238f30c8b53b468799"
  },
  {
   "branch": "agent/governance-agent/t401-closeout",
   "unpushed": 6,
   "tip": "a7fe65136f0b6f19e6f435b87ff3d33e66e619b8"
  },
  {
   "branch": "agent/governance-agent/value-proven-followup",
   "unpushed": 1,
   "tip": "e6e50a3350598603ee173c5aaea05460188120b9"
  },
  {
   "branch": "agent/governance-agent/value-v2-bridge",
   "unpushed": 1,
   "tip": "467658d36a64b8139ffd06261de53d1a4d76330f"
  },
  {
   "branch": "agent/governance-agent/value-window-attest",
   "unpushed": 1,
   "tip": "34b7cde8dbb49b5815c5d130e56db752ecbe3da7"
  },
  {
   "branch": "fix/mcptool-drift-cleanup",
   "unpushed": 12,
   "tip": "8264876f0e4398f52b930e7cdc444ada0696d51c"
  }
 ],
 "pinned": [
  {
   "ref": "refs/wip/agent_governance-agent_north-star-omo-pin-20260923-cc9a166081eb",
   "sha": "cc9a166081ebd902fe9ade4dad58fd4deb9b018a",
   "branch": "agent/governance-agent/north-star-omo-pin-20260923",
   "unpushed": 1
  }
 ],
 "already_pinned": 16,
 "truncated": []
}
{
 "ok": true,
 "base": "origin/main",
 "dry_run": false,
 "branches_with_unpushed": [
  {
   "branch": "agent/engineering-agent/omlxc-fabric-readiness",
   "unpushed": 2,
   "tip": "f0263d3baf011cbfedc878bc27c4aa7ec7e3af57"
  },
  {
   "branch": "agent/governance-agent/a4-cron-registry",
   "unpushed": 1,
   "tip": "b7cc5c4d0b48dd870a4d5916ec24939a467b7619"
  },
  {
   "branch": "agent/governance-agent/brief-reverify",
   "unpushed": 1,
   "tip": "1767aca825411b165a69e02261dd9f11b971b9f6"
  },
  {
   "branch": "agent/governance-agent/cockpit-ui-bump",
   "unpushed": 1,
   "tip": "59bbeb0bc47c25f8d756c39eef060662d1619989"
  },
  {
   "branch": "agent/governance-agent/docs-claims-activation-checklist",
   "unpushed": 1,
   "tip": "1355a25b23bc79b74ee8fc1afc952cec3c9c41b0"
  },
  {
   "branch": "agent/governance-agent/freshness-token",
   "unpushed": 1,
   "tip": "a0ca9f700dae69364955ee331e9ff3ee46a3addd"
  },
  {
   "branch": "agent/governance-agent/north-star-ledger-truth-20260923",
   "unpushed": 1,
   "tip": "6d87a20e61c425065820da276e192f4239cd83db"
  },
  {
   "branch": "agent/governance-agent/north-star-recovery-20260923",
   "unpushed": 2,
   "tip": "f9d4858bd109c3a4c027340ef899f20de3411166"
  },
  {
   "branch": "agent/governance-agent/omlxc-fix",
   "unpushed": 5,
   "tip": "41f1f2ede4559eb9d56358289f30c57dcef2d9a2"
  },
  {
   "branch": "agent/governance-agent/pitfalls-distill",
   "unpushed": 1,
   "tip": "1880b8b3b2077dab5071b5b61d261b37d2fff86b"
  },
  {
   "branch": "agent/governance-agent/root-test-debt-closeout",
   "unpushed": 9,
   "tip": "9bbe1f7df1b970b3dc2951238f30c8b53b468799"
  },
  {
   "branch": "agent/governance-agent/t401-closeout",
   "unpushed": 6,
   "tip": "a7fe65136f0b6f19e6f435b87ff3d33e66e619b8"
  },
  {
   "branch": "agent/governance-agent/value-proven-followup",
   "unpushed": 1,
   "tip": "e6e50a3350598603ee173c5aaea05460188120b9"
  },
  {
   "branch": "agent/governance-agent/value-v2-bridge",
   "unpushed": 1,
   "tip": "467658d36a64b8139ffd06261de53d1a4d76330f"
  },
  {
   "branch": "agent/governance-agent/value-window-attest",
   "unpushed": 1,
   "tip": "34b7cde8dbb49b5815c5d130e56db752ecbe3da7"
  },
  {
   "branch": "fix/mcptool-drift-cleanup",
   "unpushed": 12,
   "tip": "8264876f0e4398f52b930e7cdc444ada0696d51c"
  }
 ],
 "pinned": [
  {
   "ref": "refs/wip/agent_governance-agent_north-star-ledger-truth-20260923-6d87a20e61c4",
   "sha": "6d87a20e61c425065820da276e192f4239cd83db",
   "branch": "agent/governance-agent/north-star-ledger-truth-20260923",
   "unpushed": 1
  }
 ],
 "already_pinned": 15,
 "truncated": []
}
{
 "ok": true,
 "base": "origin/main",
 "dry_run": false,
 "branches_with_unpushed": [
  {
   "branch": "agent/engineering-agent/omlxc-fabric-readiness",
   "unpushed": 2,
   "tip": "f0263d3baf011cbfedc878bc27c4aa7ec7e3af57"
  },
  {
   "branch": "agent/governance-agent/a4-cron-registry",
   "unpushed": 1,
   "tip": "b7cc5c4d0b48dd870a4d5916ec24939a467b7619"
  },
  {
   "branch": "agent/governance-agent/brief-reverify",
   "unpushed": 1,
   "tip": "1767aca825411b165a69e02261dd9f11b971b9f6"
  },
  {
   "branch": "agent/governance-agent/cockpit-ui-bump",
   "unpushed": 1,
   "tip": "59bbeb0bc47c25f8d756c39eef060662d1619989"
  },
  {
   "branch": "agent/governance-agent/docs-claims-activation-checklist",
   "unpushed": 1,
   "tip": "1355a25b23bc79b74ee8fc1afc952cec3c9c41b0"
  },
  {
   "branch": "agent/governance-agent/freshness-token",
   "unpushed": 1,
   "tip": "a0ca9f700dae69364955ee331e9ff3ee46a3addd"
  },
  {
   "branch": "agent/governance-agent/north-star-ledger-truth-20260923",
   "unpushed": 1,
   "tip": "6d87a20e61c425065820da276e192f4239cd83db"
  },
  {
   "branch": "agent/governance-agent/north-star-recovery-20260923",
   "unpushed": 2,
   "tip": "f9d4858bd109c3a4c027340ef899f20de3411166"
  },
  {
   "branch": "agent/governance-agent/omlxc-fix",
   "unpushed": 5,
   "tip": "41f1f2ede4559eb9d56358289f30c57dcef2d9a2"
  },
  {
   "branch": "agent/governance-agent/pitfalls-distill",
   "unpushed": 1,
   "tip": "1880b8b3b2077dab5071b5b61d261b37d2fff86b"
  },
  {
   "branch": "agent/governance-agent/root-test-debt-closeout",
   "unpushed": 9,
   "tip": "9bbe1f7df1b970b3dc2951238f30c8b53b468799"
  },
  {
   "branch": "agent/governance-agent/t401-closeout",
   "unpushed": 6,
   "tip": "a7fe65136f0b6f19e6f435b87ff3d33e66e619b8"
  },
  {
   "branch": "agent/governance-agent/value-proven-followup",
   "unpushed": 1,
   "tip": "e6e50a3350598603ee173c5aaea05460188120b9"
  },
  {
   "branch": "agent/governance-agent/value-v2-bridge",
   "unpushed": 1,
   "tip": "467658d36a64b8139ffd06261de53d1a4d76330f"
  },
  {
   "branch": "agent/governance-agent/value-window-attest",
   "unpushed": 1,
   "tip": "34b7cde8dbb49b5815c5d130e56db752ecbe3da7"
  },
  {
   "branch": "fix/mcptool-drift-cleanup",
   "unpushed": 12,
   "tip": "8264876f0e4398f52b930e7cdc444ada0696d51c"
  }
 ],
 "pinned": [],
 "already_pinned": 16,
 "truncated": []
}
{
 "ok": true,
 "base": "origin/main",
 "dry_run": false,
 "branches_with_unpushed": [
  {
   "branch": "agent/engineering-agent/omlxc-fabric-readiness",
   "unpushed": 2,
   "tip": "f0263d3baf011cbfedc878bc27c4aa7ec7e3af57"
  },
  {
   "branch": "agent/governance-agent/a4-cron-registry",
   "unpushed": 1,
   "tip": "b7cc5c4d0b48dd870a4d5916ec24939a467b7619"
  },
  {
   "branch": "agent/governance-agent/brief-reverify",
   "unpushed": 1,
   "tip": "1767aca825411b165a69e02261dd9f11b971b9f6"
  },
  {
   "branch": "agent/governance-agent/cockpit-ui-bump",
   "unpushed": 1,
   "tip": "59bbeb0bc47c25f8d756c39eef060662d1619989"
  },
  {
   "branch": "agent/governance-agent/docs-claims-activation-checklist",
   "unpushed": 1,
   "tip": "1355a25b23bc79b74ee8fc1afc952cec3c9c41b0"
  },
  {
   "branch": "agent/governance-agent/freshness-token",
   "unpushed": 1,
   "tip": "a0ca9f700dae69364955ee331e9ff3ee46a3addd"
  },
  {
   "branch": "agent/governance-agent/north-star-ledger-truth-20260923",
   "unpushed": 1,
   "tip": "6d87a20e61c425065820da276e192f4239cd83db"
  },
  {
   "branch": "agent/governance-agent/north-star-recovery-20260923",
   "unpushed": 2,
   "tip": "f9d4858bd109c3a4c027340ef899f20de3411166"
  },
  {
   "branch": "agent/governance-agent/omlxc-fix",
   "unpushed": 5,
   "tip": "41f1f2ede4559eb9d56358289f30c57dcef2d9a2"
  },
  {
   "branch": "agent/governance-agent/pitfalls-distill",
   "unpushed": 1,
   "tip": "1880b8b3b2077dab5071b5b61d261b37d2fff86b"
  },
  {
   "branch": "agent/governance-agent/root-test-debt-closeout",
   "unpushed": 9,
   "tip": "9bbe1f7df1b970b3dc2951238f30c8b53b468799"
  },
  {
   "branch": "agent/governance-agent/t401-closeout",
   "unpushed": 6,
   "tip": "a7fe65136f0b6f19e6f435b87ff3d33e66e619b8"
  },
  {
   "branch": "agent/governance-agent/value-proven-followup",
   "unpushed": 1,
   "tip": "e6e50a3350598603ee173c5aaea05460188120b9"
  },
  {
   "branch": "agent/governance-agent/value-v2-bridge",
   "unpushed": 1,
   "tip": "467658d36a64b8139ffd06261de53d1a4d76330f"
  },
  {
   "branch": "agent/governance-agent/value-window-attest",
   "unpushed": 1,
   "tip": "34b7cde8dbb49b5815c5d130e56db752ecbe3da7"
  },
  {
   "branch": "fix/mcptool-drift-cleanup",
   "unpushed": 13,
   "tip": "680e65a0a21ce7a5c1681d473fb44ca54a22434a"
  }
 ],
 "pinned": [
  {
   "ref": "refs/wip/fix_mcptool-drift-cleanup-680e65a0a21c",
   "sha": "680e65a0a21ce7a5c1681d473fb44ca54a22434a",
   "branch": "fix/mcptool-drift-cleanup",
   "unpushed": 13
  }
 ],
 "already_pinned": 15,
 "truncated": []
}
{
 "ok": true,
 "base": "origin/main",
 "dry_run": false,
 "branches_with_unpushed": [
  {
   "branch": "agent/engineering-agent/omlxc-fabric-readiness",
   "unpushed": 2,
   "tip": "f0263d3baf011cbfedc878bc27c4aa7ec7e3af57"
  },
  {
   "branch": "agent/governance-agent/a4-cron-registry",
   "unpushed": 1,
   "tip": "b7cc5c4d0b48dd870a4d5916ec24939a467b7619"
  },
  {
   "branch": "agent/governance-agent/brief-reverify",
   "unpushed": 1,
   "tip": "1767aca825411b165a69e02261dd9f11b971b9f6"
  },
  {
   "branch": "agent/governance-agent/cockpit-ui-bump",
   "unpushed": 1,
   "tip": "59bbeb0bc47c25f8d756c39eef060662d1619989"
  },
  {
   "branch": "agent/governance-agent/docs-claims-activation-checklist",
   "unpushed": 1,
   "tip": "1355a25b23bc79b74ee8fc1afc952cec3c9c41b0"
  },
  {
   "branch": "agent/governance-agent/freshness-token",
   "unpushed": 1,
   "tip": "a0ca9f700dae69364955ee331e9ff3ee46a3addd"
  },
  {
   "branch": "agent/governance-agent/north-star-ledger-truth-20260923",
   "unpushed": 1,
   "tip": "6d87a20e61c425065820da276e192f4239cd83db"
  },
  {
   "branch": "agent/governance-agent/north-star-recovery-20260923",
   "unpushed": 2,
   "tip": "f9d4858bd109c3a4c027340ef899f20de3411166"
  },
  {
   "branch": "agent/governance-agent/omlxc-fix",
   "unpushed": 5,
   "tip": "41f1f2ede4559eb9d56358289f30c57dcef2d9a2"
  },
  {
   "branch": "agent/governance-agent/pitfalls-distill",
   "unpushed": 1,
   "tip": "1880b8b3b2077dab5071b5b61d261b37d2fff86b"
  },
  {
   "branch": "agent/governance-agent/root-test-debt-closeout",
   "unpushed": 9,
   "tip": "9bbe1f7df1b970b3dc2951238f30c8b53b468799"
  },
  {
   "branch": "agent/governance-agent/t401-closeout",
   "unpushed": 6,
   "tip": "a7fe65136f0b6f19e6f435b87ff3d33e66e619b8"
  },
  {
   "branch": "agent/governance-agent/value-proven-followup",
   "unpushed": 1,
   "tip": "e6e50a3350598603ee173c5aaea05460188120b9"
  },
  {
   "branch": "agent/governance-agent/value-v2-bridge",
   "unpushed": 1,
   "tip": "467658d36a64b8139ffd06261de53d1a4d76330f"
  },
  {
   "branch": "agent/governance-agent/value-window-attest",
   "unpushed": 1,
   "tip": "34b7cde8dbb49b5815c5d130e56db752ecbe3da7"
  },
  {
   "branch": "fix/mcptool-drift-cleanup",
   "unpushed": 13,
   "tip": "680e65a0a21ce7a5c1681d473fb44ca54a22434a"
  }
 ],
 "pinned": [],
 "already_pinned": 16,
 "truncated": []
}
{
 "ok": true,
 "base": "origin/main",
 "dry_run": false,
 "branches_with_unpushed": [
  {
   "branch": "agent/engineering-agent/omlxc-fabric-readiness",
   "unpushed": 2,
   "tip": "f0263d3baf011cbfedc878bc27c4aa7ec7e3af57"
  },
  {
   "branch": "agent/governance-agent/a4-cron-registry",
   "unpushed": 1,
   "tip": "b7cc5c4d0b48dd870a4d5916ec24939a467b7619"
  },
  {
   "branch": "agent/governance-agent/brief-reverify",
   "unpushed": 1,
   "tip": "1767aca825411b165a69e02261dd9f11b971b9f6"
  },
  {
   "branch": "agent/governance-agent/cockpit-ui-bump",
   "unpushed": 1,
   "tip": "59bbeb0bc47c25f8d756c39eef060662d1619989"
  },
  {
   "branch": "agent/governance-agent/docs-claims-activation-checklist",
   "unpushed": 1,
   "tip": "1355a25b23bc79b74ee8fc1afc952cec3c9c41b0"
  },
  {
   "branch": "agent/governance-agent/freshness-token",
   "unpushed": 1,
   "tip": "a0ca9f700dae69364955ee331e9ff3ee46a3addd"
  },
  {
   "branch": "agent/governance-agent/north-star-ledger-truth-20260923",
   "unpushed": 1,
   "tip": "6d87a20e61c425065820da276e192f4239cd83db"
  },
  {
   "branch": "agent/governance-agent/north-star-recovery-20260923",
   "unpushed": 2,
   "tip": "f9d4858bd109c3a4c027340ef899f20de3411166"
  },
  {
   "branch": "agent/governance-agent/omlxc-fix",
   "unpushed": 5,
   "tip": "41f1f2ede4559eb9d56358289f30c57dcef2d9a2"
  },
  {
   "branch": "agent/governance-agent/pitfalls-distill",
   "unpushed": 1,
   "tip": "1880b8b3b2077dab5071b5b61d261b37d2fff86b"
  },
  {
   "branch": "agent/governance-agent/root-test-debt-closeout",
   "unpushed": 9,
   "tip": "9bbe1f7df1b970b3dc2951238f30c8b53b468799"
  },
  {
   "branch": "agent/governance-agent/t401-closeout",
   "unpushed": 6,
   "tip": "a7fe65136f0b6f19e6f435b87ff3d33e66e619b8"
  },
  {
   "branch": "agent/governance-agent/value-proven-followup",
   "unpushed": 1,
   "tip": "e6e50a3350598603ee173c5aaea05460188120b9"
  },
  {
   "branch": "agent/governance-agent/value-v2-bridge",
   "unpushed": 1,
   "tip": "467658d36a64b8139ffd06261de53d1a4d76330f"
  },
  {
   "branch": "agent/governance-agent/value-window-attest",
   "unpushed": 1,
   "tip": "34b7cde8dbb49b5815c5d130e56db752ecbe3da7"
  },
  {
   "branch": "fix/mcptool-drift-cleanup",
   "unpushed": 13,
   "tip": "680e65a0a21ce7a5c1681d473fb44ca54a22434a"
  }
 ],
 "pinned": [],
 "already_pinned": 16,
 "truncated": []
}
{
 "ok": true,
 "base": "origin/main",
 "dry_run": false,
 "branches_with_unpushed": [
  {
   "branch": "agent/engineering-agent/omlxc-fabric-readiness",
   "unpushed": 2,
   "tip": "f0263d3baf011cbfedc878bc27c4aa7ec7e3af57"
  },
  {
   "branch": "agent/governance-agent/a4-cron-registry",
   "unpushed": 1,
   "tip": "b7cc5c4d0b48dd870a4d5916ec24939a467b7619"
  },
  {
   "branch": "agent/governance-agent/brief-reverify",
   "unpushed": 1,
   "tip": "1767aca825411b165a69e02261dd9f11b971b9f6"
  },
  {
   "branch": "agent/governance-agent/cockpit-ui-bump",
   "unpushed": 1,
   "tip": "59bbeb0bc47c25f8d756c39eef060662d1619989"
  },
  {
   "branch": "agent/governance-agent/docs-claims-activation-checklist",
   "unpushed": 1,
   "tip": "1355a25b23bc79b74ee8fc1afc952cec3c9c41b0"
  },
  {
   "branch": "agent/governance-agent/freshness-token",
   "unpushed": 1,
   "tip": "a0ca9f700dae69364955ee331e9ff3ee46a3addd"
  },
  {
   "branch": "agent/governance-agent/north-star-ledger-truth-20260923",
   "unpushed": 1,
   "tip": "6d87a20e61c425065820da276e192f4239cd83db"
  },
  {
   "branch": "agent/governance-agent/north-star-recovery-20260923",
   "unpushed": 2,
   "tip": "f9d4858bd109c3a4c027340ef899f20de3411166"
  },
  {
   "branch": "agent/governance-agent/omlxc-fix",
   "unpushed": 9,
   "tip": "14c52763e5ab19519d330b201a022a8fde304ec7"
  },
  {
   "branch": "agent/governance-agent/pitfalls-distill",
   "unpushed": 1,
   "tip": "1880b8b3b2077dab5071b5b61d261b37d2fff86b"
  },
  {
   "branch": "agent/governance-agent/root-test-debt-closeout",
   "unpushed": 9,
   "tip": "9bbe1f7df1b970b3dc2951238f30c8b53b468799"
  },
  {
   "branch": "agent/governance-agent/t401-closeout",
   "unpushed": 6,
   "tip": "a7fe65136f0b6f19e6f435b87ff3d33e66e619b8"
  },
  {
   "branch": "agent/governance-agent/value-proven-followup",
   "unpushed": 1,
   "tip": "e6e50a3350598603ee173c5aaea05460188120b9"
  },
  {
   "branch": "agent/governance-agent/value-v2-bridge",
   "unpushed": 1,
   "tip": "467658d36a64b8139ffd06261de53d1a4d76330f"
  },
  {
   "branch": "agent/governance-agent/value-window-attest",
   "unpushed": 1,
   "tip": "34b7cde8dbb49b5815c5d130e56db752ecbe3da7"
  },
  {
   "branch": "fix/mcptool-drift-cleanup",
   "unpushed": 13,
   "tip": "680e65a0a21ce7a5c1681d473fb44ca54a22434a"
  }
 ],
 "pinned": [
  {
   "ref": "refs/wip/agent_governance-agent_omlxc-fix-14c52763e5ab",
   "sha": "14c52763e5ab19519d330b201a022a8fde304ec7",
   "branch": "agent/governance-agent/omlxc-fix",
   "unpushed": 9
  }
 ],
 "already_pinned": 15,
 "truncated": []
}
{
 "ok": true,
 "base": "origin/main",
 "dry_run": false,
 "branches_with_unpushed": [
  {
   "branch": "agent/engineering-agent/omlxc-fabric-readiness",
   "unpushed": 2,
   "tip": "f0263d3baf011cbfedc878bc27c4aa7ec7e3af57"
  },
  {
   "branch": "agent/governance-agent/a4-cron-registry",
   "unpushed": 1,
   "tip": "b7cc5c4d0b48dd870a4d5916ec24939a467b7619"
  },
  {
   "branch": "agent/governance-agent/brief-reverify",
   "unpushed": 1,
   "tip": "1767aca825411b165a69e02261dd9f11b971b9f6"
  },
  {
   "branch": "agent/governance-agent/cockpit-ui-bump",
   "unpushed": 1,
   "tip": "59bbeb0bc47c25f8d756c39eef060662d1619989"
  },
  {
   "branch": "agent/governance-agent/docs-claims-activation-checklist",
   "unpushed": 1,
   "tip": "1355a25b23bc79b74ee8fc1afc952cec3c9c41b0"
  },
  {
   "branch": "agent/governance-agent/freshness-token",
   "unpushed": 1,
   "tip": "a0ca9f700dae69364955ee331e9ff3ee46a3addd"
  },
  {
   "branch": "agent/governance-agent/north-star-ledger-truth-20260923",
   "unpushed": 1,
   "tip": "6d87a20e61c425065820da276e192f4239cd83db"
  },
  {
   "branch": "agent/governance-agent/north-star-recovery-20260923",
   "unpushed": 2,
   "tip": "f9d4858bd109c3a4c027340ef899f20de3411166"
  },
  {
   "branch": "agent/governance-agent/omlxc-fix",
   "unpushed": 12,
   "tip": "f9b5049773dabc163e9a51c76add980bd76be837"
  },
  {
   "branch": "agent/governance-agent/pitfalls-distill",
   "unpushed": 1,
   "tip": "1880b8b3b2077dab5071b5b61d261b37d2fff86b"
  },
  {
   "branch": "agent/governance-agent/root-test-debt-closeout",
   "unpushed": 9,
   "tip": "9bbe1f7df1b970b3dc2951238f30c8b53b468799"
  },
  {
   "branch": "agent/governance-agent/t401-closeout",
   "unpushed": 6,
   "tip": "a7fe65136f0b6f19e6f435b87ff3d33e66e619b8"
  },
  {
   "branch": "agent/governance-agent/value-proven-followup",
   "unpushed": 1,
   "tip": "e6e50a3350598603ee173c5aaea05460188120b9"
  },
  {
   "branch": "agent/governance-agent/value-v2-bridge",
   "unpushed": 1,
   "tip": "467658d36a64b8139ffd06261de53d1a4d76330f"
  },
  {
   "branch": "agent/governance-agent/value-window-attest",
   "unpushed": 1,
   "tip": "34b7cde8dbb49b5815c5d130e56db752ecbe3da7"
  },
  {
   "branch": "fix/mcptool-drift-cleanup",
   "unpushed": 13,
   "tip": "680e65a0a21ce7a5c1681d473fb44ca54a22434a"
  }
 ],
 "pinned": [
  {
   "ref": "refs/wip/agent_governance-agent_omlxc-fix-f9b5049773da",
   "sha": "f9b5049773dabc163e9a51c76add980bd76be837",
   "branch": "agent/governance-agent/omlxc-fix",
   "unpushed": 12
  }
 ],
 "already_pinned": 15,
 "truncated": []
}
{
 "ok": true,
 "base": "origin/main",
 "dry_run": false,
 "branches_with_unpushed": [
  {
   "branch": "agent/engineering-agent/omlxc-fabric-readiness",
   "unpushed": 2,
   "tip": "f0263d3baf011cbfedc878bc27c4aa7ec7e3af57"
  },
  {
   "branch": "agent/governance-agent/a4-cron-registry",
   "unpushed": 1,
   "tip": "b7cc5c4d0b48dd870a4d5916ec24939a467b7619"
  },
  {
   "branch": "agent/governance-agent/brief-reverify",
   "unpushed": 1,
   "tip": "1767aca825411b165a69e02261dd9f11b971b9f6"
  },
  {
   "branch": "agent/governance-agent/cockpit-ui-bump",
   "unpushed": 1,
   "tip": "59bbeb0bc47c25f8d756c39eef060662d1619989"
  },
  {
   "branch": "agent/governance-agent/docs-claims-activation-checklist",
   "unpushed": 1,
   "tip": "1355a25b23bc79b74ee8fc1afc952cec3c9c41b0"
  },
  {
   "branch": "agent/governance-agent/freshness-token",
   "unpushed": 1,
   "tip": "a0ca9f700dae69364955ee331e9ff3ee46a3addd"
  },
  {
   "branch": "agent/governance-agent/north-star-ledger-truth-20260923",
   "unpushed": 1,
   "tip": "6d87a20e61c425065820da276e192f4239cd83db"
  },
  {
   "branch": "agent/governance-agent/north-star-recovery-20260923",
   "unpushed": 2,
   "tip": "f9d4858bd109c3a4c027340ef899f20de3411166"
  },
  {
   "branch": "agent/governance-agent/omlxc-fix",
   "unpushed": 13,
   "tip": "9219e5290f6ca33f9a615fcd470e1a204e2137bf"
  },
  {
   "branch": "agent/governance-agent/pitfalls-distill",
   "unpushed": 1,
   "tip": "1880b8b3b2077dab5071b5b61d261b37d2fff86b"
  },
  {
   "branch": "agent/governance-agent/root-test-debt-closeout",
   "unpushed": 9,
   "tip": "9bbe1f7df1b970b3dc2951238f30c8b53b468799"
  },
  {
   "branch": "agent/governance-agent/t401-closeout",
   "unpushed": 6,
   "tip": "a7fe65136f0b6f19e6f435b87ff3d33e66e619b8"
  },
  {
   "branch": "agent/governance-agent/value-proven-followup",
   "unpushed": 1,
   "tip": "e6e50a3350598603ee173c5aaea05460188120b9"
  },
  {
   "branch": "agent/governance-agent/value-v2-bridge",
   "unpushed": 1,
   "tip": "467658d36a64b8139ffd06261de53d1a4d76330f"
  },
  {
   "branch": "agent/governance-agent/value-window-attest",
   "unpushed": 1,
   "tip": "34b7cde8dbb49b5815c5d130e56db752ecbe3da7"
  },
  {
   "branch": "fix/mcptool-drift-cleanup",
   "unpushed": 13,
   "tip": "680e65a0a21ce7a5c1681d473fb44ca54a22434a"
  }
 ],
 "pinned": [],
 "already_pinned": 16,
 "truncated": []
}
{
 "ok": true,
 "base": "origin/main",
 "dry_run": false,
 "branches_with_unpushed": [
  {
   "branch": "agent/engineering-agent/omlxc-fabric-readiness",
   "unpushed": 2,
   "tip": "f0263d3baf011cbfedc878bc27c4aa7ec7e3af57"
  },
  {
   "branch": "agent/governance-agent/a4-cron-registry",
   "unpushed": 1,
   "tip": "b7cc5c4d0b48dd870a4d5916ec24939a467b7619"
  },
  {
   "branch": "agent/governance-agent/bos-uri-fix",
   "unpushed": 3,
   "tip": "998b4f1a5cdda22c417a270e16460736db97993e"
  },
  {
   "branch": "agent/governance-agent/brief-reverify",
   "unpushed": 1,
   "tip": "1767aca825411b165a69e02261dd9f11b971b9f6"
  },
  {
   "branch": "agent/governance-agent/cockpit-ui-bump",
   "unpushed": 1,
   "tip": "59bbeb0bc47c25f8d756c39eef060662d1619989"
  },
  {
   "branch": "agent/governance-agent/docs-claims-activation-checklist",
   "unpushed": 1,
   "tip": "1355a25b23bc79b74ee8fc1afc952cec3c9c41b0"
  },
  {
   "branch": "agent/governance-agent/freshness-token",
   "unpushed": 1,
   "tip": "a0ca9f700dae69364955ee331e9ff3ee46a3addd"
  },
  {
   "branch": "agent/governance-agent/north-star-ledger-truth-20260923",
   "unpushed": 1,
   "tip": "6d87a20e61c425065820da276e192f4239cd83db"
  },
  {
   "branch": "agent/governance-agent/north-star-recovery-20260923",
   "unpushed": 2,
   "tip": "f9d4858bd109c3a4c027340ef899f20de3411166"
  },
  {
   "branch": "agent/governance-agent/omlxc-fix",
   "unpushed": 13,
   "tip": "9219e5290f6ca33f9a615fcd470e1a204e2137bf"
  },
  {
   "branch": "agent/governance-agent/pitfalls-distill",
   "unpushed": 1,
   "tip": "1880b8b3b2077dab5071b5b61d261b37d2fff86b"
  },
  {
   "branch": "agent/governance-agent/root-test-debt-closeout",
   "unpushed": 9,
   "tip": "9bbe1f7df1b970b3dc2951238f30c8b53b468799"
  },
  {
   "branch": "agent/governance-agent/t10-161-bootstrap",
   "unpushed": 1,
   "tip": "28edf4bc7c89701208c02974793d885d1a28bc46"
  },
  {
   "branch": "agent/governance-agent/t401-closeout",
   "unpushed": 6,
   "tip": "a7fe65136f0b6f19e6f435b87ff3d33e66e619b8"
  },
  {
   "branch": "agent/governance-agent/value-proven-followup",
   "unpushed": 1,
   "tip": "e6e50a3350598603ee173c5aaea05460188120b9"
  },
  {
   "branch": "agent/governance-agent/value-v2-bridge",
   "unpushed": 1,
   "tip": "467658d36a64b8139ffd06261de53d1a4d76330f"
  },
  {
   "branch": "agent/governance-agent/value-window-attest",
   "unpushed": 1,
   "tip": "34b7cde8dbb49b5815c5d130e56db752ecbe3da7"
  },
  {
   "branch": "fix/mcptool-drift-cleanup",
   "unpushed": 13,
   "tip": "680e65a0a21ce7a5c1681d473fb44ca54a22434a"
  }
 ],
 "pinned": [
  {
   "ref": "refs/wip/agent_governance-agent_bos-uri-fix-998b4f1a5cdd",
   "sha": "998b4f1a5cdda22c417a270e16460736db97993e",
   "branch": "agent/governance-agent/bos-uri-fix",
   "unpushed": 3
  },
  {
   "ref": "refs/wip/agent_governance-agent_t10-161-bootstrap-28edf4bc7c89",
   "sha": "28edf4bc7c89701208c02974793d885d1a28bc46",
   "branch": "agent/governance-agent/t10-161-bootstrap",
   "unpushed": 1
  }
 ],
 "already_pinned": 16,
 "truncated": []
}
{
 "ok": true,
 "base": "origin/main",
 "dry_run": false,
 "branches_with_unpushed": [
  {
   "branch": "agent/engineering-agent/omlxc-fabric-readiness",
   "unpushed": 2,
   "tip": "f0263d3baf011cbfedc878bc27c4aa7ec7e3af57"
  },
  {
   "branch": "agent/governance-agent/a4-cron-registry",
   "unpushed": 1,
   "tip": "b7cc5c4d0b48dd870a4d5916ec24939a467b7619"
  },
  {
   "branch": "agent/governance-agent/bos-uri-fix",
   "unpushed": 12,
   "tip": "7c5b6203cb884d3533ad69d995d68a7ab699e1a5"
  },
  {
   "branch": "agent/governance-agent/brief-reverify",
   "unpushed": 1,
   "tip": "1767aca825411b165a69e02261dd9f11b971b9f6"
  },
  {
   "branch": "agent/governance-agent/cockpit-ui-bump",
   "unpushed": 1,
   "tip": "59bbeb0bc47c25f8d756c39eef060662d1619989"
  },
  {
   "branch": "agent/governance-agent/docs-claims-activation-checklist",
   "unpushed": 1,
   "tip": "1355a25b23bc79b74ee8fc1afc952cec3c9c41b0"
  },
  {
   "branch": "agent/governance-agent/freshness-token",
   "unpushed": 1,
   "tip": "a0ca9f700dae69364955ee331e9ff3ee46a3addd"
  },
  {
   "branch": "agent/governance-agent/north-star-ledger-truth-20260923",
   "unpushed": 1,
   "tip": "6d87a20e61c425065820da276e192f4239cd83db"
  },
  {
   "branch": "agent/governance-agent/north-star-recovery-20260923",
   "unpushed": 2,
   "tip": "f9d4858bd109c3a4c027340ef899f20de3411166"
  },
  {
   "branch": "agent/governance-agent/omlxc-fix",
   "unpushed": 13,
   "tip": "9219e5290f6ca33f9a615fcd470e1a204e2137bf"
  },
  {
   "branch": "agent/governance-agent/pitfalls-distill",
   "unpushed": 1,
   "tip": "1880b8b3b2077dab5071b5b61d261b37d2fff86b"
  },
  {
   "branch": "agent/governance-agent/retro-remediation-f1-f4",
   "unpushed": 3,
   "tip": "da97481c68b663710498250f2ea86802fe0deb7f"
  },
  {
   "branch": "agent/governance-agent/root-test-debt-closeout",
   "unpushed": 9,
   "tip": "9bbe1f7df1b970b3dc2951238f30c8b53b468799"
  },
  {
   "branch": "agent/governance-agent/t10-161-bootstrap",
   "unpushed": 1,
   "tip": "41752baff02482f18215ca98c6089bd41974b172"
  },
  {
   "branch": "agent/governance-agent/t401-closeout",
   "unpushed": 6,
   "tip": "a7fe65136f0b6f19e6f435b87ff3d33e66e619b8"
  },
  {
   "branch": "agent/governance-agent/value-proven-followup",
   "unpushed": 1,
   "tip": "e6e50a3350598603ee173c5aaea05460188120b9"
  },
  {
   "branch": "agent/governance-agent/value-v2-bridge",
   "unpushed": 1,
   "tip": "467658d36a64b8139ffd06261de53d1a4d76330f"
  },
  {
   "branch": "agent/governance-agent/value-window-attest",
   "unpushed": 1,
   "tip": "34b7cde8dbb49b5815c5d130e56db752ecbe3da7"
  },
  {
   "branch": "fix/mcptool-drift-cleanup",
   "unpushed": 13,
   "tip": "680e65a0a21ce7a5c1681d473fb44ca54a22434a"
  }
 ],
 "pinned": [
  {
   "ref": "refs/wip/agent_governance-agent_bos-uri-fix-7c5b6203cb88",
   "sha": "7c5b6203cb884d3533ad69d995d68a7ab699e1a5",
   "branch": "agent/governance-agent/bos-uri-fix",
   "unpushed": 12
  },
  {
   "ref": "refs/wip/agent_governance-agent_retro-remediation-f1-f4-da97481c68b6",
   "sha": "da97481c68b663710498250f2ea86802fe0deb7f",
   "branch": "agent/governance-agent/retro-remediation-f1-f4",
   "unpushed": 3
  },
  {
   "ref": "refs/wip/agent_governance-agent_t10-161-bootstrap-41752baff024",
   "sha": "41752baff02482f18215ca98c6089bd41974b172",
   "branch": "agent/governance-agent/t10-161-bootstrap",
   "unpushed": 1
  }
 ],
 "already_pinned": 16,
 "truncated": []
}
{
 "ok": true,
 "base": "origin/main",
 "dry_run": false,
 "branches_with_unpushed": [
  {
   "branch": "agent/engineering-agent/omlxc-fabric-readiness",
   "unpushed": 2,
   "tip": "f0263d3baf011cbfedc878bc27c4aa7ec7e3af57"
  },
  {
   "branch": "agent/governance-agent/a4-cron-registry",
   "unpushed": 1,
   "tip": "b7cc5c4d0b48dd870a4d5916ec24939a467b7619"
  },
  {
   "branch": "agent/governance-agent/a4-orphans",
   "unpushed": 1,
   "tip": "dfc6aa7f726f78dd09f32b5b1497a91859f8791b"
  },
  {
   "branch": "agent/governance-agent/bos-uri-fix",
   "unpushed": 12,
   "tip": "7c5b6203cb884d3533ad69d995d68a7ab699e1a5"
  },
  {
   "branch": "agent/governance-agent/brief-reverify",
   "unpushed": 1,
   "tip": "1767aca825411b165a69e02261dd9f11b971b9f6"
  },
  {
   "branch": "agent/governance-agent/cockpit-ui-bump",
   "unpushed": 1,
   "tip": "59bbeb0bc47c25f8d756c39eef060662d1619989"
  },
  {
   "branch": "agent/governance-agent/docs-claims-activation-checklist",
   "unpushed": 1,
   "tip": "1355a25b23bc79b74ee8fc1afc952cec3c9c41b0"
  },
  {
   "branch": "agent/governance-agent/freshness-token",
   "unpushed": 1,
   "tip": "a0ca9f700dae69364955ee331e9ff3ee46a3addd"
  },
  {
   "branch": "agent/governance-agent/north-star-ledger-truth-20260923",
   "unpushed": 1,
   "tip": "6d87a20e61c425065820da276e192f4239cd83db"
  },
  {
   "branch": "agent/governance-agent/north-star-recovery-20260923",
   "unpushed": 2,
   "tip": "f9d4858bd109c3a4c027340ef899f20de3411166"
  },
  {
   "branch": "agent/governance-agent/omlxc-fix",
   "unpushed": 13,
   "tip": "9219e5290f6ca33f9a615fcd470e1a204e2137bf"
  },
  {
   "branch": "agent/governance-agent/pitfalls-distill",
   "unpushed": 1,
   "tip": "1880b8b3b2077dab5071b5b61d261b37d2fff86b"
  },
  {
   "branch": "agent/governance-agent/retro-remediation-f1-f4",
   "unpushed": 4,
   "tip": "1dbe8a8aed853f22df25ecbc35e5bc7b3f044c03"
  },
  {
   "branch": "agent/governance-agent/root-test-debt-closeout",
   "unpushed": 9,
   "tip": "9bbe1f7df1b970b3dc2951238f30c8b53b468799"
  },
  {
   "branch": "agent/governance-agent/t10-161-bootstrap",
   "unpushed": 1,
   "tip": "41752baff02482f18215ca98c6089bd41974b172"
  },
  {
   "branch": "agent/governance-agent/t401-closeout",
   "unpushed": 6,
   "tip": "a7fe65136f0b6f19e6f435b87ff3d33e66e619b8"
  },
  {
   "branch": "agent/governance-agent/value-proven-followup",
   "unpushed": 1,
   "tip": "e6e50a3350598603ee173c5aaea05460188120b9"
  },
  {
   "branch": "agent/governance-agent/value-v2-bridge",
   "unpushed": 1,
   "tip": "467658d36a64b8139ffd06261de53d1a4d76330f"
  },
  {
   "branch": "agent/governance-agent/value-window-attest",
   "unpushed": 1,
   "tip": "34b7cde8dbb49b5815c5d130e56db752ecbe3da7"
  },
  {
   "branch": "fix/mcptool-drift-cleanup",
   "unpushed": 13,
   "tip": "680e65a0a21ce7a5c1681d473fb44ca54a22434a"
  }
 ],
 "pinned": [],
 "already_pinned": 20,
 "truncated": []
}
{
 "ok": true,
 "base": "origin/main",
 "dry_run": false,
 "branches_with_unpushed": [
  {
   "branch": "agent/engineering-agent/omlxc-fabric-readiness",
   "unpushed": 2,
   "tip": "f0263d3baf011cbfedc878bc27c4aa7ec7e3af57"
  },
  {
   "branch": "agent/governance-agent/a4-cron-registry",
   "unpushed": 1,
   "tip": "b7cc5c4d0b48dd870a4d5916ec24939a467b7619"
  },
  {
   "branch": "agent/governance-agent/a4-orphans",
   "unpushed": 1,
   "tip": "dfc6aa7f726f78dd09f32b5b1497a91859f8791b"
  },
  {
   "branch": "agent/governance-agent/bos-uri-fix",
   "unpushed": 12,
   "tip": "7c5b6203cb884d3533ad69d995d68a7ab699e1a5"
  },
  {
   "branch": "agent/governance-agent/brief-reverify",
   "unpushed": 1,
   "tip": "1767aca825411b165a69e02261dd9f11b971b9f6"
  },
  {
   "branch": "agent/governance-agent/cockpit-ui-bump",
   "unpushed": 1,
   "tip": "59bbeb0bc47c25f8d756c39eef060662d1619989"
  },
  {
   "branch": "agent/governance-agent/docs-claims-activation-checklist",
   "unpushed": 1,
   "tip": "1355a25b23bc79b74ee8fc1afc952cec3c9c41b0"
  },
  {
   "branch": "agent/governance-agent/freshness-token",
   "unpushed": 1,
   "tip": "a0ca9f700dae69364955ee331e9ff3ee46a3addd"
  },
  {
   "branch": "agent/governance-agent/north-star-ledger-truth-20260923",
   "unpushed": 1,
   "tip": "6d87a20e61c425065820da276e192f4239cd83db"
  },
  {
   "branch": "agent/governance-agent/north-star-projection-dashboard-binding",
   "unpushed": 1,
   "tip": "6000ac5350edd46d6cbba270be7488fce9251949"
  },
  {
   "branch": "agent/governance-agent/north-star-recovery-20260923",
   "unpushed": 2,
   "tip": "f9d4858bd109c3a4c027340ef899f20de3411166"
  },
  {
   "branch": "agent/governance-agent/omlxc-fix",
   "unpushed": 13,
   "tip": "9219e5290f6ca33f9a615fcd470e1a204e2137bf"
  },
  {
   "branch": "agent/governance-agent/pitfalls-distill",
   "unpushed": 1,
   "tip": "1880b8b3b2077dab5071b5b61d261b37d2fff86b"
  },
  {
   "branch": "agent/governance-agent/retro-remediation-f1-f4",
   "unpushed": 4,
   "tip": "1dbe8a8aed853f22df25ecbc35e5bc7b3f044c03"
  },
  {
   "branch": "agent/governance-agent/root-test-debt-closeout",
   "unpushed": 9,
   "tip": "9bbe1f7df1b970b3dc2951238f30c8b53b468799"
  },
  {
   "branch": "agent/governance-agent/t10-161-bootstrap",
   "unpushed": 1,
   "tip": "41752baff02482f18215ca98c6089bd41974b172"
  },
  {
   "branch": "agent/governance-agent/t401-closeout",
   "unpushed": 6,
   "tip": "a7fe65136f0b6f19e6f435b87ff3d33e66e619b8"
  },
  {
   "branch": "agent/governance-agent/value-proven-followup",
   "unpushed": 1,
   "tip": "e6e50a3350598603ee173c5aaea05460188120b9"
  },
  {
   "branch": "agent/governance-agent/value-v2-bridge",
   "unpushed": 1,
   "tip": "467658d36a64b8139ffd06261de53d1a4d76330f"
  },
  {
   "branch": "agent/governance-agent/value-window-attest",
   "unpushed": 1,
   "tip": "34b7cde8dbb49b5815c5d130e56db752ecbe3da7"
  },
  {
   "branch": "fix/mcptool-drift-cleanup",
   "unpushed": 13,
   "tip": "680e65a0a21ce7a5c1681d473fb44ca54a22434a"
  }
 ],
 "pinned": [
  {
   "ref": "refs/wip/agent_governance-agent_north-star-projection-dashboard-binding-6000ac5350ed",
   "sha": "6000ac5350edd46d6cbba270be7488fce9251949",
   "branch": "agent/governance-agent/north-star-projection-dashboard-binding",
   "unpushed": 1
  }
 ],
 "already_pinned": 20,
 "truncated": []
}
{
 "ok": true,
 "base": "origin/main",
 "dry_run": false,
 "branches_with_unpushed": [
  {
   "branch": "agent/engineering-agent/omlxc-fabric-readiness",
   "unpushed": 2,
   "tip": "f0263d3baf011cbfedc878bc27c4aa7ec7e3af57"
  },
  {
   "branch": "agent/governance-agent/a4-cron-registry",
   "unpushed": 1,
   "tip": "b7cc5c4d0b48dd870a4d5916ec24939a467b7619"
  },
  {
   "branch": "agent/governance-agent/a4-orphans",
   "unpushed": 1,
   "tip": "dfc6aa7f726f78dd09f32b5b1497a91859f8791b"
  },
  {
   "branch": "agent/governance-agent/bos-uri-fix",
   "unpushed": 12,
   "tip": "7c5b6203cb884d3533ad69d995d68a7ab699e1a5"
  },
  {
   "branch": "agent/governance-agent/brief-reverify",
   "unpushed": 1,
   "tip": "1767aca825411b165a69e02261dd9f11b971b9f6"
  },
  {
   "branch": "agent/governance-agent/claims-opbc",
   "unpushed": 2,
   "tip": "0034244a72e2f5b9ebfe08df20b3605935314fea"
  },
  {
   "branch": "agent/governance-agent/cockpit-ui-bump",
   "unpushed": 1,
   "tip": "59bbeb0bc47c25f8d756c39eef060662d1619989"
  },
  {
   "branch": "agent/governance-agent/docs-claims-activation-checklist",
   "unpushed": 1,
   "tip": "1355a25b23bc79b74ee8fc1afc952cec3c9c41b0"
  },
  {
   "branch": "agent/governance-agent/freshness-token",
   "unpushed": 1,
   "tip": "a0ca9f700dae69364955ee331e9ff3ee46a3addd"
  },
  {
   "branch": "agent/governance-agent/mcptool-drift-active-filter",
   "unpushed": 1,
   "tip": "557dc44ef86cf55ae274978a1ab82e46e868accb"
  },
  {
   "branch": "agent/governance-agent/north-star-ledger-truth-20260923",
   "unpushed": 1,
   "tip": "6d87a20e61c425065820da276e192f4239cd83db"
  },
  {
   "branch": "agent/governance-agent/north-star-recovery-20260923",
   "unpushed": 2,
   "tip": "f9d4858bd109c3a4c027340ef899f20de3411166"
  },
  {
   "branch": "agent/governance-agent/omlxc-fix",
   "unpushed": 13,
   "tip": "9219e5290f6ca33f9a615fcd470e1a204e2137bf"
  },
  {
   "branch": "agent/governance-agent/pitfalls-distill",
   "unpushed": 1,
   "tip": "1880b8b3b2077dab5071b5b61d261b37d2fff86b"
  },
  {
   "branch": "agent/governance-agent/retro-debt-scan-20260924",
   "unpushed": 1,
   "tip": "a0b79aa115baad97dc9f00e7bdc82be02011a078"
  },
  {
   "branch": "agent/governance-agent/retro-remediation-f1-f4",
   "unpushed": 4,
   "tip": "1dbe8a8aed853f22df25ecbc35e5bc7b3f044c03"
  },
  {
   "branch": "agent/governance-agent/root-test-debt-closeout",
   "unpushed": 9,
   "tip": "9bbe1f7df1b970b3dc2951238f30c8b53b468799"
  },
  {
   "branch": "agent/governance-agent/t10-161-bootstrap",
   "unpushed": 1,
   "tip": "41752baff02482f18215ca98c6089bd41974b172"
  },
  {
   "branch": "agent/governance-agent/t401-closeout",
   "unpushed": 6,
   "tip": "a7fe65136f0b6f19e6f435b87ff3d33e66e619b8"
  },
  {
   "branch": "agent/governance-agent/value-proven-followup",
   "unpushed": 1,
   "tip": "e6e50a3350598603ee173c5aaea05460188120b9"
  },
  {
   "branch": "agent/governance-agent/value-v2-bridge",
   "unpushed": 1,
   "tip": "467658d36a64b8139ffd06261de53d1a4d76330f"
  },
  {
   "branch": "agent/governance-agent/value-window-attest",
   "unpushed": 1,
   "tip": "34b7cde8dbb49b5815c5d130e56db752ecbe3da7"
  },
  {
   "branch": "fix/mcptool-drift-cleanup",
   "unpushed": 13,
   "tip": "680e65a0a21ce7a5c1681d473fb44ca54a22434a"
  },
  {
   "branch": "work/gac-submodule-sync-integration",
   "unpushed": 3,
   "tip": "c69a000bbc072fd1fe686cbfdf129466bc12550f"
  }
 ],
 "pinned": [
  {
   "ref": "refs/wip/agent_governance-agent_mcptool-drift-active-filter-557dc44ef86c",
   "sha": "557dc44ef86cf55ae274978a1ab82e46e868accb",
   "branch": "agent/governance-agent/mcptool-drift-active-filter",
   "unpushed": 1
  },
  {
   "ref": "refs/wip/agent_governance-agent_retro-debt-scan-20260924-a0b79aa115ba",
   "sha": "a0b79aa115baad97dc9f00e7bdc82be02011a078",
   "branch": "agent/governance-agent/retro-debt-scan-20260924",
   "unpushed": 1
  },
  {
   "ref": "refs/wip/work_gac-submodule-sync-integration-c69a000bbc07",
   "sha": "c69a000bbc072fd1fe686cbfdf129466bc12550f",
   "branch": "work/gac-submodule-sync-integration",
   "unpushed": 3
  }
 ],
 "already_pinned": 21,
 "truncated": []
}
{
 "ok": true,
 "base": "origin/main",
 "dry_run": false,
 "branches_with_unpushed": [
  {
   "branch": "agent/engineering-agent/omlxc-fabric-readiness",
   "unpushed": 2,
   "tip": "f0263d3baf011cbfedc878bc27c4aa7ec7e3af57"
  },
  {
   "branch": "agent/governance-agent/a4-cron-registry",
   "unpushed": 1,
   "tip": "b7cc5c4d0b48dd870a4d5916ec24939a467b7619"
  },
  {
   "branch": "agent/governance-agent/a4-orphans",
   "unpushed": 1,
   "tip": "dfc6aa7f726f78dd09f32b5b1497a91859f8791b"
  },
  {
   "branch": "agent/governance-agent/bos-uri-fix",
   "unpushed": 12,
   "tip": "7c5b6203cb884d3533ad69d995d68a7ab699e1a5"
  },
  {
   "branch": "agent/governance-agent/brief-reverify",
   "unpushed": 1,
   "tip": "1767aca825411b165a69e02261dd9f11b971b9f6"
  },
  {
   "branch": "agent/governance-agent/claims-opbc",
   "unpushed": 2,
   "tip": "0034244a72e2f5b9ebfe08df20b3605935314fea"
  },
  {
   "branch": "agent/governance-agent/cockpit-ui-bump",
   "unpushed": 1,
   "tip": "59bbeb0bc47c25f8d756c39eef060662d1619989"
  },
  {
   "branch": "agent/governance-agent/docs-claims-activation-checklist",
   "unpushed": 1,
   "tip": "1355a25b23bc79b74ee8fc1afc952cec3c9c41b0"
  },
  {
   "branch": "agent/governance-agent/freshness-token",
   "unpushed": 1,
   "tip": "a0ca9f700dae69364955ee331e9ff3ee46a3addd"
  },
  {
   "branch": "agent/governance-agent/h1-h3-gates",
   "unpushed": 1,
   "tip": "6f7e7efdabaf746643c3f70f30c33d08b2b6af3c"
  },
  {
   "branch": "agent/governance-agent/mcptool-drift-active-filter",
   "unpushed": 1,
   "tip": "557dc44ef86cf55ae274978a1ab82e46e868accb"
  },
  {
   "branch": "agent/governance-agent/north-star-ledger-truth-20260923",
   "unpushed": 1,
   "tip": "6d87a20e61c425065820da276e192f4239cd83db"
  },
  {
   "branch": "agent/governance-agent/north-star-recovery-20260923",
   "unpushed": 2,
   "tip": "f9d4858bd109c3a4c027340ef899f20de3411166"
  },
  {
   "branch": "agent/governance-agent/omlxc-fix",
   "unpushed": 13,
   "tip": "9219e5290f6ca33f9a615fcd470e1a204e2137bf"
  },
  {
   "branch": "agent/governance-agent/pitfalls-distill",
   "unpushed": 1,
   "tip": "1880b8b3b2077dab5071b5b61d261b37d2fff86b"
  },
  {
   "branch": "agent/governance-agent/retro-remediation-f1-f4",
   "unpushed": 4,
   "tip": "1dbe8a8aed853f22df25ecbc35e5bc7b3f044c03"
  },
  {
   "branch": "agent/governance-agent/root-test-debt-closeout",
   "unpushed": 9,
   "tip": "9bbe1f7df1b970b3dc2951238f30c8b53b468799"
  },
  {
   "branch": "agent/governance-agent/t10-161-bootstrap",
   "unpushed": 1,
   "tip": "41752baff02482f18215ca98c6089bd41974b172"
  },
  {
   "branch": "agent/governance-agent/t401-closeout",
   "unpushed": 6,
   "tip": "a7fe65136f0b6f19e6f435b87ff3d33e66e619b8"
  },
  {
   "branch": "agent/governance-agent/value-proven-followup",
   "unpushed": 1,
   "tip": "e6e50a3350598603ee173c5aaea05460188120b9"
  },
  {
   "branch": "agent/governance-agent/value-v2-bridge",
   "unpushed": 1,
   "tip": "467658d36a64b8139ffd06261de53d1a4d76330f"
  },
  {
   "branch": "agent/governance-agent/value-window-attest",
   "unpushed": 1,
   "tip": "34b7cde8dbb49b5815c5d130e56db752ecbe3da7"
  },
  {
   "branch": "chore/waiver-h1h3-bind",
   "unpushed": 1,
   "tip": "6f7e7efdabaf746643c3f70f30c33d08b2b6af3c"
  },
  {
   "branch": "fix/mcptool-drift-cleanup",
   "unpushed": 13,
   "tip": "680e65a0a21ce7a5c1681d473fb44ca54a22434a"
  },
  {
   "branch": "work/bet-y2q2-t11-closeout",
   "unpushed": 1,
   "tip": "a8a2cc4894dd537d100f7b816fb54f8dedd89246"
  },
  {
   "branch": "work/gac-submodule-sync-integration",
   "unpushed": 6,
   "tip": "25c707429e96136543effd1e62e6c530bd2474e2"
  }
 ],
 "pinned": [
  {
   "ref": "refs/wip/agent_governance-agent_h1-h3-gates-6f7e7efdabaf",
   "sha": "6f7e7efdabaf746643c3f70f30c33d08b2b6af3c",
   "branch": "agent/governance-agent/h1-h3-gates",
   "unpushed": 1
  },
  {
   "ref": "refs/wip/chore_waiver-h1h3-bind-6f7e7efdabaf",
   "sha": "6f7e7efdabaf746643c3f70f30c33d08b2b6af3c",
   "branch": "chore/waiver-h1h3-bind",
   "unpushed": 1
  },
  {
   "ref": "refs/wip/work_bet-y2q2-t11-closeout-a8a2cc4894dd",
   "sha": "a8a2cc4894dd537d100f7b816fb54f8dedd89246",
   "branch": "work/bet-y2q2-t11-closeout",
   "unpushed": 1
  },
  {
   "ref": "refs/wip/work_gac-submodule-sync-integration-25c707429e96",
   "sha": "25c707429e96136543effd1e62e6c530bd2474e2",
   "branch": "work/gac-submodule-sync-integration",
   "unpushed": 6
  }
 ],
 "already_pinned": 22,
 "truncated": []
}
{
 "ok": true,
 "base": "origin/main",
 "dry_run": false,
 "branches_with_unpushed": [
  {
   "branch": "agent/engineering-agent/omlxc-fabric-readiness",
   "unpushed": 2,
   "tip": "f0263d3baf011cbfedc878bc27c4aa7ec7e3af57"
  },
  {
   "branch": "agent/governance-agent/a4-cron-registry",
   "unpushed": 1,
   "tip": "b7cc5c4d0b48dd870a4d5916ec24939a467b7619"
  },
  {
   "branch": "agent/governance-agent/a4-orphans",
   "unpushed": 1,
   "tip": "dfc6aa7f726f78dd09f32b5b1497a91859f8791b"
  },
  {
   "branch": "agent/governance-agent/bet-y2q2-t4-01-closeout",
   "unpushed": 1,
   "tip": "cdd15b2c7d554ffbbb9ad44198609ff6a23ea83f"
  },
  {
   "branch": "agent/governance-agent/bos-uri-fix",
   "unpushed": 12,
   "tip": "7c5b6203cb884d3533ad69d995d68a7ab699e1a5"
  },
  {
   "branch": "agent/governance-agent/brief-reverify",
   "unpushed": 1,
   "tip": "1767aca825411b165a69e02261dd9f11b971b9f6"
  },
  {
   "branch": "agent/governance-agent/claims-opbc",
   "unpushed": 2,
   "tip": "0034244a72e2f5b9ebfe08df20b3605935314fea"
  },
  {
   "branch": "agent/governance-agent/cockpit-ui-bump",
   "unpushed": 1,
   "tip": "59bbeb0bc47c25f8d756c39eef060662d1619989"
  },
  {
   "branch": "agent/governance-agent/docs-claims-activation-checklist",
   "unpushed": 1,
   "tip": "1355a25b23bc79b74ee8fc1afc952cec3c9c41b0"
  },
  {
   "branch": "agent/governance-agent/errk-gat012",
   "unpushed": 1,
   "tip": "34a6a72852b9b4ffd4f4dddce991cd2201915ed9"
  },
  {
   "branch": "agent/governance-agent/freshness-token",
   "unpushed": 1,
   "tip": "a0ca9f700dae69364955ee331e9ff3ee46a3addd"
  },
  {
   "branch": "agent/governance-agent/h1-h3-gates",
   "unpushed": 1,
   "tip": "6f7e7efdabaf746643c3f70f30c33d08b2b6af3c"
  },
  {
   "branch": "agent/governance-agent/mcptool-drift-active-filter",
   "unpushed": 1,
   "tip": "557dc44ef86cf55ae274978a1ab82e46e868accb"
  },
  {
   "branch": "agent/governance-agent/north-star-ledger-truth-20260923",
   "unpushed": 1,
   "tip": "6d87a20e61c425065820da276e192f4239cd83db"
  },
  {
   "branch": "agent/governance-agent/north-star-recovery-20260923",
   "unpushed": 2,
   "tip": "f9d4858bd109c3a4c027340ef899f20de3411166"
  },
  {
   "branch": "agent/governance-agent/north-star-value-ledger-only-20260924",
   "unpushed": 1,
   "tip": "4dde9a680f4234ac46b57845ceeb450677d72579"
  },
  {
   "branch": "agent/governance-agent/omlxc-fix",
   "unpushed": 13,
   "tip": "9219e5290f6ca33f9a615fcd470e1a204e2137bf"
  },
  {
   "branch": "agent/governance-agent/pitfalls-distill",
   "unpushed": 1,
   "tip": "1880b8b3b2077dab5071b5b61d261b37d2fff86b"
  },
  {
   "branch": "agent/governance-agent/retro-remediation-f1-f4",
   "unpushed": 4,
   "tip": "1dbe8a8aed853f22df25ecbc35e5bc7b3f044c03"
  },
  {
   "branch": "agent/governance-agent/root-test-debt-closeout",
   "unpushed": 9,
   "tip": "9bbe1f7df1b970b3dc2951238f30c8b53b468799"
  },
  {
   "branch": "agent/governance-agent/t10-161-bootstrap",
   "unpushed": 1,
   "tip": "41752baff02482f18215ca98c6089bd41974b172"
  },
  {
   "branch": "agent/governance-agent/t401-closeout",
   "unpushed": 6,
   "tip": "a7fe65136f0b6f19e6f435b87ff3d33e66e619b8"
  },
  {
   "branch": "agent/governance-agent/value-proven-followup",
   "unpushed": 1,
   "tip": "e6e50a3350598603ee173c5aaea05460188120b9"
  },
  {
   "branch": "agent/governance-agent/value-v2-bridge",
   "unpushed": 1,
   "tip": "467658d36a64b8139ffd06261de53d1a4d76330f"
  },
  {
   "branch": "agent/governance-agent/value-window-attest",
   "unpushed": 1,
   "tip": "34b7cde8dbb49b5815c5d130e56db752ecbe3da7"
  },
  {
   "branch": "agent/governance-agent/waiver-gat012",
   "unpushed": 1,
   "tip": "ac648dae45268ae23ff4577a0c13ce6e1507c726"
  },
  {
   "branch": "chore/waiver-h1h3-bind",
   "unpushed": 1,
   "tip": "6f7e7efdabaf746643c3f70f30c33d08b2b6af3c"
  },
  {
   "branch": "fix/mcptool-drift-cleanup",
   "unpushed": 13,
   "tip": "680e65a0a21ce7a5c1681d473fb44ca54a22434a"
  },
  {
   "branch": "work/bet-y2q2-t11-closeout",
   "unpushed": 1,
   "tip": "a8a2cc4894dd537d100f7b816fb54f8dedd89246"
  },
  {
   "branch": "work/gac-submodule-sync-integration",
   "unpushed": 6,
   "tip": "25c707429e96136543effd1e62e6c530bd2474e2"
  }
 ],
 "pinned": [
  {
   "ref": "refs/wip/agent_governance-agent_bet-y2q2-t4-01-closeout-cdd15b2c7d55",
   "sha": "cdd15b2c7d554ffbbb9ad44198609ff6a23ea83f",
   "branch": "agent/governance-agent/bet-y2q2-t4-01-closeout",
   "unpushed": 1
  },
  {
   "ref": "refs/wip/agent_governance-agent_errk-gat012-34a6a72852b9",
   "sha": "34a6a72852b9b4ffd4f4dddce991cd2201915ed9",
   "branch": "agent/governance-agent/errk-gat012",
   "unpushed": 1
  },
  {
   "ref": "refs/wip/agent_governance-agent_north-star-value-ledger-only-20260924-4dde9a680f42",
   "sha": "4dde9a680f4234ac46b57845ceeb450677d72579",
   "branch": "agent/governance-agent/north-star-value-ledger-only-20260924",
   "unpushed": 1
  },
  {
   "ref": "refs/wip/agent_governance-agent_waiver-gat012-ac648dae4526",
   "sha": "ac648dae45268ae23ff4577a0c13ce6e1507c726",
   "branch": "agent/governance-agent/waiver-gat012",
   "unpushed": 1
  }
 ],
 "already_pinned": 26,
 "truncated": []
}
{
 "ok": true,
 "base": "origin/main",
 "dry_run": false,
 "branches_with_unpushed": [
  {
   "branch": "agent/engineering-agent/omlxc-fabric-readiness",
   "unpushed": 2,
   "tip": "f0263d3baf011cbfedc878bc27c4aa7ec7e3af57"
  },
  {
   "branch": "agent/governance-agent/a4-cron-registry",
   "unpushed": 1,
   "tip": "b7cc5c4d0b48dd870a4d5916ec24939a467b7619"
  },
  {
   "branch": "agent/governance-agent/a4-orphans",
   "unpushed": 1,
   "tip": "dfc6aa7f726f78dd09f32b5b1497a91859f8791b"
  },
  {
   "branch": "agent/governance-agent/bet-y2q2-t4-01-closeout",
   "unpushed": 3,
   "tip": "49c2f37872dae6d59d0c2982a65dccf8e49a20ea"
  },
  {
   "branch": "agent/governance-agent/bos-uri-fix",
   "unpushed": 12,
   "tip": "7c5b6203cb884d3533ad69d995d68a7ab699e1a5"
  },
  {
   "branch": "agent/governance-agent/brief-reverify",
   "unpushed": 1,
   "tip": "1767aca825411b165a69e02261dd9f11b971b9f6"
  },
  {
   "branch": "agent/governance-agent/claims-opbc",
   "unpushed": 2,
   "tip": "0034244a72e2f5b9ebfe08df20b3605935314fea"
  },
  {
   "branch": "agent/governance-agent/cockpit-ui-bump",
   "unpushed": 1,
   "tip": "59bbeb0bc47c25f8d756c39eef060662d1619989"
  },
  {
   "branch": "agent/governance-agent/docs-claims-activation-checklist",
   "unpushed": 1,
   "tip": "1355a25b23bc79b74ee8fc1afc952cec3c9c41b0"
  },
  {
   "branch": "agent/governance-agent/errk-gat012",
   "unpushed": 1,
   "tip": "34a6a72852b9b4ffd4f4dddce991cd2201915ed9"
  },
  {
   "branch": "agent/governance-agent/freshness-token",
   "unpushed": 1,
   "tip": "a0ca9f700dae69364955ee331e9ff3ee46a3addd"
  },
  {
   "branch": "agent/governance-agent/h1-h3-gates",
   "unpushed": 1,
   "tip": "6f7e7efdabaf746643c3f70f30c33d08b2b6af3c"
  },
  {
   "branch": "agent/governance-agent/mcptool-drift-active-filter",
   "unpushed": 1,
   "tip": "557dc44ef86cf55ae274978a1ab82e46e868accb"
  },
  {
   "branch": "agent/governance-agent/north-star-ledger-truth-20260923",
   "unpushed": 1,
   "tip": "6d87a20e61c425065820da276e192f4239cd83db"
  },
  {
   "branch": "agent/governance-agent/north-star-recovery-20260923",
   "unpushed": 2,
   "tip": "f9d4858bd109c3a4c027340ef899f20de3411166"
  },
  {
   "branch": "agent/governance-agent/north-star-value-ledger-only-20260924",
   "unpushed": 1,
   "tip": "4dde9a680f4234ac46b57845ceeb450677d72579"
  },
  {
   "branch": "agent/governance-agent/omlxc-fix",
   "unpushed": 13,
   "tip": "9219e5290f6ca33f9a615fcd470e1a204e2137bf"
  },
  {
   "branch": "agent/governance-agent/pitfalls-distill",
   "unpushed": 1,
   "tip": "1880b8b3b2077dab5071b5b61d261b37d2fff86b"
  },
  {
   "branch": "agent/governance-agent/retro-remediation-f1-f4",
   "unpushed": 4,
   "tip": "1dbe8a8aed853f22df25ecbc35e5bc7b3f044c03"
  },
  {
   "branch": "agent/governance-agent/root-test-debt-closeout",
   "unpushed": 9,
   "tip": "9bbe1f7df1b970b3dc2951238f30c8b53b468799"
  },
  {
   "branch": "agent/governance-agent/t10-161-bootstrap",
   "unpushed": 1,
   "tip": "41752baff02482f18215ca98c6089bd41974b172"
  },
  {
   "branch": "agent/governance-agent/t401-closeout",
   "unpushed": 6,
   "tip": "a7fe65136f0b6f19e6f435b87ff3d33e66e619b8"
  },
  {
   "branch": "agent/governance-agent/value-proven-followup",
   "unpushed": 1,
   "tip": "e6e50a3350598603ee173c5aaea05460188120b9"
  },
  {
   "branch": "agent/governance-agent/value-v2-bridge",
   "unpushed": 1,
   "tip": "467658d36a64b8139ffd06261de53d1a4d76330f"
  },
  {
   "branch": "agent/governance-agent/value-window-attest",
   "unpushed": 1,
   "tip": "34b7cde8dbb49b5815c5d130e56db752ecbe3da7"
  },
  {
   "branch": "agent/governance-agent/waiver-gat012",
   "unpushed": 1,
   "tip": "ac648dae45268ae23ff4577a0c13ce6e1507c726"
  },
  {
   "branch": "chore/waiver-h1h3-bind",
   "unpushed": 1,
   "tip": "6f7e7efdabaf746643c3f70f30c33d08b2b6af3c"
  },
  {
   "branch": "fix/mcptool-drift-cleanup",
   "unpushed": 13,
   "tip": "680e65a0a21ce7a5c1681d473fb44ca54a22434a"
  },
  {
   "branch": "work/bet-y2q2-t11-closeout",
   "unpushed": 1,
   "tip": "a8a2cc4894dd537d100f7b816fb54f8dedd89246"
  },
  {
   "branch": "work/gac-submodule-sync-integration",
   "unpushed": 6,
   "tip": "25c707429e96136543effd1e62e6c530bd2474e2"
  }
 ],
 "pinned": [],
 "already_pinned": 30,
 "truncated": []
}
{
 "ok": true,
 "base": "origin/main",
 "dry_run": false,
 "branches_with_unpushed": [
  {
   "branch": "agent/engineering-agent/omlxc-fabric-readiness",
   "unpushed": 2,
   "tip": "f0263d3baf011cbfedc878bc27c4aa7ec7e3af57"
  },
  {
   "branch": "agent/governance-agent/a4-cron-registry",
   "unpushed": 1,
   "tip": "b7cc5c4d0b48dd870a4d5916ec24939a467b7619"
  },
  {
   "branch": "agent/governance-agent/a4-orphans",
   "unpushed": 1,
   "tip": "dfc6aa7f726f78dd09f32b5b1497a91859f8791b"
  },
  {
   "branch": "agent/governance-agent/bet-y2q2-t4-01-closeout",
   "unpushed": 6,
   "tip": "b47d38f2544723ca8bd66cf0ce00f8d186e31b98"
  },
  {
   "branch": "agent/governance-agent/bos-uri-fix",
   "unpushed": 12,
   "tip": "7c5b6203cb884d3533ad69d995d68a7ab699e1a5"
  },
  {
   "branch": "agent/governance-agent/brief-reverify",
   "unpushed": 1,
   "tip": "1767aca825411b165a69e02261dd9f11b971b9f6"
  },
  {
   "branch": "agent/governance-agent/claims-opbc",
   "unpushed": 2,
   "tip": "0034244a72e2f5b9ebfe08df20b3605935314fea"
  },
  {
   "branch": "agent/governance-agent/cockpit-ui-bump",
   "unpushed": 1,
   "tip": "59bbeb0bc47c25f8d756c39eef060662d1619989"
  },
  {
   "branch": "agent/governance-agent/docs-claims-activation-checklist",
   "unpushed": 1,
   "tip": "1355a25b23bc79b74ee8fc1afc952cec3c9c41b0"
  },
  {
   "branch": "agent/governance-agent/errk-gat012",
   "unpushed": 1,
   "tip": "34a6a72852b9b4ffd4f4dddce991cd2201915ed9"
  },
  {
   "branch": "agent/governance-agent/freshness-token",
   "unpushed": 1,
   "tip": "a0ca9f700dae69364955ee331e9ff3ee46a3addd"
  },
  {
   "branch": "agent/governance-agent/h1-h3-gates",
   "unpushed": 1,
   "tip": "6f7e7efdabaf746643c3f70f30c33d08b2b6af3c"
  },
  {
   "branch": "agent/governance-agent/mcptool-drift-active-filter",
   "unpushed": 1,
   "tip": "557dc44ef86cf55ae274978a1ab82e46e868accb"
  },
  {
   "branch": "agent/governance-agent/north-star-ledger-truth-20260923",
   "unpushed": 1,
   "tip": "6d87a20e61c425065820da276e192f4239cd83db"
  },
  {
   "branch": "agent/governance-agent/north-star-recovery-20260923",
   "unpushed": 2,
   "tip": "f9d4858bd109c3a4c027340ef899f20de3411166"
  },
  {
   "branch": "agent/governance-agent/north-star-value-ledger-only-20260924",
   "unpushed": 1,
   "tip": "ccde08adb36f5cd7ebab2ef3e1ee926282eab5ca"
  },
  {
   "branch": "agent/governance-agent/omlxc-fix",
   "unpushed": 13,
   "tip": "9219e5290f6ca33f9a615fcd470e1a204e2137bf"
  },
  {
   "branch": "agent/governance-agent/pitfalls-distill",
   "unpushed": 1,
   "tip": "1880b8b3b2077dab5071b5b61d261b37d2fff86b"
  },
  {
   "branch": "agent/governance-agent/retro-remediation-f1-f4",
   "unpushed": 4,
   "tip": "1dbe8a8aed853f22df25ecbc35e5bc7b3f044c03"
  },
  {
   "branch": "agent/governance-agent/root-test-debt-closeout",
   "unpushed": 9,
   "tip": "9bbe1f7df1b970b3dc2951238f30c8b53b468799"
  },
  {
   "branch": "agent/governance-agent/t10-161-bootstrap",
   "unpushed": 1,
   "tip": "41752baff02482f18215ca98c6089bd41974b172"
  },
  {
   "branch": "agent/governance-agent/t401-closeout",
   "unpushed": 6,
   "tip": "a7fe65136f0b6f19e6f435b87ff3d33e66e619b8"
  },
  {
   "branch": "agent/governance-agent/value-proven-followup",
   "unpushed": 1,
   "tip": "e6e50a3350598603ee173c5aaea05460188120b9"
  },
  {
   "branch": "agent/governance-agent/value-v2-bridge",
   "unpushed": 1,
   "tip": "467658d36a64b8139ffd06261de53d1a4d76330f"
  },
  {
   "branch": "agent/governance-agent/value-window-attest",
   "unpushed": 1,
   "tip": "34b7cde8dbb49b5815c5d130e56db752ecbe3da7"
  },
  {
   "branch": "agent/governance-agent/waiver-gat012",
   "unpushed": 1,
   "tip": "ac648dae45268ae23ff4577a0c13ce6e1507c726"
  },
  {
   "branch": "chore/waiver-h1h3-bind",
   "unpushed": 1,
   "tip": "6f7e7efdabaf746643c3f70f30c33d08b2b6af3c"
  },
  {
   "branch": "fix/mcptool-drift-cleanup",
   "unpushed": 13,
   "tip": "680e65a0a21ce7a5c1681d473fb44ca54a22434a"
  },
  {
   "branch": "main",
   "unpushed": 1,
   "tip": "083ddb4101ce3a7fca84a095cc38e0163d763e40"
  },
  {
   "branch": "work/bet-y2q2-t11-closeout",
   "unpushed": 1,
   "tip": "a8a2cc4894dd537d100f7b816fb54f8dedd89246"
  },
  {
   "branch": "work/gac-submodule-sync-integration",
   "unpushed": 6,
   "tip": "25c707429e96136543effd1e62e6c530bd2474e2"
  }
 ],
 "pinned": [
  {
   "ref": "refs/wip/main-083ddb4101ce",
   "sha": "083ddb4101ce3a7fca84a095cc38e0163d763e40",
   "branch": "main",
   "unpushed": 1
  }
 ],
 "already_pinned": 30,
 "truncated": []
}
{
 "ok": true,
 "base": "origin/main",
 "dry_run": false,
 "branches_with_unpushed": [
  {
   "branch": "agent/engineering-agent/omlxc-fabric-readiness",
   "unpushed": 2,
   "tip": "f0263d3baf011cbfedc878bc27c4aa7ec7e3af57"
  },
  {
   "branch": "agent/governance-agent/a4-cron-registry",
   "unpushed": 1,
   "tip": "b7cc5c4d0b48dd870a4d5916ec24939a467b7619"
  },
  {
   "branch": "agent/governance-agent/a4-orphans",
   "unpushed": 1,
   "tip": "dfc6aa7f726f78dd09f32b5b1497a91859f8791b"
  },
  {
   "branch": "agent/governance-agent/bos-uri-fix",
   "unpushed": 12,
   "tip": "7c5b6203cb884d3533ad69d995d68a7ab699e1a5"
  },
  {
   "branch": "agent/governance-agent/brief-reverify",
   "unpushed": 1,
   "tip": "1767aca825411b165a69e02261dd9f11b971b9f6"
  },
  {
   "branch": "agent/governance-agent/claims-opbc",
   "unpushed": 2,
   "tip": "0034244a72e2f5b9ebfe08df20b3605935314fea"
  },
  {
   "branch": "agent/governance-agent/cockpit-ui-bump",
   "unpushed": 1,
   "tip": "59bbeb0bc47c25f8d756c39eef060662d1619989"
  },
  {
   "branch": "agent/governance-agent/docs-claims-activation-checklist",
   "unpushed": 1,
   "tip": "1355a25b23bc79b74ee8fc1afc952cec3c9c41b0"
  },
  {
   "branch": "agent/governance-agent/errk-gat012",
   "unpushed": 1,
   "tip": "34a6a72852b9b4ffd4f4dddce991cd2201915ed9"
  },
  {
   "branch": "agent/governance-agent/freshness-token",
   "unpushed": 1,
   "tip": "a0ca9f700dae69364955ee331e9ff3ee46a3addd"
  },
  {
   "branch": "agent/governance-agent/h1-h3-gates",
   "unpushed": 1,
   "tip": "6f7e7efdabaf746643c3f70f30c33d08b2b6af3c"
  },
  {
   "branch": "agent/governance-agent/mcptool-drift-active-filter",
   "unpushed": 1,
   "tip": "557dc44ef86cf55ae274978a1ab82e46e868accb"
  },
  {
   "branch": "agent/governance-agent/north-star-ledger-truth-20260923",
   "unpushed": 1,
   "tip": "6d87a20e61c425065820da276e192f4239cd83db"
  },
  {
   "branch": "agent/governance-agent/north-star-recovery-20260923",
   "unpushed": 2,
   "tip": "f9d4858bd109c3a4c027340ef899f20de3411166"
  },
  {
   "branch": "agent/governance-agent/north-star-value-ledger-only-20260924",
   "unpushed": 1,
   "tip": "ccde08adb36f5cd7ebab2ef3e1ee926282eab5ca"
  },
  {
   "branch": "agent/governance-agent/omlxc-fix",
   "unpushed": 13,
   "tip": "9219e5290f6ca33f9a615fcd470e1a204e2137bf"
  },
  {
   "branch": "agent/governance-agent/pitfalls-distill",
   "unpushed": 1,
   "tip": "1880b8b3b2077dab5071b5b61d261b37d2fff86b"
  },
  {
   "branch": "agent/governance-agent/retro-remediation-f1-f4",
   "unpushed": 4,
   "tip": "1dbe8a8aed853f22df25ecbc35e5bc7b3f044c03"
  },
  {
   "branch": "agent/governance-agent/root-test-debt-closeout",
   "unpushed": 9,
   "tip": "9bbe1f7df1b970b3dc2951238f30c8b53b468799"
  },
  {
   "branch": "agent/governance-agent/t10-161-bootstrap",
   "unpushed": 1,
   "tip": "41752baff02482f18215ca98c6089bd41974b172"
  },
  {
   "branch": "agent/governance-agent/t401-closeout",
   "unpushed": 6,
   "tip": "a7fe65136f0b6f19e6f435b87ff3d33e66e619b8"
  },
  {
   "branch": "agent/governance-agent/value-proven-followup",
   "unpushed": 1,
   "tip": "e6e50a3350598603ee173c5aaea05460188120b9"
  },
  {
   "branch": "agent/governance-agent/value-v2-bridge",
   "unpushed": 1,
   "tip": "467658d36a64b8139ffd06261de53d1a4d76330f"
  },
  {
   "branch": "agent/governance-agent/value-window-attest",
   "unpushed": 1,
   "tip": "34b7cde8dbb49b5815c5d130e56db752ecbe3da7"
  },
  {
   "branch": "agent/governance-agent/waiver-gat012",
   "unpushed": 1,
   "tip": "ac648dae45268ae23ff4577a0c13ce6e1507c726"
  },
  {
   "branch": "agent/governance-agent/zhixing-drift-capture",
   "unpushed": 3,
   "tip": "7f7206681f70971138bdc18c377b2acbcc139832"
  },
  {
   "branch": "chore/bet-track-fix-omlxc01",
   "unpushed": 1,
   "tip": "649c212e926cd31546028f853c475e30da99ac1c"
  },
  {
   "branch": "chore/waiver-h1h3-bind",
   "unpushed": 1,
   "tip": "6f7e7efdabaf746643c3f70f30c33d08b2b6af3c"
  },
  {
   "branch": "fix/mcptool-drift-cleanup",
   "unpushed": 13,
   "tip": "680e65a0a21ce7a5c1681d473fb44ca54a22434a"
  },
  {
   "branch": "main",
   "unpushed": 1,
   "tip": "083ddb4101ce3a7fca84a095cc38e0163d763e40"
  },
  {
   "branch": "work/bet-y2q2-t11-closeout",
   "unpushed": 1,
   "tip": "a8a2cc4894dd537d100f7b816fb54f8dedd89246"
  },
  {
   "branch": "work/gac-submodule-sync-integration",
   "unpushed": 6,
   "tip": "25c707429e96136543effd1e62e6c530bd2474e2"
  }
 ],
 "pinned": [
  {
   "ref": "refs/wip/chore_bet-track-fix-omlxc01-649c212e926c",
   "sha": "649c212e926cd31546028f853c475e30da99ac1c",
   "branch": "chore/bet-track-fix-omlxc01",
   "unpushed": 1
  }
 ],
 "already_pinned": 31,
 "truncated": []
}
{
 "ok": true,
 "base": "origin/main",
 "dry_run": false,
 "branches_with_unpushed": [
  {
   "branch": "agent/engineering-agent/omlxc-fabric-readiness",
   "unpushed": 2,
   "tip": "f0263d3baf011cbfedc878bc27c4aa7ec7e3af57"
  },
  {
   "branch": "agent/governance-agent/a4-cron-registry",
   "unpushed": 1,
   "tip": "b7cc5c4d0b48dd870a4d5916ec24939a467b7619"
  },
  {
   "branch": "agent/governance-agent/a4-orphans",
   "unpushed": 1,
   "tip": "dfc6aa7f726f78dd09f32b5b1497a91859f8791b"
  },
  {
   "branch": "agent/governance-agent/bos-uri-fix",
   "unpushed": 12,
   "tip": "7c5b6203cb884d3533ad69d995d68a7ab699e1a5"
  },
  {
   "branch": "agent/governance-agent/brief-reverify",
   "unpushed": 1,
   "tip": "1767aca825411b165a69e02261dd9f11b971b9f6"
  },
  {
   "branch": "agent/governance-agent/claims-opbc",
   "unpushed": 2,
   "tip": "0034244a72e2f5b9ebfe08df20b3605935314fea"
  },
  {
   "branch": "agent/governance-agent/cockpit-ui-bump",
   "unpushed": 1,
   "tip": "59bbeb0bc47c25f8d756c39eef060662d1619989"
  },
  {
   "branch": "agent/governance-agent/docs-claims-activation-checklist",
   "unpushed": 1,
   "tip": "1355a25b23bc79b74ee8fc1afc952cec3c9c41b0"
  },
  {
   "branch": "agent/governance-agent/errk-gat012",
   "unpushed": 1,
   "tip": "34a6a72852b9b4ffd4f4dddce991cd2201915ed9"
  },
  {
   "branch": "agent/governance-agent/errk-recall-crd001",
   "unpushed": 2,
   "tip": "55003cb9d3fb7466142a9742ba51ed62978ebd25"
  },
  {
   "branch": "agent/governance-agent/freshness-token",
   "unpushed": 1,
   "tip": "a0ca9f700dae69364955ee331e9ff3ee46a3addd"
  },
  {
   "branch": "agent/governance-agent/h1-h3-gates",
   "unpushed": 1,
   "tip": "6f7e7efdabaf746643c3f70f30c33d08b2b6af3c"
  },
  {
   "branch": "agent/governance-agent/mcptool-drift-active-filter",
   "unpushed": 1,
   "tip": "557dc44ef86cf55ae274978a1ab82e46e868accb"
  },
  {
   "branch": "agent/governance-agent/north-star-ledger-truth-20260923",
   "unpushed": 1,
   "tip": "6d87a20e61c425065820da276e192f4239cd83db"
  },
  {
   "branch": "agent/governance-agent/north-star-recovery-20260923",
   "unpushed": 2,
   "tip": "f9d4858bd109c3a4c027340ef899f20de3411166"
  },
  {
   "branch": "agent/governance-agent/north-star-value-ledger-only-20260924",
   "unpushed": 1,
   "tip": "ccde08adb36f5cd7ebab2ef3e1ee926282eab5ca"
  },
  {
   "branch": "agent/governance-agent/omlxc-fix",
   "unpushed": 13,
   "tip": "9219e5290f6ca33f9a615fcd470e1a204e2137bf"
  },
  {
   "branch": "agent/governance-agent/pitfalls-distill",
   "unpushed": 1,
   "tip": "1880b8b3b2077dab5071b5b61d261b37d2fff86b"
  },
  {
   "branch": "agent/governance-agent/retro-remediation-f1-f4",
   "unpushed": 4,
   "tip": "1dbe8a8aed853f22df25ecbc35e5bc7b3f044c03"
  },
  {
   "branch": "agent/governance-agent/root-test-debt-closeout",
   "unpushed": 9,
   "tip": "9bbe1f7df1b970b3dc2951238f30c8b53b468799"
  },
  {
   "branch": "agent/governance-agent/t10-161-bootstrap",
   "unpushed": 1,
   "tip": "41752baff02482f18215ca98c6089bd41974b172"
  },
  {
   "branch": "agent/governance-agent/t401-closeout",
   "unpushed": 6,
   "tip": "a7fe65136f0b6f19e6f435b87ff3d33e66e619b8"
  },
  {
   "branch": "agent/governance-agent/value-proven-followup",
   "unpushed": 1,
   "tip": "e6e50a3350598603ee173c5aaea05460188120b9"
  },
  {
   "branch": "agent/governance-agent/value-v2-bridge",
   "unpushed": 1,
   "tip": "467658d36a64b8139ffd06261de53d1a4d76330f"
  },
  {
   "branch": "agent/governance-agent/value-window-attest",
   "unpushed": 1,
   "tip": "34b7cde8dbb49b5815c5d130e56db752ecbe3da7"
  },
  {
   "branch": "agent/governance-agent/waiver-gat012",
   "unpushed": 1,
   "tip": "ac648dae45268ae23ff4577a0c13ce6e1507c726"
  },
  {
   "branch": "chore/bet-track-fix-omlxc01",
   "unpushed": 1,
   "tip": "649c212e926cd31546028f853c475e30da99ac1c"
  },
  {
   "branch": "chore/main-repo-retros-ledger-specs",
   "unpushed": 3,
   "tip": "6235866ab29ce45d0c2bae60bced8024e9d0f458"
  },
  {
   "branch": "chore/waiver-h1h3-bind",
   "unpushed": 1,
   "tip": "6f7e7efdabaf746643c3f70f30c33d08b2b6af3c"
  },
  {
   "branch": "fix/mcptool-drift-cleanup",
   "unpushed": 13,
   "tip": "680e65a0a21ce7a5c1681d473fb44ca54a22434a"
  },
  {
   "branch": "work/bet-y2q2-t11-closeout",
   "unpushed": 1,
   "tip": "a8a2cc4894dd537d100f7b816fb54f8dedd89246"
  },
  {
   "branch": "work/gac-submodule-sync-integration",
   "unpushed": 6,
   "tip": "25c707429e96136543effd1e62e6c530bd2474e2"
  }
 ],
 "pinned": [
  {
   "ref": "refs/wip/chore_main-repo-retros-ledger-specs-6235866ab29c",
   "sha": "6235866ab29ce45d0c2bae60bced8024e9d0f458",
   "branch": "chore/main-repo-retros-ledger-specs",
   "unpushed": 3
  }
 ],
 "already_pinned": 31,
 "truncated": []
}
{
 "ok": true,
 "base": "origin/main",
 "dry_run": false,
 "branches_with_unpushed": [
  {
   "branch": "agent/engineering-agent/omlxc-fabric-readiness",
   "unpushed": 2,
   "tip": "f0263d3baf011cbfedc878bc27c4aa7ec7e3af57"
  },
  {
   "branch": "agent/governance-agent/a4-cron-registry",
   "unpushed": 1,
   "tip": "b7cc5c4d0b48dd870a4d5916ec24939a467b7619"
  },
  {
   "branch": "agent/governance-agent/a4-orphans",
   "unpushed": 1,
   "tip": "dfc6aa7f726f78dd09f32b5b1497a91859f8791b"
  },
  {
   "branch": "agent/governance-agent/bos-uri-fix",
   "unpushed": 12,
   "tip": "7c5b6203cb884d3533ad69d995d68a7ab699e1a5"
  },
  {
   "branch": "agent/governance-agent/brief-reverify",
   "unpushed": 1,
   "tip": "1767aca825411b165a69e02261dd9f11b971b9f6"
  },
  {
   "branch": "agent/governance-agent/claims-opbc",
   "unpushed": 2,
   "tip": "0034244a72e2f5b9ebfe08df20b3605935314fea"
  },
  {
   "branch": "agent/governance-agent/cockpit-ui-bump",
   "unpushed": 1,
   "tip": "59bbeb0bc47c25f8d756c39eef060662d1619989"
  },
  {
   "branch": "agent/governance-agent/docs-claims-activation-checklist",
   "unpushed": 1,
   "tip": "1355a25b23bc79b74ee8fc1afc952cec3c9c41b0"
  },
  {
   "branch": "agent/governance-agent/drift-status-contract",
   "unpushed": 1,
   "tip": "909f8e15f53efd57e56c6a5cb9243ef889785590"
  },
  {
   "branch": "agent/governance-agent/errk-gat012",
   "unpushed": 1,
   "tip": "34a6a72852b9b4ffd4f4dddce991cd2201915ed9"
  },
  {
   "branch": "agent/governance-agent/errk-recall-crd001",
   "unpushed": 2,
   "tip": "55003cb9d3fb7466142a9742ba51ed62978ebd25"
  },
  {
   "branch": "agent/governance-agent/errk-record-i4",
   "unpushed": 2,
   "tip": "92c4f5a46bd63b0bfc6c64a4cf3312eef42960fd"
  },
  {
   "branch": "agent/governance-agent/freshness-token",
   "unpushed": 1,
   "tip": "a0ca9f700dae69364955ee331e9ff3ee46a3addd"
  },
  {
   "branch": "agent/governance-agent/h1-h3-gates",
   "unpushed": 1,
   "tip": "6f7e7efdabaf746643c3f70f30c33d08b2b6af3c"
  },
  {
   "branch": "agent/governance-agent/mcptool-drift-active-filter",
   "unpushed": 1,
   "tip": "557dc44ef86cf55ae274978a1ab82e46e868accb"
  },
  {
   "branch": "agent/governance-agent/north-star-ledger-truth-20260923",
   "unpushed": 1,
   "tip": "6d87a20e61c425065820da276e192f4239cd83db"
  },
  {
   "branch": "agent/governance-agent/north-star-recovery-20260923",
   "unpushed": 2,
   "tip": "f9d4858bd109c3a4c027340ef899f20de3411166"
  },
  {
   "branch": "agent/governance-agent/north-star-value-ledger-only-20260924",
   "unpushed": 1,
   "tip": "ccde08adb36f5cd7ebab2ef3e1ee926282eab5ca"
  },
  {
   "branch": "agent/governance-agent/omlxc-fix",
   "unpushed": 13,
   "tip": "9219e5290f6ca33f9a615fcd470e1a204e2137bf"
  },
  {
   "branch": "agent/governance-agent/pitfalls-distill",
   "unpushed": 1,
   "tip": "1880b8b3b2077dab5071b5b61d261b37d2fff86b"
  },
  {
   "branch": "agent/governance-agent/retro-remediation-f1-f4",
   "unpushed": 4,
   "tip": "1dbe8a8aed853f22df25ecbc35e5bc7b3f044c03"
  },
  {
   "branch": "agent/governance-agent/root-test-debt-closeout",
   "unpushed": 9,
   "tip": "9bbe1f7df1b970b3dc2951238f30c8b53b468799"
  },
  {
   "branch": "agent/governance-agent/t10-161-bootstrap",
   "unpushed": 1,
   "tip": "41752baff02482f18215ca98c6089bd41974b172"
  },
  {
   "branch": "agent/governance-agent/t401-closeout",
   "unpushed": 6,
   "tip": "a7fe65136f0b6f19e6f435b87ff3d33e66e619b8"
  },
  {
   "branch": "agent/governance-agent/value-proven-followup",
   "unpushed": 1,
   "tip": "e6e50a3350598603ee173c5aaea05460188120b9"
  },
  {
   "branch": "agent/governance-agent/value-v2-bridge",
   "unpushed": 1,
   "tip": "467658d36a64b8139ffd06261de53d1a4d76330f"
  },
  {
   "branch": "agent/governance-agent/value-window-attest",
   "unpushed": 1,
   "tip": "34b7cde8dbb49b5815c5d130e56db752ecbe3da7"
  },
  {
   "branch": "agent/governance-agent/waiver-gat012",
   "unpushed": 1,
   "tip": "ac648dae45268ae23ff4577a0c13ce6e1507c726"
  },
  {
   "branch": "agent/governance-agent/waiver-reg-4295",
   "unpushed": 1,
   "tip": "9db5e997e03d70eed2f427932fcb7eb91d4613b0"
  },
  {
   "branch": "chore/bet-track-fix-omlxc01",
   "unpushed": 1,
   "tip": "649c212e926cd31546028f853c475e30da99ac1c"
  },
  {
   "branch": "chore/main-repo-retros-ledger-specs",
   "unpushed": 3,
   "tip": "6235866ab29ce45d0c2bae60bced8024e9d0f458"
  },
  {
   "branch": "chore/waiver-h1h3-bind",
   "unpushed": 1,
   "tip": "6f7e7efdabaf746643c3f70f30c33d08b2b6af3c"
  },
  {
   "branch": "fix/mcptool-drift-cleanup",
   "unpushed": 13,
   "tip": "680e65a0a21ce7a5c1681d473fb44ca54a22434a"
  },
  {
   "branch": "work/bet-y2q2-t11-closeout",
   "unpushed": 1,
   "tip": "a8a2cc4894dd537d100f7b816fb54f8dedd89246"
  },
  {
   "branch": "work/gac-submodule-sync-integration",
   "unpushed": 6,
   "tip": "25c707429e96136543effd1e62e6c530bd2474e2"
  }
 ],
 "pinned": [
  {
   "ref": "refs/wip/agent_governance-agent_drift-status-contract-909f8e15f53e",
   "sha": "909f8e15f53efd57e56c6a5cb9243ef889785590",
   "branch": "agent/governance-agent/drift-status-contract",
   "unpushed": 1
  },
  {
   "ref": "refs/wip/agent_governance-agent_errk-record-i4-92c4f5a46bd6",
   "sha": "92c4f5a46bd63b0bfc6c64a4cf3312eef42960fd",
   "branch": "agent/governance-agent/errk-record-i4",
   "unpushed": 2
  }
 ],
 "already_pinned": 33,
 "truncated": []
}
{
 "ok": true,
 "base": "origin/main",
 "dry_run": false,
 "branches_with_unpushed": [
  {
   "branch": "agent/engineering-agent/omlxc-fabric-readiness",
   "unpushed": 2,
   "tip": "f0263d3baf011cbfedc878bc27c4aa7ec7e3af57"
  },
  {
   "branch": "agent/governance-agent/a4-cron-registry",
   "unpushed": 1,
   "tip": "b7cc5c4d0b48dd870a4d5916ec24939a467b7619"
  },
  {
   "branch": "agent/governance-agent/a4-orphans",
   "unpushed": 1,
   "tip": "dfc6aa7f726f78dd09f32b5b1497a91859f8791b"
  },
  {
   "branch": "agent/governance-agent/bos-uri-fix",
   "unpushed": 12,
   "tip": "7c5b6203cb884d3533ad69d995d68a7ab699e1a5"
  },
  {
   "branch": "agent/governance-agent/brief-reverify",
   "unpushed": 1,
   "tip": "1767aca825411b165a69e02261dd9f11b971b9f6"
  },
  {
   "branch": "agent/governance-agent/claims-opbc",
   "unpushed": 2,
   "tip": "0034244a72e2f5b9ebfe08df20b3605935314fea"
  },
  {
   "branch": "agent/governance-agent/cockpit-ui-bump",
   "unpushed": 1,
   "tip": "59bbeb0bc47c25f8d756c39eef060662d1619989"
  },
  {
   "branch": "agent/governance-agent/docs-claims-activation-checklist",
   "unpushed": 1,
   "tip": "1355a25b23bc79b74ee8fc1afc952cec3c9c41b0"
  },
  {
   "branch": "agent/governance-agent/drift-status-contract",
   "unpushed": 1,
   "tip": "909f8e15f53efd57e56c6a5cb9243ef889785590"
  },
  {
   "branch": "agent/governance-agent/errk-gat012",
   "unpushed": 1,
   "tip": "34a6a72852b9b4ffd4f4dddce991cd2201915ed9"
  },
  {
   "branch": "agent/governance-agent/errk-recall-crd001",
   "unpushed": 2,
   "tip": "55003cb9d3fb7466142a9742ba51ed62978ebd25"
  },
  {
   "branch": "agent/governance-agent/errk-record-i4",
   "unpushed": 4,
   "tip": "1a6061f8e9a79dc774092791c951f84f94826300"
  },
  {
   "branch": "agent/governance-agent/freshness-token",
   "unpushed": 1,
   "tip": "a0ca9f700dae69364955ee331e9ff3ee46a3addd"
  },
  {
   "branch": "agent/governance-agent/h1-h3-gates",
   "unpushed": 1,
   "tip": "6f7e7efdabaf746643c3f70f30c33d08b2b6af3c"
  },
  {
   "branch": "agent/governance-agent/mcptool-drift-active-filter",
   "unpushed": 1,
   "tip": "557dc44ef86cf55ae274978a1ab82e46e868accb"
  },
  {
   "branch": "agent/governance-agent/north-star-ledger-truth-20260923",
   "unpushed": 1,
   "tip": "6d87a20e61c425065820da276e192f4239cd83db"
  },
  {
   "branch": "agent/governance-agent/north-star-recovery-20260923",
   "unpushed": 2,
   "tip": "f9d4858bd109c3a4c027340ef899f20de3411166"
  },
  {
   "branch": "agent/governance-agent/north-star-value-ledger-only-20260924",
   "unpushed": 1,
   "tip": "ccde08adb36f5cd7ebab2ef3e1ee926282eab5ca"
  },
  {
   "branch": "agent/governance-agent/omlxc-fix",
   "unpushed": 13,
   "tip": "9219e5290f6ca33f9a615fcd470e1a204e2137bf"
  },
  {
   "branch": "agent/governance-agent/pitfalls-distill",
   "unpushed": 1,
   "tip": "1880b8b3b2077dab5071b5b61d261b37d2fff86b"
  },
  {
   "branch": "agent/governance-agent/retro-remediation-f1-f4",
   "unpushed": 4,
   "tip": "1dbe8a8aed853f22df25ecbc35e5bc7b3f044c03"
  },
  {
   "branch": "agent/governance-agent/root-test-debt-closeout",
   "unpushed": 9,
   "tip": "9bbe1f7df1b970b3dc2951238f30c8b53b468799"
  },
  {
   "branch": "agent/governance-agent/t10-161-bootstrap",
   "unpushed": 1,
   "tip": "41752baff02482f18215ca98c6089bd41974b172"
  },
  {
   "branch": "agent/governance-agent/t401-closeout",
   "unpushed": 6,
   "tip": "a7fe65136f0b6f19e6f435b87ff3d33e66e619b8"
  },
  {
   "branch": "agent/governance-agent/value-proven-followup",
   "unpushed": 1,
   "tip": "e6e50a3350598603ee173c5aaea05460188120b9"
  },
  {
   "branch": "agent/governance-agent/value-v2-bridge",
   "unpushed": 1,
   "tip": "467658d36a64b8139ffd06261de53d1a4d76330f"
  },
  {
   "branch": "agent/governance-agent/value-window-attest",
   "unpushed": 1,
   "tip": "34b7cde8dbb49b5815c5d130e56db752ecbe3da7"
  },
  {
   "branch": "agent/governance-agent/waiver-gat012",
   "unpushed": 1,
   "tip": "ac648dae45268ae23ff4577a0c13ce6e1507c726"
  },
  {
   "branch": "agent/governance-agent/waiver-reg-4295",
   "unpushed": 1,
   "tip": "9db5e997e03d70eed2f427932fcb7eb91d4613b0"
  },
  {
   "branch": "agent/governance-agent/waiver-rows-b4",
   "unpushed": 2,
   "tip": "97f7ec54da9376525125864742787d1a9e1d9b72"
  },
  {
   "branch": "chore/bet-track-fix-omlxc01",
   "unpushed": 1,
   "tip": "649c212e926cd31546028f853c475e30da99ac1c"
  },
  {
   "branch": "chore/main-repo-retros-ledger-specs",
   "unpushed": 3,
   "tip": "6235866ab29ce45d0c2bae60bced8024e9d0f458"
  },
  {
   "branch": "chore/waiver-h1h3-bind",
   "unpushed": 1,
   "tip": "6f7e7efdabaf746643c3f70f30c33d08b2b6af3c"
  },
  {
   "branch": "fix/mcptool-drift-cleanup",
   "unpushed": 13,
   "tip": "680e65a0a21ce7a5c1681d473fb44ca54a22434a"
  },
  {
   "branch": "work/bet-y2q2-t11-closeout",
   "unpushed": 1,
   "tip": "a8a2cc4894dd537d100f7b816fb54f8dedd89246"
  },
  {
   "branch": "work/gac-submodule-sync-integration",
   "unpushed": 6,
   "tip": "25c707429e96136543effd1e62e6c530bd2474e2"
  }
 ],
 "pinned": [
  {
   "ref": "refs/wip/agent_governance-agent_errk-record-i4-1a6061f8e9a7",
   "sha": "1a6061f8e9a79dc774092791c951f84f94826300",
   "branch": "agent/governance-agent/errk-record-i4",
   "unpushed": 4
  },
  {
   "ref": "refs/wip/agent_governance-agent_waiver-rows-b4-97f7ec54da93",
   "sha": "97f7ec54da9376525125864742787d1a9e1d9b72",
   "branch": "agent/governance-agent/waiver-rows-b4",
   "unpushed": 2
  }
 ],
 "already_pinned": 34,
 "truncated": []
}
{
 "ok": true,
 "base": "origin/main",
 "dry_run": false,
 "branches_with_unpushed": [
  {
   "branch": "agent/engineering-agent/omlxc-fabric-readiness",
   "unpushed": 2,
   "tip": "f0263d3baf011cbfedc878bc27c4aa7ec7e3af57"
  },
  {
   "branch": "agent/governance-agent/a4-cron-registry",
   "unpushed": 1,
   "tip": "b7cc5c4d0b48dd870a4d5916ec24939a467b7619"
  },
  {
   "branch": "agent/governance-agent/a4-orphans",
   "unpushed": 1,
   "tip": "dfc6aa7f726f78dd09f32b5b1497a91859f8791b"
  },
  {
   "branch": "agent/governance-agent/bos-uri-fix",
   "unpushed": 12,
   "tip": "7c5b6203cb884d3533ad69d995d68a7ab699e1a5"
  },
  {
   "branch": "agent/governance-agent/brief-reverify",
   "unpushed": 1,
   "tip": "1767aca825411b165a69e02261dd9f11b971b9f6"
  },
  {
   "branch": "agent/governance-agent/claims-opbc",
   "unpushed": 2,
   "tip": "0034244a72e2f5b9ebfe08df20b3605935314fea"
  },
  {
   "branch": "agent/governance-agent/cockpit-ui-bump",
   "unpushed": 1,
   "tip": "59bbeb0bc47c25f8d756c39eef060662d1619989"
  },
  {
   "branch": "agent/governance-agent/docs-claims-activation-checklist",
   "unpushed": 1,
   "tip": "1355a25b23bc79b74ee8fc1afc952cec3c9c41b0"
  },
  {
   "branch": "agent/governance-agent/drift-status-contract",
   "unpushed": 1,
   "tip": "909f8e15f53efd57e56c6a5cb9243ef889785590"
  },
  {
   "branch": "agent/governance-agent/errk-gat012",
   "unpushed": 1,
   "tip": "34a6a72852b9b4ffd4f4dddce991cd2201915ed9"
  },
  {
   "branch": "agent/governance-agent/errk-recall-crd001",
   "unpushed": 2,
   "tip": "55003cb9d3fb7466142a9742ba51ed62978ebd25"
  },
  {
   "branch": "agent/governance-agent/errk-record-i4",
   "unpushed": 4,
   "tip": "1a6061f8e9a79dc774092791c951f84f94826300"
  },
  {
   "branch": "agent/governance-agent/freshness-token",
   "unpushed": 1,
   "tip": "a0ca9f700dae69364955ee331e9ff3ee46a3addd"
  },
  {
   "branch": "agent/governance-agent/h1-h3-gates",
   "unpushed": 1,
   "tip": "6f7e7efdabaf746643c3f70f30c33d08b2b6af3c"
  },
  {
   "branch": "agent/governance-agent/mcptool-drift-active-filter",
   "unpushed": 1,
   "tip": "557dc44ef86cf55ae274978a1ab82e46e868accb"
  },
  {
   "branch": "agent/governance-agent/north-star-ledger-truth-20260923",
   "unpushed": 1,
   "tip": "6d87a20e61c425065820da276e192f4239cd83db"
  },
  {
   "branch": "agent/governance-agent/north-star-recovery-20260923",
   "unpushed": 2,
   "tip": "f9d4858bd109c3a4c027340ef899f20de3411166"
  },
  {
   "branch": "agent/governance-agent/north-star-value-ledger-only-20260924",
   "unpushed": 1,
   "tip": "ccde08adb36f5cd7ebab2ef3e1ee926282eab5ca"
  },
  {
   "branch": "agent/governance-agent/omlxc-fix",
   "unpushed": 13,
   "tip": "9219e5290f6ca33f9a615fcd470e1a204e2137bf"
  },
  {
   "branch": "agent/governance-agent/pitfall-i2",
   "unpushed": 4,
   "tip": "721087a00bf4f66594efe320ebaa01e273b15501"
  },
  {
   "branch": "agent/governance-agent/pitfalls-distill",
   "unpushed": 1,
   "tip": "1880b8b3b2077dab5071b5b61d261b37d2fff86b"
  },
  {
   "branch": "agent/governance-agent/retro-remediation-f1-f4",
   "unpushed": 4,
   "tip": "1dbe8a8aed853f22df25ecbc35e5bc7b3f044c03"
  },
  {
   "branch": "agent/governance-agent/root-test-debt-closeout",
   "unpushed": 9,
   "tip": "9bbe1f7df1b970b3dc2951238f30c8b53b468799"
  },
  {
   "branch": "agent/governance-agent/t10-161-bootstrap",
   "unpushed": 1,
   "tip": "41752baff02482f18215ca98c6089bd41974b172"
  },
  {
   "branch": "agent/governance-agent/t401-closeout",
   "unpushed": 6,
   "tip": "a7fe65136f0b6f19e6f435b87ff3d33e66e619b8"
  },
  {
   "branch": "agent/governance-agent/value-proven-followup",
   "unpushed": 1,
   "tip": "e6e50a3350598603ee173c5aaea05460188120b9"
  },
  {
   "branch": "agent/governance-agent/value-v2-bridge",
   "unpushed": 1,
   "tip": "467658d36a64b8139ffd06261de53d1a4d76330f"
  },
  {
   "branch": "agent/governance-agent/value-window-attest",
   "unpushed": 1,
   "tip": "34b7cde8dbb49b5815c5d130e56db752ecbe3da7"
  },
  {
   "branch": "agent/governance-agent/waiver-gat012",
   "unpushed": 1,
   "tip": "ac648dae45268ae23ff4577a0c13ce6e1507c726"
  },
  {
   "branch": "agent/governance-agent/waiver-reg-4295",
   "unpushed": 1,
   "tip": "9db5e997e03d70eed2f427932fcb7eb91d4613b0"
  },
  {
   "branch": "agent/governance-agent/waiver-rows-b4",
   "unpushed": 2,
   "tip": "97f7ec54da9376525125864742787d1a9e1d9b72"
  },
  {
   "branch": "chore/bet-track-fix-omlxc01",
   "unpushed": 1,
   "tip": "649c212e926cd31546028f853c475e30da99ac1c"
  },
  {
   "branch": "chore/main-repo-retros-ledger-specs",
   "unpushed": 3,
   "tip": "6235866ab29ce45d0c2bae60bced8024e9d0f458"
  },
  {
   "branch": "chore/waiver-h1h3-bind",
   "unpushed": 1,
   "tip": "6f7e7efdabaf746643c3f70f30c33d08b2b6af3c"
  },
  {
   "branch": "fix/mcptool-drift-cleanup",
   "unpushed": 13,
   "tip": "680e65a0a21ce7a5c1681d473fb44ca54a22434a"
  },
  {
   "branch": "work/bet-y2q2-t11-closeout",
   "unpushed": 1,
   "tip": "a8a2cc4894dd537d100f7b816fb54f8dedd89246"
  },
  {
   "branch": "work/gac-submodule-sync-integration",
   "unpushed": 6,
   "tip": "25c707429e96136543effd1e62e6c530bd2474e2"
  }
 ],
 "pinned": [
  {
   "ref": "refs/wip/agent_governance-agent_pitfall-i2-721087a00bf4",
   "sha": "721087a00bf4f66594efe320ebaa01e273b15501",
   "branch": "agent/governance-agent/pitfall-i2",
   "unpushed": 4
  }
 ],
 "already_pinned": 36,
 "truncated": []
}
{
 "ok": true,
 "base": "origin/main",
 "dry_run": false,
 "branches_with_unpushed": [
  {
   "branch": "agent/engineering-agent/omlxc-fabric-readiness",
   "unpushed": 2,
   "tip": "f0263d3baf011cbfedc878bc27c4aa7ec7e3af57"
  },
  {
   "branch": "agent/governance-agent/a4-cron-registry",
   "unpushed": 1,
   "tip": "b7cc5c4d0b48dd870a4d5916ec24939a467b7619"
  },
  {
   "branch": "agent/governance-agent/a4-orphans",
   "unpushed": 1,
   "tip": "dfc6aa7f726f78dd09f32b5b1497a91859f8791b"
  },
  {
   "branch": "agent/governance-agent/bos-uri-fix",
   "unpushed": 12,
   "tip": "7c5b6203cb884d3533ad69d995d68a7ab699e1a5"
  },
  {
   "branch": "agent/governance-agent/brief-reverify",
   "unpushed": 1,
   "tip": "1767aca825411b165a69e02261dd9f11b971b9f6"
  },
  {
   "branch": "agent/governance-agent/claims-opbc",
   "unpushed": 2,
   "tip": "0034244a72e2f5b9ebfe08df20b3605935314fea"
  },
  {
   "branch": "agent/governance-agent/cockpit-ui-bump",
   "unpushed": 1,
   "tip": "59bbeb0bc47c25f8d756c39eef060662d1619989"
  },
  {
   "branch": "agent/governance-agent/docs-claims-activation-checklist",
   "unpushed": 1,
   "tip": "1355a25b23bc79b74ee8fc1afc952cec3c9c41b0"
  },
  {
   "branch": "agent/governance-agent/drift-status-contract",
   "unpushed": 1,
   "tip": "909f8e15f53efd57e56c6a5cb9243ef889785590"
  },
  {
   "branch": "agent/governance-agent/errk-gat012",
   "unpushed": 1,
   "tip": "34a6a72852b9b4ffd4f4dddce991cd2201915ed9"
  },
  {
   "branch": "agent/governance-agent/errk-recall-crd001",
   "unpushed": 2,
   "tip": "55003cb9d3fb7466142a9742ba51ed62978ebd25"
  },
  {
   "branch": "agent/governance-agent/errk-record-i4",
   "unpushed": 4,
   "tip": "1a6061f8e9a79dc774092791c951f84f94826300"
  },
  {
   "branch": "agent/governance-agent/freshness-token",
   "unpushed": 1,
   "tip": "a0ca9f700dae69364955ee331e9ff3ee46a3addd"
  },
  {
   "branch": "agent/governance-agent/h1-h3-gates",
   "unpushed": 1,
   "tip": "6f7e7efdabaf746643c3f70f30c33d08b2b6af3c"
  },
  {
   "branch": "agent/governance-agent/mcptool-drift-active-filter",
   "unpushed": 1,
   "tip": "557dc44ef86cf55ae274978a1ab82e46e868accb"
  },
  {
   "branch": "agent/governance-agent/north-star-ledger-truth-20260923",
   "unpushed": 1,
   "tip": "6d87a20e61c425065820da276e192f4239cd83db"
  },
  {
   "branch": "agent/governance-agent/north-star-recovery-20260923",
   "unpushed": 2,
   "tip": "f9d4858bd109c3a4c027340ef899f20de3411166"
  },
  {
   "branch": "agent/governance-agent/north-star-value-ledger-only-20260924",
   "unpushed": 1,
   "tip": "ccde08adb36f5cd7ebab2ef3e1ee926282eab5ca"
  },
  {
   "branch": "agent/governance-agent/omlxc-fix",
   "unpushed": 13,
   "tip": "9219e5290f6ca33f9a615fcd470e1a204e2137bf"
  },
  {
   "branch": "agent/governance-agent/pitfall-i2",
   "unpushed": 4,
   "tip": "721087a00bf4f66594efe320ebaa01e273b15501"
  },
  {
   "branch": "agent/governance-agent/pitfalls-distill",
   "unpushed": 1,
   "tip": "1880b8b3b2077dab5071b5b61d261b37d2fff86b"
  },
  {
   "branch": "agent/governance-agent/retro-remediation-f1-f4",
   "unpushed": 4,
   "tip": "1dbe8a8aed853f22df25ecbc35e5bc7b3f044c03"
  },
  {
   "branch": "agent/governance-agent/root-test-debt-closeout",
   "unpushed": 9,
   "tip": "9bbe1f7df1b970b3dc2951238f30c8b53b468799"
  },
  {
   "branch": "agent/governance-agent/t10-161-bootstrap",
   "unpushed": 1,
   "tip": "41752baff02482f18215ca98c6089bd41974b172"
  },
  {
   "branch": "agent/governance-agent/t401-closeout",
   "unpushed": 6,
   "tip": "a7fe65136f0b6f19e6f435b87ff3d33e66e619b8"
  },
  {
   "branch": "agent/governance-agent/value-proven-followup",
   "unpushed": 1,
   "tip": "e6e50a3350598603ee173c5aaea05460188120b9"
  },
  {
   "branch": "agent/governance-agent/value-v2-bridge",
   "unpushed": 1,
   "tip": "467658d36a64b8139ffd06261de53d1a4d76330f"
  },
  {
   "branch": "agent/governance-agent/value-window-attest",
   "unpushed": 1,
   "tip": "34b7cde8dbb49b5815c5d130e56db752ecbe3da7"
  },
  {
   "branch": "agent/governance-agent/waiver-gat012",
   "unpushed": 1,
   "tip": "ac648dae45268ae23ff4577a0c13ce6e1507c726"
  },
  {
   "branch": "agent/governance-agent/waiver-reg-4295",
   "unpushed": 1,
   "tip": "9db5e997e03d70eed2f427932fcb7eb91d4613b0"
  },
  {
   "branch": "agent/governance-agent/waiver-rows-b4",
   "unpushed": 2,
   "tip": "97f7ec54da9376525125864742787d1a9e1d9b72"
  },
  {
   "branch": "chore/bet-track-fix-omlxc01",
   "unpushed": 1,
   "tip": "649c212e926cd31546028f853c475e30da99ac1c"
  },
  {
   "branch": "chore/main-repo-retros-ledger-specs",
   "unpushed": 3,
   "tip": "6235866ab29ce45d0c2bae60bced8024e9d0f458"
  },
  {
   "branch": "chore/waiver-h1h3-bind",
   "unpushed": 1,
   "tip": "6f7e7efdabaf746643c3f70f30c33d08b2b6af3c"
  },
  {
   "branch": "fix/mcptool-drift-cleanup",
   "unpushed": 13,
   "tip": "680e65a0a21ce7a5c1681d473fb44ca54a22434a"
  },
  {
   "branch": "work/bet-y2q2-t11-closeout",
   "unpushed": 1,
   "tip": "a8a2cc4894dd537d100f7b816fb54f8dedd89246"
  },
  {
   "branch": "work/gac-submodule-sync-integration",
   "unpushed": 6,
   "tip": "25c707429e96136543effd1e62e6c530bd2474e2"
  }
 ],
 "pinned": [],
 "already_pinned": 37,
 "truncated": []
}
{
 "ok": true,
 "base": "origin/main",
 "dry_run": false,
 "branches_with_unpushed": [
  {
   "branch": "agent/engineering-agent/omlxc-fabric-readiness",
   "unpushed": 2,
   "tip": "f0263d3baf011cbfedc878bc27c4aa7ec7e3af57"
  },
  {
   "branch": "agent/governance-agent/a4-cron-registry",
   "unpushed": 1,
   "tip": "b7cc5c4d0b48dd870a4d5916ec24939a467b7619"
  },
  {
   "branch": "agent/governance-agent/a4-orphans",
   "unpushed": 1,
   "tip": "dfc6aa7f726f78dd09f32b5b1497a91859f8791b"
  },
  {
   "branch": "agent/governance-agent/bos-uri-fix",
   "unpushed": 12,
   "tip": "7c5b6203cb884d3533ad69d995d68a7ab699e1a5"
  },
  {
   "branch": "agent/governance-agent/brief-reverify",
   "unpushed": 1,
   "tip": "1767aca825411b165a69e02261dd9f11b971b9f6"
  },
  {
   "branch": "agent/governance-agent/claims-opbc",
   "unpushed": 2,
   "tip": "0034244a72e2f5b9ebfe08df20b3605935314fea"
  },
  {
   "branch": "agent/governance-agent/cockpit-ui-bump",
   "unpushed": 1,
   "tip": "59bbeb0bc47c25f8d756c39eef060662d1619989"
  },
  {
   "branch": "agent/governance-agent/docs-claims-activation-checklist",
   "unpushed": 1,
   "tip": "1355a25b23bc79b74ee8fc1afc952cec3c9c41b0"
  },
  {
   "branch": "agent/governance-agent/drift-status-contract",
   "unpushed": 1,
   "tip": "909f8e15f53efd57e56c6a5cb9243ef889785590"
  },
  {
   "branch": "agent/governance-agent/errk-gat012",
   "unpushed": 1,
   "tip": "34a6a72852b9b4ffd4f4dddce991cd2201915ed9"
  },
  {
   "branch": "agent/governance-agent/errk-recall-crd001",
   "unpushed": 2,
   "tip": "55003cb9d3fb7466142a9742ba51ed62978ebd25"
  },
  {
   "branch": "agent/governance-agent/errk-record-i4",
   "unpushed": 4,
   "tip": "1a6061f8e9a79dc774092791c951f84f94826300"
  },
  {
   "branch": "agent/governance-agent/freshness-token",
   "unpushed": 1,
   "tip": "a0ca9f700dae69364955ee331e9ff3ee46a3addd"
  },
  {
   "branch": "agent/governance-agent/h1-h3-gates",
   "unpushed": 1,
   "tip": "6f7e7efdabaf746643c3f70f30c33d08b2b6af3c"
  },
  {
   "branch": "agent/governance-agent/mcptool-drift-active-filter",
   "unpushed": 1,
   "tip": "557dc44ef86cf55ae274978a1ab82e46e868accb"
  },
  {
   "branch": "agent/governance-agent/north-star-ledger-truth-20260923",
   "unpushed": 1,
   "tip": "6d87a20e61c425065820da276e192f4239cd83db"
  },
  {
   "branch": "agent/governance-agent/north-star-recovery-20260923",
   "unpushed": 2,
   "tip": "f9d4858bd109c3a4c027340ef899f20de3411166"
  },
  {
   "branch": "agent/governance-agent/north-star-value-ledger-only-20260924",
   "unpushed": 1,
   "tip": "ccde08adb36f5cd7ebab2ef3e1ee926282eab5ca"
  },
  {
   "branch": "agent/governance-agent/omlxc-fix",
   "unpushed": 13,
   "tip": "9219e5290f6ca33f9a615fcd470e1a204e2137bf"
  },
  {
   "branch": "agent/governance-agent/pitfall-i2",
   "unpushed": 4,
   "tip": "721087a00bf4f66594efe320ebaa01e273b15501"
  },
  {
   "branch": "agent/governance-agent/pitfalls-distill",
   "unpushed": 1,
   "tip": "1880b8b3b2077dab5071b5b61d261b37d2fff86b"
  },
  {
   "branch": "agent/governance-agent/retro-remediation-f1-f4",
   "unpushed": 4,
   "tip": "1dbe8a8aed853f22df25ecbc35e5bc7b3f044c03"
  },
  {
   "branch": "agent/governance-agent/root-test-debt-closeout",
   "unpushed": 9,
   "tip": "9bbe1f7df1b970b3dc2951238f30c8b53b468799"
  },
  {
   "branch": "agent/governance-agent/t10-161-bootstrap",
   "unpushed": 1,
   "tip": "41752baff02482f18215ca98c6089bd41974b172"
  },
  {
   "branch": "agent/governance-agent/t401-closeout",
   "unpushed": 6,
   "tip": "a7fe65136f0b6f19e6f435b87ff3d33e66e619b8"
  },
  {
   "branch": "agent/governance-agent/value-proven-followup",
   "unpushed": 1,
   "tip": "e6e50a3350598603ee173c5aaea05460188120b9"
  },
  {
   "branch": "agent/governance-agent/value-v2-bridge",
   "unpushed": 1,
   "tip": "467658d36a64b8139ffd06261de53d1a4d76330f"
  },
  {
   "branch": "agent/governance-agent/value-window-attest",
   "unpushed": 1,
   "tip": "34b7cde8dbb49b5815c5d130e56db752ecbe3da7"
  },
  {
   "branch": "agent/governance-agent/waiver-gat012",
   "unpushed": 1,
   "tip": "ac648dae45268ae23ff4577a0c13ce6e1507c726"
  },
  {
   "branch": "agent/governance-agent/waiver-reg-4295",
   "unpushed": 1,
   "tip": "9db5e997e03d70eed2f427932fcb7eb91d4613b0"
  },
  {
   "branch": "agent/governance-agent/waiver-rows-b4",
   "unpushed": 2,
   "tip": "97f7ec54da9376525125864742787d1a9e1d9b72"
  },
  {
   "branch": "chore/bet-track-fix-omlxc01",
   "unpushed": 1,
   "tip": "649c212e926cd31546028f853c475e30da99ac1c"
  },
  {
   "branch": "chore/main-repo-retros-ledger-specs",
   "unpushed": 3,
   "tip": "6235866ab29ce45d0c2bae60bced8024e9d0f458"
  },
  {
   "branch": "chore/waiver-h1h3-bind",
   "unpushed": 1,
   "tip": "6f7e7efdabaf746643c3f70f30c33d08b2b6af3c"
  },
  {
   "branch": "fix/mcptool-drift-cleanup",
   "unpushed": 13,
   "tip": "680e65a0a21ce7a5c1681d473fb44ca54a22434a"
  },
  {
   "branch": "work/bet-y2q2-t11-closeout",
   "unpushed": 1,
   "tip": "a8a2cc4894dd537d100f7b816fb54f8dedd89246"
  },
  {
   "branch": "work/gac-submodule-sync-integration",
   "unpushed": 6,
   "tip": "25c707429e96136543effd1e62e6c530bd2474e2"
  }
 ],
 "pinned": [],
 "already_pinned": 37,
 "truncated": []
}
{
 "ok": true,
 "base": "origin/main",
 "dry_run": false,
 "branches_with_unpushed": [
  {
   "branch": "agent/engineering-agent/omlxc-fabric-readiness",
   "unpushed": 2,
   "tip": "f0263d3baf011cbfedc878bc27c4aa7ec7e3af57"
  },
  {
   "branch": "agent/governance-agent/a4-cron-registry",
   "unpushed": 1,
   "tip": "b7cc5c4d0b48dd870a4d5916ec24939a467b7619"
  },
  {
   "branch": "agent/governance-agent/a4-orphans",
   "unpushed": 1,
   "tip": "dfc6aa7f726f78dd09f32b5b1497a91859f8791b"
  },
  {
   "branch": "agent/governance-agent/bos-uri-fix",
   "unpushed": 12,
   "tip": "7c5b6203cb884d3533ad69d995d68a7ab699e1a5"
  },
  {
   "branch": "agent/governance-agent/brief-reverify",
   "unpushed": 1,
   "tip": "1767aca825411b165a69e02261dd9f11b971b9f6"
  },
  {
   "branch": "agent/governance-agent/claims-opbc",
   "unpushed": 2,
   "tip": "0034244a72e2f5b9ebfe08df20b3605935314fea"
  },
  {
   "branch": "agent/governance-agent/cockpit-ui-bump",
   "unpushed": 1,
   "tip": "59bbeb0bc47c25f8d756c39eef060662d1619989"
  },
  {
   "branch": "agent/governance-agent/docs-claims-activation-checklist",
   "unpushed": 1,
   "tip": "1355a25b23bc79b74ee8fc1afc952cec3c9c41b0"
  },
  {
   "branch": "agent/governance-agent/drift-status-contract",
   "unpushed": 1,
   "tip": "909f8e15f53efd57e56c6a5cb9243ef889785590"
  },
  {
   "branch": "agent/governance-agent/errk-gat012",
   "unpushed": 1,
   "tip": "34a6a72852b9b4ffd4f4dddce991cd2201915ed9"
  },
  {
   "branch": "agent/governance-agent/errk-recall-crd001",
   "unpushed": 2,
   "tip": "55003cb9d3fb7466142a9742ba51ed62978ebd25"
  },
  {
   "branch": "agent/governance-agent/errk-record-i4",
   "unpushed": 4,
   "tip": "1a6061f8e9a79dc774092791c951f84f94826300"
  },
  {
   "branch": "agent/governance-agent/freshness-token",
   "unpushed": 1,
   "tip": "a0ca9f700dae69364955ee331e9ff3ee46a3addd"
  },
  {
   "branch": "agent/governance-agent/h1-h3-gates",
   "unpushed": 1,
   "tip": "6f7e7efdabaf746643c3f70f30c33d08b2b6af3c"
  },
  {
   "branch": "agent/governance-agent/mcptool-drift-active-filter",
   "unpushed": 1,
   "tip": "557dc44ef86cf55ae274978a1ab82e46e868accb"
  },
  {
   "branch": "agent/governance-agent/north-star-ledger-truth-20260923",
   "unpushed": 1,
   "tip": "6d87a20e61c425065820da276e192f4239cd83db"
  },
  {
   "branch": "agent/governance-agent/north-star-recovery-20260923",
   "unpushed": 2,
   "tip": "f9d4858bd109c3a4c027340ef899f20de3411166"
  },
  {
   "branch": "agent/governance-agent/north-star-value-ledger-only-20260924",
   "unpushed": 1,
   "tip": "ccde08adb36f5cd7ebab2ef3e1ee926282eab5ca"
  },
  {
   "branch": "agent/governance-agent/omlxc-fix",
   "unpushed": 13,
   "tip": "9219e5290f6ca33f9a615fcd470e1a204e2137bf"
  },
  {
   "branch": "agent/governance-agent/pitfall-i2",
   "unpushed": 4,
   "tip": "721087a00bf4f66594efe320ebaa01e273b15501"
  },
  {
   "branch": "agent/governance-agent/pitfalls-distill",
   "unpushed": 1,
   "tip": "1880b8b3b2077dab5071b5b61d261b37d2fff86b"
  },
  {
   "branch": "agent/governance-agent/retro-remediation-f1-f4",
   "unpushed": 4,
   "tip": "1dbe8a8aed853f22df25ecbc35e5bc7b3f044c03"
  },
  {
   "branch": "agent/governance-agent/root-test-debt-closeout",
   "unpushed": 9,
   "tip": "9bbe1f7df1b970b3dc2951238f30c8b53b468799"
  },
  {
   "branch": "agent/governance-agent/t10-161-bootstrap",
   "unpushed": 1,
   "tip": "41752baff02482f18215ca98c6089bd41974b172"
  },
  {
   "branch": "agent/governance-agent/t401-closeout",
   "unpushed": 6,
   "tip": "a7fe65136f0b6f19e6f435b87ff3d33e66e619b8"
  },
  {
   "branch": "agent/governance-agent/value-proven-followup",
   "unpushed": 1,
   "tip": "e6e50a3350598603ee173c5aaea05460188120b9"
  },
  {
   "branch": "agent/governance-agent/value-v2-bridge",
   "unpushed": 1,
   "tip": "467658d36a64b8139ffd06261de53d1a4d76330f"
  },
  {
   "branch": "agent/governance-agent/value-window-attest",
   "unpushed": 1,
   "tip": "34b7cde8dbb49b5815c5d130e56db752ecbe3da7"
  },
  {
   "branch": "agent/governance-agent/waiver-gat012",
   "unpushed": 1,
   "tip": "ac648dae45268ae23ff4577a0c13ce6e1507c726"
  },
  {
   "branch": "agent/governance-agent/waiver-reg-4295",
   "unpushed": 1,
   "tip": "9db5e997e03d70eed2f427932fcb7eb91d4613b0"
  },
  {
   "branch": "agent/governance-agent/waiver-rows-b4",
   "unpushed": 2,
   "tip": "97f7ec54da9376525125864742787d1a9e1d9b72"
  },
  {
   "branch": "chore/bet-track-fix-omlxc01",
   "unpushed": 1,
   "tip": "649c212e926cd31546028f853c475e30da99ac1c"
  },
  {
   "branch": "chore/main-repo-retros-ledger-specs",
   "unpushed": 3,
   "tip": "6235866ab29ce45d0c2bae60bced8024e9d0f458"
  },
  {
   "branch": "chore/waiver-h1h3-bind",
   "unpushed": 1,
   "tip": "6f7e7efdabaf746643c3f70f30c33d08b2b6af3c"
  },
  {
   "branch": "fix/mcptool-drift-cleanup",
   "unpushed": 13,
   "tip": "680e65a0a21ce7a5c1681d473fb44ca54a22434a"
  },
  {
   "branch": "work/bet-y2q2-t11-closeout",
   "unpushed": 1,
   "tip": "a8a2cc4894dd537d100f7b816fb54f8dedd89246"
  },
  {
   "branch": "work/gac-submodule-sync-integration",
   "unpushed": 6,
   "tip": "25c707429e96136543effd1e62e6c530bd2474e2"
  }
 ],
 "pinned": [],
 "already_pinned": 37,
 "truncated": []
}
{
 "ok": true,
 "base": "origin/main",
 "dry_run": false,
 "branches_with_unpushed": [
  {
   "branch": "agent/engineering-agent/omlxc-fabric-readiness",
   "unpushed": 2,
   "tip": "f0263d3baf011cbfedc878bc27c4aa7ec7e3af57"
  },
  {
   "branch": "agent/governance-agent/a4-cron-registry",
   "unpushed": 1,
   "tip": "b7cc5c4d0b48dd870a4d5916ec24939a467b7619"
  },
  {
   "branch": "agent/governance-agent/a4-orphans",
   "unpushed": 1,
   "tip": "dfc6aa7f726f78dd09f32b5b1497a91859f8791b"
  },
  {
   "branch": "agent/governance-agent/bos-uri-fix",
   "unpushed": 12,
   "tip": "7c5b6203cb884d3533ad69d995d68a7ab699e1a5"
  },
  {
   "branch": "agent/governance-agent/brief-reverify",
   "unpushed": 1,
   "tip": "1767aca825411b165a69e02261dd9f11b971b9f6"
  },
  {
   "branch": "agent/governance-agent/claims-opbc",
   "unpushed": 2,
   "tip": "0034244a72e2f5b9ebfe08df20b3605935314fea"
  },
  {
   "branch": "agent/governance-agent/cockpit-ui-bump",
   "unpushed": 1,
   "tip": "59bbeb0bc47c25f8d756c39eef060662d1619989"
  },
  {
   "branch": "agent/governance-agent/docs-claims-activation-checklist",
   "unpushed": 1,
   "tip": "1355a25b23bc79b74ee8fc1afc952cec3c9c41b0"
  },
  {
   "branch": "agent/governance-agent/drift-status-contract",
   "unpushed": 1,
   "tip": "909f8e15f53efd57e56c6a5cb9243ef889785590"
  },
  {
   "branch": "agent/governance-agent/errk-gat012",
   "unpushed": 1,
   "tip": "34a6a72852b9b4ffd4f4dddce991cd2201915ed9"
  },
  {
   "branch": "agent/governance-agent/errk-recall-crd001",
   "unpushed": 2,
   "tip": "55003cb9d3fb7466142a9742ba51ed62978ebd25"
  },
  {
   "branch": "agent/governance-agent/errk-record-i4",
   "unpushed": 4,
   "tip": "1a6061f8e9a79dc774092791c951f84f94826300"
  },
  {
   "branch": "agent/governance-agent/freshness-token",
   "unpushed": 1,
   "tip": "a0ca9f700dae69364955ee331e9ff3ee46a3addd"
  },
  {
   "branch": "agent/governance-agent/h1-h3-gates",
   "unpushed": 1,
   "tip": "6f7e7efdabaf746643c3f70f30c33d08b2b6af3c"
  },
  {
   "branch": "agent/governance-agent/mcptool-drift-active-filter",
   "unpushed": 1,
   "tip": "557dc44ef86cf55ae274978a1ab82e46e868accb"
  },
  {
   "branch": "agent/governance-agent/north-star-ledger-truth-20260923",
   "unpushed": 1,
   "tip": "6d87a20e61c425065820da276e192f4239cd83db"
  },
  {
   "branch": "agent/governance-agent/north-star-recovery-20260923",
   "unpushed": 2,
   "tip": "f9d4858bd109c3a4c027340ef899f20de3411166"
  },
  {
   "branch": "agent/governance-agent/north-star-value-ledger-only-20260924",
   "unpushed": 1,
   "tip": "ccde08adb36f5cd7ebab2ef3e1ee926282eab5ca"
  },
  {
   "branch": "agent/governance-agent/omlxc-fix",
   "unpushed": 13,
   "tip": "9219e5290f6ca33f9a615fcd470e1a204e2137bf"
  },
  {
   "branch": "agent/governance-agent/pitfall-i2",
   "unpushed": 4,
   "tip": "721087a00bf4f66594efe320ebaa01e273b15501"
  },
  {
   "branch": "agent/governance-agent/pitfalls-distill",
   "unpushed": 1,
   "tip": "1880b8b3b2077dab5071b5b61d261b37d2fff86b"
  },
  {
   "branch": "agent/governance-agent/retro-remediation-f1-f4",
   "unpushed": 4,
   "tip": "1dbe8a8aed853f22df25ecbc35e5bc7b3f044c03"
  },
  {
   "branch": "agent/governance-agent/root-test-debt-closeout",
   "unpushed": 9,
   "tip": "9bbe1f7df1b970b3dc2951238f30c8b53b468799"
  },
  {
   "branch": "agent/governance-agent/t10-161-bootstrap",
   "unpushed": 1,
   "tip": "41752baff02482f18215ca98c6089bd41974b172"
  },
  {
   "branch": "agent/governance-agent/t401-closeout",
   "unpushed": 6,
   "tip": "a7fe65136f0b6f19e6f435b87ff3d33e66e619b8"
  },
  {
   "branch": "agent/governance-agent/value-proven-followup",
   "unpushed": 1,
   "tip": "e6e50a3350598603ee173c5aaea05460188120b9"
  },
  {
   "branch": "agent/governance-agent/value-v2-bridge",
   "unpushed": 1,
   "tip": "467658d36a64b8139ffd06261de53d1a4d76330f"
  },
  {
   "branch": "agent/governance-agent/value-window-attest",
   "unpushed": 1,
   "tip": "34b7cde8dbb49b5815c5d130e56db752ecbe3da7"
  },
  {
   "branch": "agent/governance-agent/waiver-gat012",
   "unpushed": 1,
   "tip": "ac648dae45268ae23ff4577a0c13ce6e1507c726"
  },
  {
   "branch": "agent/governance-agent/waiver-reg-4295",
   "unpushed": 1,
   "tip": "9db5e997e03d70eed2f427932fcb7eb91d4613b0"
  },
  {
   "branch": "agent/governance-agent/waiver-rows-b4",
   "unpushed": 2,
   "tip": "97f7ec54da9376525125864742787d1a9e1d9b72"
  },
  {
   "branch": "chore/bet-track-fix-omlxc01",
   "unpushed": 1,
   "tip": "649c212e926cd31546028f853c475e30da99ac1c"
  },
  {
   "branch": "chore/main-repo-retros-ledger-specs",
   "unpushed": 3,
   "tip": "6235866ab29ce45d0c2bae60bced8024e9d0f458"
  },
  {
   "branch": "chore/waiver-h1h3-bind",
   "unpushed": 1,
   "tip": "6f7e7efdabaf746643c3f70f30c33d08b2b6af3c"
  },
  {
   "branch": "fix/mcptool-drift-cleanup",
   "unpushed": 13,
   "tip": "680e65a0a21ce7a5c1681d473fb44ca54a22434a"
  },
  {
   "branch": "work/bet-y2q2-t11-closeout",
   "unpushed": 1,
   "tip": "a8a2cc4894dd537d100f7b816fb54f8dedd89246"
  },
  {
   "branch": "work/gac-submodule-sync-integration",
   "unpushed": 6,
   "tip": "25c707429e96136543effd1e62e6c530bd2474e2"
  }
 ],
 "pinned": [],
 "already_pinned": 37,
 "truncated": []
}
{
 "ok": true,
 "base": "origin/main",
 "dry_run": false,
 "branches_with_unpushed": [
  {
   "branch": "agent/engineering-agent/omlxc-fabric-readiness",
   "unpushed": 2,
   "tip": "f0263d3baf011cbfedc878bc27c4aa7ec7e3af57"
  },
  {
   "branch": "agent/governance-agent/a4-cron-registry",
   "unpushed": 1,
   "tip": "b7cc5c4d0b48dd870a4d5916ec24939a467b7619"
  },
  {
   "branch": "agent/governance-agent/a4-orphans",
   "unpushed": 1,
   "tip": "dfc6aa7f726f78dd09f32b5b1497a91859f8791b"
  },
  {
   "branch": "agent/governance-agent/bos-uri-fix",
   "unpushed": 12,
   "tip": "7c5b6203cb884d3533ad69d995d68a7ab699e1a5"
  },
  {
   "branch": "agent/governance-agent/brief-reverify",
   "unpushed": 1,
   "tip": "1767aca825411b165a69e02261dd9f11b971b9f6"
  },
  {
   "branch": "agent/governance-agent/claims-opbc",
   "unpushed": 2,
   "tip": "0034244a72e2f5b9ebfe08df20b3605935314fea"
  },
  {
   "branch": "agent/governance-agent/cockpit-ui-bump",
   "unpushed": 1,
   "tip": "59bbeb0bc47c25f8d756c39eef060662d1619989"
  },
  {
   "branch": "agent/governance-agent/docs-claims-activation-checklist",
   "unpushed": 1,
   "tip": "1355a25b23bc79b74ee8fc1afc952cec3c9c41b0"
  },
  {
   "branch": "agent/governance-agent/drift-status-contract",
   "unpushed": 1,
   "tip": "909f8e15f53efd57e56c6a5cb9243ef889785590"
  },
  {
   "branch": "agent/governance-agent/errk-gat012",
   "unpushed": 1,
   "tip": "34a6a72852b9b4ffd4f4dddce991cd2201915ed9"
  },
  {
   "branch": "agent/governance-agent/errk-recall-crd001",
   "unpushed": 2,
   "tip": "55003cb9d3fb7466142a9742ba51ed62978ebd25"
  },
  {
   "branch": "agent/governance-agent/errk-record-i4",
   "unpushed": 4,
   "tip": "1a6061f8e9a79dc774092791c951f84f94826300"
  },
  {
   "branch": "agent/governance-agent/freshness-token",
   "unpushed": 1,
   "tip": "a0ca9f700dae69364955ee331e9ff3ee46a3addd"
  },
  {
   "branch": "agent/governance-agent/h1-h3-gates",
   "unpushed": 1,
   "tip": "6f7e7efdabaf746643c3f70f30c33d08b2b6af3c"
  },
  {
   "branch": "agent/governance-agent/mcptool-drift-active-filter",
   "unpushed": 1,
   "tip": "557dc44ef86cf55ae274978a1ab82e46e868accb"
  },
  {
   "branch": "agent/governance-agent/north-star-ledger-truth-20260923",
   "unpushed": 1,
   "tip": "6d87a20e61c425065820da276e192f4239cd83db"
  },
  {
   "branch": "agent/governance-agent/north-star-recovery-20260923",
   "unpushed": 2,
   "tip": "f9d4858bd109c3a4c027340ef899f20de3411166"
  },
  {
   "branch": "agent/governance-agent/north-star-value-ledger-only-20260924",
   "unpushed": 1,
   "tip": "ccde08adb36f5cd7ebab2ef3e1ee926282eab5ca"
  },
  {
   "branch": "agent/governance-agent/omlxc-fix",
   "unpushed": 13,
   "tip": "9219e5290f6ca33f9a615fcd470e1a204e2137bf"
  },
  {
   "branch": "agent/governance-agent/pitfall-i2",
   "unpushed": 4,
   "tip": "721087a00bf4f66594efe320ebaa01e273b15501"
  },
  {
   "branch": "agent/governance-agent/pitfalls-distill",
   "unpushed": 1,
   "tip": "1880b8b3b2077dab5071b5b61d261b37d2fff86b"
  },
  {
   "branch": "agent/governance-agent/retro-remediation-f1-f4",
   "unpushed": 4,
   "tip": "1dbe8a8aed853f22df25ecbc35e5bc7b3f044c03"
  },
  {
   "branch": "agent/governance-agent/root-test-debt-closeout",
   "unpushed": 9,
   "tip": "9bbe1f7df1b970b3dc2951238f30c8b53b468799"
  },
  {
   "branch": "agent/governance-agent/t10-161-bootstrap",
   "unpushed": 1,
   "tip": "41752baff02482f18215ca98c6089bd41974b172"
  },
  {
   "branch": "agent/governance-agent/t401-closeout",
   "unpushed": 6,
   "tip": "a7fe65136f0b6f19e6f435b87ff3d33e66e619b8"
  },
  {
   "branch": "agent/governance-agent/value-proven-followup",
   "unpushed": 1,
   "tip": "e6e50a3350598603ee173c5aaea05460188120b9"
  },
  {
   "branch": "agent/governance-agent/value-v2-bridge",
   "unpushed": 1,
   "tip": "467658d36a64b8139ffd06261de53d1a4d76330f"
  },
  {
   "branch": "agent/governance-agent/value-window-attest",
   "unpushed": 1,
   "tip": "34b7cde8dbb49b5815c5d130e56db752ecbe3da7"
  },
  {
   "branch": "agent/governance-agent/waiver-gat012",
   "unpushed": 1,
   "tip": "ac648dae45268ae23ff4577a0c13ce6e1507c726"
  },
  {
   "branch": "agent/governance-agent/waiver-reg-4295",
   "unpushed": 1,
   "tip": "9db5e997e03d70eed2f427932fcb7eb91d4613b0"
  },
  {
   "branch": "agent/governance-agent/waiver-rows-b4",
   "unpushed": 2,
   "tip": "97f7ec54da9376525125864742787d1a9e1d9b72"
  },
  {
   "branch": "chore/bet-track-fix-omlxc01",
   "unpushed": 1,
   "tip": "649c212e926cd31546028f853c475e30da99ac1c"
  },
  {
   "branch": "chore/main-repo-retros-ledger-specs",
   "unpushed": 3,
   "tip": "6235866ab29ce45d0c2bae60bced8024e9d0f458"
  },
  {
   "branch": "chore/waiver-h1h3-bind",
   "unpushed": 1,
   "tip": "6f7e7efdabaf746643c3f70f30c33d08b2b6af3c"
  },
  {
   "branch": "fix/mcptool-drift-cleanup",
   "unpushed": 13,
   "tip": "680e65a0a21ce7a5c1681d473fb44ca54a22434a"
  },
  {
   "branch": "work/bet-y2q2-t11-closeout",
   "unpushed": 1,
   "tip": "a8a2cc4894dd537d100f7b816fb54f8dedd89246"
  },
  {
   "branch": "work/gac-submodule-sync-integration",
   "unpushed": 6,
   "tip": "25c707429e96136543effd1e62e6c530bd2474e2"
  }
 ],
 "pinned": [],
 "already_pinned": 37,
 "truncated": []
}
{
 "ok": true,
 "base": "origin/main",
 "dry_run": false,
 "branches_with_unpushed": [
  {
   "branch": "agent/engineering-agent/omlxc-fabric-readiness",
   "unpushed": 2,
   "tip": "f0263d3baf011cbfedc878bc27c4aa7ec7e3af57"
  },
  {
   "branch": "agent/governance-agent/a4-cron-registry",
   "unpushed": 1,
   "tip": "b7cc5c4d0b48dd870a4d5916ec24939a467b7619"
  },
  {
   "branch": "agent/governance-agent/a4-orphans",
   "unpushed": 1,
   "tip": "dfc6aa7f726f78dd09f32b5b1497a91859f8791b"
  },
  {
   "branch": "agent/governance-agent/bos-uri-fix",
   "unpushed": 12,
   "tip": "7c5b6203cb884d3533ad69d995d68a7ab699e1a5"
  },
  {
   "branch": "agent/governance-agent/brief-reverify",
   "unpushed": 1,
   "tip": "1767aca825411b165a69e02261dd9f11b971b9f6"
  },
  {
   "branch": "agent/governance-agent/claims-opbc",
   "unpushed": 2,
   "tip": "0034244a72e2f5b9ebfe08df20b3605935314fea"
  },
  {
   "branch": "agent/governance-agent/cockpit-ui-bump",
   "unpushed": 1,
   "tip": "59bbeb0bc47c25f8d756c39eef060662d1619989"
  },
  {
   "branch": "agent/governance-agent/docs-claims-activation-checklist",
   "unpushed": 1,
   "tip": "1355a25b23bc79b74ee8fc1afc952cec3c9c41b0"
  },
  {
   "branch": "agent/governance-agent/drift-status-contract",
   "unpushed": 1,
   "tip": "909f8e15f53efd57e56c6a5cb9243ef889785590"
  },
  {
   "branch": "agent/governance-agent/errk-gat012",
   "unpushed": 1,
   "tip": "34a6a72852b9b4ffd4f4dddce991cd2201915ed9"
  },
  {
   "branch": "agent/governance-agent/errk-recall-crd001",
   "unpushed": 2,
   "tip": "55003cb9d3fb7466142a9742ba51ed62978ebd25"
  },
  {
   "branch": "agent/governance-agent/errk-record-i4",
   "unpushed": 4,
   "tip": "1a6061f8e9a79dc774092791c951f84f94826300"
  },
  {
   "branch": "agent/governance-agent/freshness-token",
   "unpushed": 1,
   "tip": "a0ca9f700dae69364955ee331e9ff3ee46a3addd"
  },
  {
   "branch": "agent/governance-agent/h1-h3-gates",
   "unpushed": 1,
   "tip": "6f7e7efdabaf746643c3f70f30c33d08b2b6af3c"
  },
  {
   "branch": "agent/governance-agent/mcptool-drift-active-filter",
   "unpushed": 1,
   "tip": "557dc44ef86cf55ae274978a1ab82e46e868accb"
  },
  {
   "branch": "agent/governance-agent/north-star-ledger-truth-20260923",
   "unpushed": 1,
   "tip": "6d87a20e61c425065820da276e192f4239cd83db"
  },
  {
   "branch": "agent/governance-agent/north-star-recovery-20260923",
   "unpushed": 2,
   "tip": "f9d4858bd109c3a4c027340ef899f20de3411166"
  },
  {
   "branch": "agent/governance-agent/north-star-value-ledger-only-20260924",
   "unpushed": 1,
   "tip": "ccde08adb36f5cd7ebab2ef3e1ee926282eab5ca"
  },
  {
   "branch": "agent/governance-agent/omlxc-fix",
   "unpushed": 13,
   "tip": "9219e5290f6ca33f9a615fcd470e1a204e2137bf"
  },
  {
   "branch": "agent/governance-agent/pitfall-i2",
   "unpushed": 4,
   "tip": "721087a00bf4f66594efe320ebaa01e273b15501"
  },
  {
   "branch": "agent/governance-agent/pitfalls-distill",
   "unpushed": 1,
   "tip": "1880b8b3b2077dab5071b5b61d261b37d2fff86b"
  },
  {
   "branch": "agent/governance-agent/retro-remediation-f1-f4",
   "unpushed": 4,
   "tip": "1dbe8a8aed853f22df25ecbc35e5bc7b3f044c03"
  },
  {
   "branch": "agent/governance-agent/root-test-debt-closeout",
   "unpushed": 9,
   "tip": "9bbe1f7df1b970b3dc2951238f30c8b53b468799"
  },
  {
   "branch": "agent/governance-agent/t10-161-bootstrap",
   "unpushed": 1,
   "tip": "41752baff02482f18215ca98c6089bd41974b172"
  },
  {
   "branch": "agent/governance-agent/t401-closeout",
   "unpushed": 6,
   "tip": "a7fe65136f0b6f19e6f435b87ff3d33e66e619b8"
  },
  {
   "branch": "agent/governance-agent/value-proven-followup",
   "unpushed": 1,
   "tip": "e6e50a3350598603ee173c5aaea05460188120b9"
  },
  {
   "branch": "agent/governance-agent/value-v2-bridge",
   "unpushed": 1,
   "tip": "467658d36a64b8139ffd06261de53d1a4d76330f"
  },
  {
   "branch": "agent/governance-agent/value-window-attest",
   "unpushed": 1,
   "tip": "34b7cde8dbb49b5815c5d130e56db752ecbe3da7"
  },
  {
   "branch": "agent/governance-agent/waiver-gat012",
   "unpushed": 1,
   "tip": "ac648dae45268ae23ff4577a0c13ce6e1507c726"
  },
  {
   "branch": "agent/governance-agent/waiver-reg-4295",
   "unpushed": 1,
   "tip": "9db5e997e03d70eed2f427932fcb7eb91d4613b0"
  },
  {
   "branch": "agent/governance-agent/waiver-rows-b4",
   "unpushed": 2,
   "tip": "97f7ec54da9376525125864742787d1a9e1d9b72"
  },
  {
   "branch": "chore/main-repo-retros-ledger-specs",
   "unpushed": 3,
   "tip": "6235866ab29ce45d0c2bae60bced8024e9d0f458"
  },
  {
   "branch": "fix/mcptool-drift-cleanup",
   "unpushed": 13,
   "tip": "680e65a0a21ce7a5c1681d473fb44ca54a22434a"
  },
  {
   "branch": "work/bet-y2q2-t11-closeout",
   "unpushed": 1,
   "tip": "a8a2cc4894dd537d100f7b816fb54f8dedd89246"
  },
  {
   "branch": "work/gac-submodule-sync-integration",
   "unpushed": 6,
   "tip": "25c707429e96136543effd1e62e6c530bd2474e2"
  }
 ],
 "pinned": [],
 "already_pinned": 35,
 "truncated": []
}
{
 "ok": true,
 "base": "origin/main",
 "dry_run": false,
 "branches_with_unpushed": [
  {
   "branch": "agent/engineering-agent/omlxc-fabric-readiness",
   "unpushed": 2,
   "tip": "f0263d3baf011cbfedc878bc27c4aa7ec7e3af57"
  },
  {
   "branch": "agent/governance-agent/a4-cron-registry",
   "unpushed": 1,
   "tip": "b7cc5c4d0b48dd870a4d5916ec24939a467b7619"
  },
  {
   "branch": "agent/governance-agent/a4-orphans",
   "unpushed": 1,
   "tip": "dfc6aa7f726f78dd09f32b5b1497a91859f8791b"
  },
  {
   "branch": "agent/governance-agent/bos-uri-fix",
   "unpushed": 12,
   "tip": "7c5b6203cb884d3533ad69d995d68a7ab699e1a5"
  },
  {
   "branch": "agent/governance-agent/brief-reverify",
   "unpushed": 1,
   "tip": "1767aca825411b165a69e02261dd9f11b971b9f6"
  },
  {
   "branch": "agent/governance-agent/claims-opbc",
   "unpushed": 2,
   "tip": "0034244a72e2f5b9ebfe08df20b3605935314fea"
  },
  {
   "branch": "agent/governance-agent/cockpit-ui-bump",
   "unpushed": 1,
   "tip": "59bbeb0bc47c25f8d756c39eef060662d1619989"
  },
  {
   "branch": "agent/governance-agent/docs-claims-activation-checklist",
   "unpushed": 1,
   "tip": "1355a25b23bc79b74ee8fc1afc952cec3c9c41b0"
  },
  {
   "branch": "agent/governance-agent/drift-status-contract",
   "unpushed": 1,
   "tip": "909f8e15f53efd57e56c6a5cb9243ef889785590"
  },
  {
   "branch": "agent/governance-agent/ecos-ci-bump",
   "unpushed": 1,
   "tip": "71b38a705f56651cf190a1a72897373ca6a7a21c"
  },
  {
   "branch": "agent/governance-agent/errk-gat012",
   "unpushed": 1,
   "tip": "34a6a72852b9b4ffd4f4dddce991cd2201915ed9"
  },
  {
   "branch": "agent/governance-agent/errk-recall-crd001",
   "unpushed": 2,
   "tip": "55003cb9d3fb7466142a9742ba51ed62978ebd25"
  },
  {
   "branch": "agent/governance-agent/errk-record-i4",
   "unpushed": 4,
   "tip": "1a6061f8e9a79dc774092791c951f84f94826300"
  },
  {
   "branch": "agent/governance-agent/freshness-token",
   "unpushed": 1,
   "tip": "a0ca9f700dae69364955ee331e9ff3ee46a3addd"
  },
  {
   "branch": "agent/governance-agent/h1-h3-gates",
   "unpushed": 1,
   "tip": "6f7e7efdabaf746643c3f70f30c33d08b2b6af3c"
  },
  {
   "branch": "agent/governance-agent/mcptool-drift-active-filter",
   "unpushed": 1,
   "tip": "557dc44ef86cf55ae274978a1ab82e46e868accb"
  },
  {
   "branch": "agent/governance-agent/north-star-ledger-truth-20260923",
   "unpushed": 1,
   "tip": "6d87a20e61c425065820da276e192f4239cd83db"
  },
  {
   "branch": "agent/governance-agent/north-star-recovery-20260923",
   "unpushed": 2,
   "tip": "f9d4858bd109c3a4c027340ef899f20de3411166"
  },
  {
   "branch": "agent/governance-agent/north-star-value-ledger-only-20260924",
   "unpushed": 1,
   "tip": "ccde08adb36f5cd7ebab2ef3e1ee926282eab5ca"
  },
  {
   "branch": "agent/governance-agent/omlxc-fix",
   "unpushed": 13,
   "tip": "9219e5290f6ca33f9a615fcd470e1a204e2137bf"
  },
  {
   "branch": "agent/governance-agent/pitfall-i2",
   "unpushed": 4,
   "tip": "721087a00bf4f66594efe320ebaa01e273b15501"
  },
  {
   "branch": "agent/governance-agent/pitfalls-distill",
   "unpushed": 1,
   "tip": "1880b8b3b2077dab5071b5b61d261b37d2fff86b"
  },
  {
   "branch": "agent/governance-agent/retro-remediation-f1-f4",
   "unpushed": 4,
   "tip": "1dbe8a8aed853f22df25ecbc35e5bc7b3f044c03"
  },
  {
   "branch": "agent/governance-agent/root-test-debt-closeout",
   "unpushed": 9,
   "tip": "9bbe1f7df1b970b3dc2951238f30c8b53b468799"
  },
  {
   "branch": "agent/governance-agent/t10-161-bootstrap",
   "unpushed": 1,
   "tip": "41752baff02482f18215ca98c6089bd41974b172"
  },
  {
   "branch": "agent/governance-agent/t401-closeout",
   "unpushed": 6,
   "tip": "a7fe65136f0b6f19e6f435b87ff3d33e66e619b8"
  },
  {
   "branch": "agent/governance-agent/value-proven-followup",
   "unpushed": 1,
   "tip": "e6e50a3350598603ee173c5aaea05460188120b9"
  },
  {
   "branch": "agent/governance-agent/value-v2-bridge",
   "unpushed": 1,
   "tip": "467658d36a64b8139ffd06261de53d1a4d76330f"
  },
  {
   "branch": "agent/governance-agent/value-window-attest",
   "unpushed": 1,
   "tip": "34b7cde8dbb49b5815c5d130e56db752ecbe3da7"
  },
  {
   "branch": "agent/governance-agent/waiver-gat012",
   "unpushed": 1,
   "tip": "ac648dae45268ae23ff4577a0c13ce6e1507c726"
  },
  {
   "branch": "agent/governance-agent/waiver-reg-4295",
   "unpushed": 1,
   "tip": "9db5e997e03d70eed2f427932fcb7eb91d4613b0"
  },
  {
   "branch": "agent/governance-agent/waiver-rows-b4",
   "unpushed": 2,
   "tip": "97f7ec54da9376525125864742787d1a9e1d9b72"
  },
  {
   "branch": "chore/main-repo-retros-ledger-specs",
   "unpushed": 5,
   "tip": "63b8cf98e360c675d7e51df575fd26980a3b5419"
  },
  {
   "branch": "fix/mcptool-drift-cleanup",
   "unpushed": 13,
   "tip": "680e65a0a21ce7a5c1681d473fb44ca54a22434a"
  },
  {
   "branch": "work/bet-y2q2-t11-closeout",
   "unpushed": 1,
   "tip": "a8a2cc4894dd537d100f7b816fb54f8dedd89246"
  },
  {
   "branch": "work/gac-submodule-sync-integration",
   "unpushed": 6,
   "tip": "25c707429e96136543effd1e62e6c530bd2474e2"
  }
 ],
 "pinned": [
  {
   "ref": "refs/wip/chore_main-repo-retros-ledger-specs-63b8cf98e360",
   "sha": "63b8cf98e360c675d7e51df575fd26980a3b5419",
   "branch": "chore/main-repo-retros-ledger-specs",
   "unpushed": 5
  }
 ],
 "already_pinned": 35,
 "truncated": []
}
{
 "ok": true,
 "base": "origin/main",
 "dry_run": false,
 "branches_with_unpushed": [
  {
   "branch": "agent/engineering-agent/omlxc-fabric-readiness",
   "unpushed": 2,
   "tip": "f0263d3baf011cbfedc878bc27c4aa7ec7e3af57"
  },
  {
   "branch": "agent/governance-agent/a4-cron-registry",
   "unpushed": 1,
   "tip": "b7cc5c4d0b48dd870a4d5916ec24939a467b7619"
  },
  {
   "branch": "agent/governance-agent/a4-orphans",
   "unpushed": 1,
   "tip": "dfc6aa7f726f78dd09f32b5b1497a91859f8791b"
  },
  {
   "branch": "agent/governance-agent/bos-uri-fix",
   "unpushed": 12,
   "tip": "7c5b6203cb884d3533ad69d995d68a7ab699e1a5"
  },
  {
   "branch": "agent/governance-agent/brief-reverify",
   "unpushed": 1,
   "tip": "1767aca825411b165a69e02261dd9f11b971b9f6"
  },
  {
   "branch": "agent/governance-agent/claims-opbc",
   "unpushed": 2,
   "tip": "0034244a72e2f5b9ebfe08df20b3605935314fea"
  },
  {
   "branch": "agent/governance-agent/cockpit-ui-bump",
   "unpushed": 1,
   "tip": "59bbeb0bc47c25f8d756c39eef060662d1619989"
  },
  {
   "branch": "agent/governance-agent/diag-audit-20260924",
   "unpushed": 2,
   "tip": "b172b7f0475699be4b17377cc2f76d2b0ce971e0"
  },
  {
   "branch": "agent/governance-agent/docs-claims-activation-checklist",
   "unpushed": 1,
   "tip": "1355a25b23bc79b74ee8fc1afc952cec3c9c41b0"
  },
  {
   "branch": "agent/governance-agent/drift-status-contract",
   "unpushed": 1,
   "tip": "909f8e15f53efd57e56c6a5cb9243ef889785590"
  },
  {
   "branch": "agent/governance-agent/ecos-ci-bump",
   "unpushed": 1,
   "tip": "71b38a705f56651cf190a1a72897373ca6a7a21c"
  },
  {
   "branch": "agent/governance-agent/errk-gat012",
   "unpushed": 1,
   "tip": "34a6a72852b9b4ffd4f4dddce991cd2201915ed9"
  },
  {
   "branch": "agent/governance-agent/errk-recall-crd001",
   "unpushed": 2,
   "tip": "55003cb9d3fb7466142a9742ba51ed62978ebd25"
  },
  {
   "branch": "agent/governance-agent/errk-record-i4",
   "unpushed": 4,
   "tip": "1a6061f8e9a79dc774092791c951f84f94826300"
  },
  {
   "branch": "agent/governance-agent/freshness-token",
   "unpushed": 1,
   "tip": "a0ca9f700dae69364955ee331e9ff3ee46a3addd"
  },
  {
   "branch": "agent/governance-agent/h1-h3-gates",
   "unpushed": 1,
   "tip": "6f7e7efdabaf746643c3f70f30c33d08b2b6af3c"
  },
  {
   "branch": "agent/governance-agent/mcptool-drift-report-regen",
   "unpushed": 1,
   "tip": "e202b12b5306065904c7bde34c07ce2947e829f6"
  },
  {
   "branch": "agent/governance-agent/north-star-ledger-truth-20260923",
   "unpushed": 1,
   "tip": "6d87a20e61c425065820da276e192f4239cd83db"
  },
  {
   "branch": "agent/governance-agent/north-star-recovery-20260923",
   "unpushed": 2,
   "tip": "f9d4858bd109c3a4c027340ef899f20de3411166"
  },
  {
   "branch": "agent/governance-agent/north-star-value-ledger-only-20260924",
   "unpushed": 1,
   "tip": "ccde08adb36f5cd7ebab2ef3e1ee926282eab5ca"
  },
  {
   "branch": "agent/governance-agent/omlxc-fix",
   "unpushed": 13,
   "tip": "9219e5290f6ca33f9a615fcd470e1a204e2137bf"
  },
  {
   "branch": "agent/governance-agent/pitfall-i2",
   "unpushed": 4,
   "tip": "721087a00bf4f66594efe320ebaa01e273b15501"
  },
  {
   "branch": "agent/governance-agent/pitfalls-distill",
   "unpushed": 1,
   "tip": "1880b8b3b2077dab5071b5b61d261b37d2fff86b"
  },
  {
   "branch": "agent/governance-agent/resident-obs",
   "unpushed": 1,
   "tip": "87bcb4335c3c21d0ada85cb42b66402e60cdde19"
  },
  {
   "branch": "agent/governance-agent/retro-remediation-f1-f4",
   "unpushed": 4,
   "tip": "1dbe8a8aed853f22df25ecbc35e5bc7b3f044c03"
  },
  {
   "branch": "agent/governance-agent/root-test-debt-closeout",
   "unpushed": 9,
   "tip": "9bbe1f7df1b970b3dc2951238f30c8b53b468799"
  },
  {
   "branch": "agent/governance-agent/rule-drafts-durability",
   "unpushed": 3,
   "tip": "2440e65da2f971308f7b694ac7c2df53fadde280"
  },
  {
   "branch": "agent/governance-agent/t10-161-bootstrap",
   "unpushed": 1,
   "tip": "41752baff02482f18215ca98c6089bd41974b172"
  },
  {
   "branch": "agent/governance-agent/t401-closeout",
   "unpushed": 6,
   "tip": "a7fe65136f0b6f19e6f435b87ff3d33e66e619b8"
  },
  {
   "branch": "agent/governance-agent/value-proven-followup",
   "unpushed": 1,
   "tip": "e6e50a3350598603ee173c5aaea05460188120b9"
  },
  {
   "branch": "agent/governance-agent/value-v2-bridge",
   "unpushed": 1,
   "tip": "467658d36a64b8139ffd06261de53d1a4d76330f"
  },
  {
   "branch": "agent/governance-agent/value-window-attest",
   "unpushed": 1,
   "tip": "34b7cde8dbb49b5815c5d130e56db752ecbe3da7"
  },
  {
   "branch": "agent/governance-agent/waiver-gat012",
   "unpushed": 1,
   "tip": "ac648dae45268ae23ff4577a0c13ce6e1507c726"
  },
  {
   "branch": "agent/governance-agent/waiver-reg-4295",
   "unpushed": 1,
   "tip": "9db5e997e03d70eed2f427932fcb7eb91d4613b0"
  },
  {
   "branch": "agent/governance-agent/waiver-rows-b4",
   "unpushed": 2,
   "tip": "97f7ec54da9376525125864742787d1a9e1d9b72"
  },
  {
   "branch": "chore/main-repo-retros-ledger-specs",
   "unpushed": 6,
   "tip": "64dd89e3ef401b3ea81258ee6fb2d69176489573"
  },
  {
   "branch": "fix/mcptool-drift-cleanup",
   "unpushed": 13,
   "tip": "680e65a0a21ce7a5c1681d473fb44ca54a22434a"
  },
  {
   "branch": "work/bet-y2q2-t11-closeout",
   "unpushed": 1,
   "tip": "a8a2cc4894dd537d100f7b816fb54f8dedd89246"
  },
  {
   "branch": "work/gac-submodule-sync-integration",
   "unpushed": 6,
   "tip": "25c707429e96136543effd1e62e6c530bd2474e2"
  }
 ],
 "pinned": [
  {
   "ref": "refs/wip/agent_governance-agent_diag-audit-20260924-b172b7f04756",
   "sha": "b172b7f0475699be4b17377cc2f76d2b0ce971e0",
   "branch": "agent/governance-agent/diag-audit-20260924",
   "unpushed": 2
  },
  {
   "ref": "refs/wip/agent_governance-agent_mcptool-drift-report-regen-e202b12b5306",
   "sha": "e202b12b5306065904c7bde34c07ce2947e829f6",
   "branch": "agent/governance-agent/mcptool-drift-report-regen",
   "unpushed": 1
  },
  {
   "ref": "refs/wip/agent_governance-agent_resident-obs-87bcb4335c3c",
   "sha": "87bcb4335c3c21d0ada85cb42b66402e60cdde19",
   "branch": "agent/governance-agent/resident-obs",
   "unpushed": 1
  },
  {
   "ref": "refs/wip/agent_governance-agent_rule-drafts-durability-2440e65da2f9",
   "sha": "2440e65da2f971308f7b694ac7c2df53fadde280",
   "branch": "agent/governance-agent/rule-drafts-durability",
   "unpushed": 3
  }
 ],
 "already_pinned": 35,
 "truncated": []
}
